-- MySQL dump 10.13  Distrib 5.6.33-79.0, for solaris11 (i386)
--
-- Host: localhost    Database: cloudso1_atqc
-- ------------------------------------------------------
-- Server version	5.5.5-10.1.21-MariaDB

/*!40101 SET @OLD_CHARACTER_SET_CLIENT=@@CHARACTER_SET_CLIENT */;
/*!40101 SET @OLD_CHARACTER_SET_RESULTS=@@CHARACTER_SET_RESULTS */;
/*!40101 SET @OLD_COLLATION_CONNECTION=@@COLLATION_CONNECTION */;
/*!40101 SET NAMES utf8 */;
/*!40103 SET @OLD_TIME_ZONE=@@TIME_ZONE */;
/*!40103 SET TIME_ZONE='+00:00' */;
/*!40014 SET @OLD_UNIQUE_CHECKS=@@UNIQUE_CHECKS, UNIQUE_CHECKS=0 */;
/*!40014 SET @OLD_FOREIGN_KEY_CHECKS=@@FOREIGN_KEY_CHECKS, FOREIGN_KEY_CHECKS=0 */;
/*!40101 SET @OLD_SQL_MODE=@@SQL_MODE, SQL_MODE='NO_AUTO_VALUE_ON_ZERO' */;
/*!40111 SET @OLD_SQL_NOTES=@@SQL_NOTES, SQL_NOTES=0 */;

--
-- Current Database: `cloudso1_atqc`
--

CREATE DATABASE /*!32312 IF NOT EXISTS*/ `cloudso1_atqc` /*!40100 DEFAULT CHARACTER SET utf8 COLLATE utf8_unicode_ci */;

USE `cloudso1_atqc`;

--
-- Table structure for table `0_amortisation`
--

DROP TABLE IF EXISTS `0_amortisation`;
/*!40101 SET @saved_cs_client     = @@character_set_client */;
/*!40101 SET character_set_client = utf8 */;
CREATE TABLE `0_amortisation` (
  `amortisation_id` bigint(20) unsigned NOT NULL AUTO_INCREMENT,
  `asset_id` int(11) DEFAULT NULL,
  `amortisation_year` int(11) DEFAULT NULL,
  `asset_value` double DEFAULT NULL,
  `amount` double DEFAULT NULL,
  `posted` int(11) NOT NULL DEFAULT '0',
  `inactive` tinyint(4) NOT NULL DEFAULT '0',
  `details` text,
  PRIMARY KEY (`amortisation_id`),
  UNIQUE KEY `amortisation_id` (`amortisation_id`),
  KEY `0_amortisation_asset_id` (`asset_id`)
) ENGINE=InnoDB DEFAULT CHARSET=latin1;
/*!40101 SET character_set_client = @saved_cs_client */;

--
-- Dumping data for table `0_amortisation`
--

LOCK TABLES `0_amortisation` WRITE;
/*!40000 ALTER TABLE `0_amortisation` DISABLE KEYS */;
/*!40000 ALTER TABLE `0_amortisation` ENABLE KEYS */;
UNLOCK TABLES;

--
-- Table structure for table `0_areas`
--

DROP TABLE IF EXISTS `0_areas`;
/*!40101 SET @saved_cs_client     = @@character_set_client */;
/*!40101 SET character_set_client = utf8 */;
CREATE TABLE `0_areas` (
  `area_code` int(11) NOT NULL AUTO_INCREMENT,
  `description` varchar(60) COLLATE utf8_unicode_ci NOT NULL DEFAULT '',
  `inactive` tinyint(1) NOT NULL DEFAULT '0',
  PRIMARY KEY (`area_code`),
  UNIQUE KEY `description` (`description`)
) ENGINE=InnoDB DEFAULT CHARSET=utf8 COLLATE=utf8_unicode_ci;
/*!40101 SET character_set_client = @saved_cs_client */;

--
-- Dumping data for table `0_areas`
--

LOCK TABLES `0_areas` WRITE;
/*!40000 ALTER TABLE `0_areas` DISABLE KEYS */;
INSERT INTO `0_areas` VALUES (1,'Global',0);
/*!40000 ALTER TABLE `0_areas` ENABLE KEYS */;
UNLOCK TABLES;

--
-- Table structure for table `0_asset_types`
--

DROP TABLE IF EXISTS `0_asset_types`;
/*!40101 SET @saved_cs_client     = @@character_set_client */;
/*!40101 SET character_set_client = utf8 */;
CREATE TABLE `0_asset_types` (
  `asset_type_id` bigint(20) unsigned NOT NULL AUTO_INCREMENT,
  `asset_type_name` varchar(50) NOT NULL,
  `depreciation_type` int(11) NOT NULL DEFAULT '1',
  `depreciation_rate` double NOT NULL DEFAULT '10',
  `asset_account` varchar(15) DEFAULT NULL,
  `depreciation_account` varchar(15) DEFAULT NULL,
  `accumulated_account` varchar(15) DEFAULT NULL,
  `valuation_account` varchar(15) DEFAULT NULL,
  `disposal_account` varchar(15) DEFAULT NULL,
  `inactive` tinyint(4) NOT NULL DEFAULT '0',
  `details` text,
  PRIMARY KEY (`asset_type_id`),
  UNIQUE KEY `asset_type_id` (`asset_type_id`)
) ENGINE=InnoDB DEFAULT CHARSET=latin1;
/*!40101 SET character_set_client = @saved_cs_client */;

--
-- Dumping data for table `0_asset_types`
--

LOCK TABLES `0_asset_types` WRITE;
/*!40000 ALTER TABLE `0_asset_types` DISABLE KEYS */;
/*!40000 ALTER TABLE `0_asset_types` ENABLE KEYS */;
UNLOCK TABLES;

--
-- Table structure for table `0_asset_valuations`
--

DROP TABLE IF EXISTS `0_asset_valuations`;
/*!40101 SET @saved_cs_client     = @@character_set_client */;
/*!40101 SET character_set_client = utf8 */;
CREATE TABLE `0_asset_valuations` (
  `asset_valuation_id` bigint(20) unsigned NOT NULL AUTO_INCREMENT,
  `asset_id` int(11) DEFAULT NULL,
  `valuation_year` int(11) DEFAULT NULL,
  `asset_value` double NOT NULL DEFAULT '0',
  `value_change` double NOT NULL DEFAULT '0',
  `posted` int(11) NOT NULL DEFAULT '0',
  `inactive` tinyint(4) NOT NULL DEFAULT '0',
  `details` text,
  PRIMARY KEY (`asset_valuation_id`),
  UNIQUE KEY `asset_valuation_id` (`asset_valuation_id`),
  UNIQUE KEY `asset_id` (`asset_id`,`valuation_year`),
  KEY `0_asset_valuations_asset_id` (`asset_id`)
) ENGINE=InnoDB DEFAULT CHARSET=latin1;
/*!40101 SET character_set_client = @saved_cs_client */;

--
-- Dumping data for table `0_asset_valuations`
--

LOCK TABLES `0_asset_valuations` WRITE;
/*!40000 ALTER TABLE `0_asset_valuations` DISABLE KEYS */;
/*!40000 ALTER TABLE `0_asset_valuations` ENABLE KEYS */;
UNLOCK TABLES;

--
-- Table structure for table `0_assets`
--

DROP TABLE IF EXISTS `0_assets`;
/*!40101 SET @saved_cs_client     = @@character_set_client */;
/*!40101 SET character_set_client = utf8 */;
CREATE TABLE `0_assets` (
  `asset_id` bigint(20) unsigned NOT NULL AUTO_INCREMENT,
  `asset_type_id` int(11) DEFAULT NULL,
  `item_id` int(11) DEFAULT NULL,
  `asset_name` varchar(50) DEFAULT NULL,
  `asset_serial` varchar(50) DEFAULT NULL,
  `purchase_date` date NOT NULL,
  `purchase_value` double NOT NULL,
  `disposal_amount` double DEFAULT NULL,
  `disposal_date` date DEFAULT NULL,
  `disposal_posting` int(11) DEFAULT '0',
  `tag_number` varchar(50) DEFAULT NULL,
  `asset_location` varchar(50) DEFAULT NULL,
  `asset_condition` varchar(50) DEFAULT NULL,
  `asset_acquisition` varchar(50) DEFAULT NULL,
  `inactive` tinyint(4) NOT NULL DEFAULT '0',
  `details` text,
  PRIMARY KEY (`asset_id`),
  UNIQUE KEY `asset_id` (`asset_id`),
  KEY `0_assets_asset_type_id` (`asset_type_id`),
  KEY `0_assets_item_id` (`item_id`)
) ENGINE=InnoDB DEFAULT CHARSET=latin1;
/*!40101 SET character_set_client = @saved_cs_client */;

--
-- Dumping data for table `0_assets`
--

LOCK TABLES `0_assets` WRITE;
/*!40000 ALTER TABLE `0_assets` DISABLE KEYS */;
/*!40000 ALTER TABLE `0_assets` ENABLE KEYS */;
UNLOCK TABLES;

--
-- Table structure for table `0_attachments`
--

DROP TABLE IF EXISTS `0_attachments`;
/*!40101 SET @saved_cs_client     = @@character_set_client */;
/*!40101 SET character_set_client = utf8 */;
CREATE TABLE `0_attachments` (
  `id` int(11) unsigned NOT NULL AUTO_INCREMENT,
  `description` varchar(60) COLLATE utf8_unicode_ci NOT NULL DEFAULT '',
  `type_no` int(11) NOT NULL DEFAULT '0',
  `trans_no` int(11) NOT NULL DEFAULT '0',
  `unique_name` varchar(60) COLLATE utf8_unicode_ci NOT NULL DEFAULT '',
  `tran_date` date NOT NULL DEFAULT '0000-00-00',
  `filename` varchar(60) COLLATE utf8_unicode_ci NOT NULL DEFAULT '',
  `filesize` int(11) NOT NULL DEFAULT '0',
  `filetype` varchar(60) COLLATE utf8_unicode_ci NOT NULL DEFAULT '',
  PRIMARY KEY (`id`),
  KEY `type_no` (`type_no`,`trans_no`)
) ENGINE=InnoDB DEFAULT CHARSET=utf8 COLLATE=utf8_unicode_ci;
/*!40101 SET character_set_client = @saved_cs_client */;

--
-- Dumping data for table `0_attachments`
--

LOCK TABLES `0_attachments` WRITE;
/*!40000 ALTER TABLE `0_attachments` DISABLE KEYS */;
/*!40000 ALTER TABLE `0_attachments` ENABLE KEYS */;
UNLOCK TABLES;

--
-- Table structure for table `0_audit_trail`
--

DROP TABLE IF EXISTS `0_audit_trail`;
/*!40101 SET @saved_cs_client     = @@character_set_client */;
/*!40101 SET character_set_client = utf8 */;
CREATE TABLE `0_audit_trail` (
  `id` int(11) NOT NULL AUTO_INCREMENT,
  `type` smallint(6) unsigned NOT NULL DEFAULT '0',
  `trans_no` int(11) unsigned NOT NULL DEFAULT '0',
  `user` smallint(6) unsigned NOT NULL DEFAULT '0',
  `stamp` timestamp NOT NULL DEFAULT CURRENT_TIMESTAMP ON UPDATE CURRENT_TIMESTAMP,
  `description` varchar(60) COLLATE utf8_unicode_ci DEFAULT NULL,
  `fiscal_year` int(11) NOT NULL DEFAULT '0',
  `gl_date` date NOT NULL DEFAULT '0000-00-00',
  `gl_seq` int(11) unsigned DEFAULT NULL,
  `opening` tinyint(4) DEFAULT NULL,
  PRIMARY KEY (`id`),
  KEY `Seq` (`fiscal_year`,`gl_date`,`gl_seq`),
  KEY `Type_and_Number` (`type`,`trans_no`)
) ENGINE=InnoDB DEFAULT CHARSET=utf8 COLLATE=utf8_unicode_ci;
/*!40101 SET character_set_client = @saved_cs_client */;

--
-- Dumping data for table `0_audit_trail`
--

LOCK TABLES `0_audit_trail` WRITE;
/*!40000 ALTER TABLE `0_audit_trail` DISABLE KEYS */;
INSERT INTO `0_audit_trail` VALUES (1,17,1,21,'2017-10-06 12:07:57','',3,'2017-10-06',0,NULL),(2,17,2,21,'2017-10-06 12:20:40','',3,'2017-10-06',0,NULL),(3,17,3,21,'2017-10-06 12:29:34','',3,'2017-10-06',0,NULL),(4,17,4,21,'2017-10-06 12:39:10','',3,'2017-10-06',0,NULL),(5,17,5,21,'2017-10-06 12:49:41','',3,'2017-10-06',0,NULL),(6,17,6,21,'2017-10-06 13:03:36','',3,'2017-10-06',0,NULL),(7,17,7,21,'2017-10-06 13:24:01','',3,'2017-10-06',0,NULL),(8,18,1,21,'2017-10-06 14:12:06','',3,'2017-10-05',0,NULL),(9,25,1,21,'2017-10-06 14:12:06','',3,'2017-10-05',0,NULL),(10,20,1,21,'2017-10-06 14:12:06','',3,'2017-10-05',0,NULL),(11,18,2,21,'2017-10-06 15:01:13','',3,'2017-10-06',NULL,NULL),(12,18,3,21,'2017-10-06 15:11:02','',3,'2017-10-06',NULL,NULL),(13,18,2,21,'2017-10-11 10:29:40','Updated.',3,'2017-10-06',NULL,NULL),(14,18,4,21,'2017-10-06 15:08:27','',3,'2017-10-06',0,NULL),(15,18,3,21,'2017-10-06 15:11:02','Updated.',3,'2017-10-06',0,NULL),(16,17,8,21,'2017-10-07 08:23:26','',3,'2017-10-07',0,NULL),(17,17,9,21,'2017-10-07 08:32:03','',3,'2017-10-07',0,NULL),(18,17,10,21,'2017-10-07 09:19:14','',3,'2017-10-07',0,NULL),(19,17,11,21,'2017-10-07 09:21:31','',3,'2017-10-07',0,NULL),(20,17,12,21,'2017-10-07 09:24:12','',3,'2017-10-07',0,NULL),(21,18,5,27,'2017-10-07 11:33:44','',3,'2017-10-07',NULL,NULL),(22,18,5,27,'2017-10-07 11:33:44','Updated.',3,'2017-10-07',0,NULL),(23,18,6,27,'2017-10-07 11:49:22','',3,'2017-10-07',NULL,NULL),(24,18,6,27,'2017-10-07 12:03:39','Updated.',3,'2017-10-07',NULL,NULL),(25,18,6,27,'2017-10-07 16:59:54','Updated.',3,'2017-10-07',NULL,NULL),(26,18,7,27,'2017-10-07 12:25:14','',3,'2017-10-05',0,NULL),(27,25,2,27,'2017-10-11 10:32:54','',3,'2017-10-05',NULL,NULL),(28,20,2,27,'2017-10-07 14:29:10','',3,'2017-10-05',NULL,NULL),(29,18,8,27,'2017-10-07 12:29:38','',3,'2017-10-05',0,NULL),(30,25,3,27,'2017-10-07 12:29:38','',3,'2017-10-05',0,NULL),(31,20,3,27,'2017-10-07 12:29:38','',3,'2017-10-05',0,NULL),(32,18,9,27,'2017-10-07 12:30:51','',3,'2017-10-05',0,NULL),(33,25,4,27,'2017-10-07 12:30:51','',3,'2017-10-05',0,NULL),(34,20,4,27,'2017-10-07 15:25:05','',3,'2017-10-05',NULL,NULL),(35,18,10,27,'2017-10-07 12:32:12','',3,'2017-10-05',0,NULL),(36,25,5,27,'2017-10-07 12:32:12','',3,'2017-10-05',0,NULL),(37,20,5,27,'2017-10-07 15:24:48','',3,'2017-10-05',NULL,NULL),(38,18,11,27,'2017-10-07 12:33:16','',3,'2017-10-05',0,NULL),(39,25,6,27,'2017-10-07 12:33:16','',3,'2017-10-05',0,NULL),(40,20,6,27,'2017-10-07 12:33:16','',3,'2017-10-05',0,NULL),(41,18,12,27,'2017-10-07 12:34:38','',3,'2017-10-05',0,NULL),(42,25,7,27,'2017-10-07 12:34:38','',3,'2017-10-05',0,NULL),(43,20,7,27,'2017-10-07 12:34:39','',3,'2017-10-05',0,NULL),(44,18,13,27,'2017-10-07 12:40:51','',3,'2017-10-05',0,NULL),(45,25,8,27,'2017-10-07 12:40:51','',3,'2017-10-05',0,NULL),(46,20,8,27,'2017-10-07 12:40:51','',3,'2017-10-05',0,NULL),(47,18,14,27,'2017-10-07 12:44:11','',3,'2017-10-05',0,NULL),(48,25,9,27,'2017-10-07 12:44:11','',3,'2017-10-05',0,NULL),(49,20,9,27,'2017-10-07 12:44:11','',3,'2017-10-05',0,NULL),(50,18,15,27,'2017-10-07 12:45:07','',3,'2017-10-05',0,NULL),(51,25,10,27,'2017-10-07 12:45:07','',3,'2017-10-05',0,NULL),(52,20,10,27,'2017-10-07 12:45:07','',3,'2017-10-05',0,NULL),(53,18,16,27,'2017-10-07 12:49:30','',3,'2017-10-05',0,NULL),(54,25,11,27,'2017-10-07 12:49:30','',3,'2017-10-05',0,NULL),(55,20,11,27,'2017-10-07 12:49:30','',3,'2017-10-05',0,NULL),(56,18,17,27,'2017-10-07 12:54:52','',3,'2017-10-05',0,NULL),(57,25,12,27,'2017-10-07 12:54:52','',3,'2017-10-05',0,NULL),(58,20,12,27,'2017-10-07 14:45:48','',3,'2017-10-05',NULL,NULL),(59,18,18,27,'2017-10-07 13:52:52','',3,'2017-10-06',0,NULL),(60,25,13,27,'2017-10-07 13:52:52','',3,'2017-10-06',0,NULL),(61,20,13,27,'2017-10-07 13:52:52','',3,'2017-10-06',0,NULL),(62,20,2,27,'2017-10-07 14:29:10','Voided.\n',3,'2017-10-07',0,NULL),(63,18,19,27,'2017-10-07 14:33:43','',3,'2017-10-05',0,NULL),(64,25,14,27,'2017-10-07 14:33:43','',3,'2017-10-05',0,NULL),(65,20,14,27,'2017-10-07 14:33:43','',3,'2017-10-05',0,NULL),(66,20,12,27,'2017-10-07 14:45:48','Voided.\n',3,'2017-10-07',0,NULL),(67,18,20,27,'2017-10-07 14:49:35','',3,'2017-10-05',0,NULL),(68,25,15,27,'2017-10-07 14:49:35','',3,'2017-10-05',0,NULL),(69,20,15,27,'2017-10-07 14:49:35','',3,'2017-10-05',0,NULL),(70,0,1,27,'2017-10-07 15:13:54','',3,'2017-10-07',NULL,NULL),(71,0,1,27,'2017-10-07 15:13:54','Voided.\n',3,'2017-10-07',0,NULL),(72,0,2,27,'2017-10-07 15:18:50','',3,'2017-10-07',0,NULL),(73,20,5,27,'2017-10-07 15:24:48','Voided.\n',3,'2017-10-07',0,NULL),(74,20,4,27,'2017-10-07 15:25:05','Voided.\n',3,'2017-10-07',0,NULL),(75,18,21,27,'2017-10-07 15:26:57','',3,'2017-10-07',0,NULL),(76,25,16,27,'2017-10-07 15:26:57','',3,'2017-10-07',0,NULL),(77,20,16,27,'2017-10-07 15:26:57','',3,'2017-10-07',0,NULL),(78,18,22,27,'2017-10-07 15:28:24','',3,'2017-10-07',0,NULL),(79,25,17,27,'2017-10-07 15:28:24','',3,'2017-10-07',0,NULL),(80,20,17,27,'2017-10-07 15:28:24','',3,'2017-10-07',0,NULL),(81,0,3,27,'2017-10-07 15:39:55','',3,'2017-10-07',0,NULL),(82,0,4,27,'2017-10-07 15:45:11','',3,'2017-10-07',0,NULL),(83,0,5,27,'2017-10-07 15:55:11','',3,'2017-10-07',0,NULL),(84,22,1,27,'2017-10-07 15:58:49','',3,'2017-10-07',0,NULL),(85,17,13,21,'2017-10-07 16:34:43','',3,'2017-10-07',0,NULL),(86,18,6,21,'2017-10-07 16:59:54','Updated.',3,'2017-10-07',0,NULL),(87,25,18,21,'2017-10-07 17:00:59','',3,'2017-10-07',0,NULL),(88,20,18,21,'2017-10-07 17:04:53','',3,'2017-10-07',0,NULL),(89,17,14,21,'2017-10-07 17:10:14','',3,'2017-10-07',0,NULL),(90,17,15,21,'2017-10-07 17:21:42','',3,'2017-10-07',0,NULL),(91,17,16,21,'2017-10-07 17:49:29','',3,'2017-10-07',0,NULL),(92,17,17,21,'2017-10-07 17:58:59','',3,'2017-10-07',0,NULL),(93,17,18,21,'2017-10-07 19:22:40','',3,'2017-10-07',0,NULL),(94,17,19,21,'2017-10-07 20:20:38','',3,'2017-10-08',0,NULL),(95,17,20,21,'2017-10-07 20:37:32','',3,'2017-10-08',0,NULL),(96,30,1,21,'2017-10-07 20:41:53','',3,'2017-10-08',0,NULL),(97,13,1,21,'2017-10-07 20:41:53','',3,'2017-10-08',0,NULL),(98,10,1,21,'2017-10-07 20:41:54','',3,'2017-10-08',0,NULL),(99,30,2,21,'2017-10-09 06:08:44','',3,'2017-10-09',0,NULL),(100,13,2,21,'2017-10-09 06:08:44','',3,'2017-10-09',0,NULL),(101,10,2,21,'2017-10-09 06:08:44','',3,'2017-10-09',0,NULL),(102,30,3,21,'2017-10-09 06:25:52','',3,'2017-10-09',0,NULL),(103,13,3,21,'2017-10-09 06:25:52','',3,'2017-10-09',0,NULL),(104,10,3,21,'2017-10-09 06:25:52','',3,'2017-10-09',0,NULL),(105,18,23,21,'2017-10-09 09:07:57','',3,'2017-10-08',0,NULL),(106,25,19,21,'2017-10-09 09:07:57','',3,'2017-10-08',0,NULL),(107,20,19,21,'2017-10-09 09:08:01','',3,'2017-10-08',0,NULL),(108,22,2,21,'2017-10-09 09:53:16','',3,'2017-10-12',0,NULL),(109,0,6,21,'2017-10-09 09:58:36','',3,'2017-10-09',0,NULL),(110,0,7,21,'2017-10-09 10:50:12','',3,'2017-10-09',0,NULL),(111,22,3,21,'2017-10-09 11:03:07','',3,'2017-10-08',0,NULL),(112,22,4,21,'2017-10-09 11:17:47','',3,'2017-10-07',0,NULL),(113,17,21,21,'2017-10-09 11:30:10','',3,'2017-10-09',0,NULL),(114,30,4,21,'2017-10-09 11:34:09','',3,'2017-10-09',0,NULL),(115,13,4,21,'2017-10-09 11:34:09','',3,'2017-10-09',0,NULL),(116,10,4,21,'2017-10-09 11:34:10','',3,'2017-10-09',0,NULL),(117,41,1,21,'2017-10-09 11:43:57','',3,'2017-10-09',0,NULL),(118,18,24,21,'2017-10-09 11:55:02','',3,'2017-10-08',0,NULL),(119,25,20,21,'2017-10-09 11:55:02','',3,'2017-10-08',0,NULL),(120,20,20,21,'2017-10-09 11:55:02','',3,'2017-10-08',0,NULL),(121,18,25,21,'2017-10-09 12:05:02','',3,'2017-10-07',0,NULL),(122,25,21,21,'2017-10-09 12:05:02','',3,'2017-10-07',0,NULL),(123,20,21,21,'2017-10-09 12:05:02','',3,'2017-10-07',0,NULL),(124,18,26,21,'2017-10-09 12:11:54','',3,'2017-10-06',0,NULL),(125,25,22,21,'2017-10-09 12:11:54','',3,'2017-10-06',0,NULL),(126,20,22,21,'2017-10-09 12:11:54','',3,'2017-10-06',0,NULL),(127,18,27,21,'2017-10-09 12:12:51','',3,'2017-10-09',0,NULL),(128,25,23,21,'2017-10-09 12:12:51','',3,'2017-10-09',0,NULL),(129,20,23,21,'2017-10-09 12:12:51','',3,'2017-10-09',0,NULL),(130,18,28,21,'2017-10-09 12:13:59','',3,'2017-10-07',0,NULL),(131,25,24,21,'2017-10-09 12:13:59','',3,'2017-10-07',0,NULL),(132,20,24,21,'2017-10-09 12:13:59','',3,'2017-10-07',0,NULL),(133,18,29,21,'2017-10-09 12:17:09','',3,'2017-10-08',0,NULL),(134,25,25,21,'2017-10-09 12:17:09','',3,'2017-10-08',0,NULL),(135,20,25,21,'2017-10-09 12:17:09','',3,'2017-10-08',0,NULL),(136,18,30,21,'2017-10-09 12:26:27','',3,'2017-10-09',0,NULL),(137,25,26,21,'2017-10-09 12:26:27','',3,'2017-10-09',0,NULL),(138,20,26,21,'2017-10-09 12:26:28','',3,'2017-10-09',0,NULL),(139,18,31,21,'2017-10-09 12:29:12','',3,'2017-10-06',0,NULL),(140,25,27,21,'2017-10-09 12:29:12','',3,'2017-10-06',0,NULL),(141,20,27,21,'2017-10-09 12:29:12','',3,'2017-10-06',0,NULL),(142,18,32,21,'2017-10-09 12:30:06','',3,'2017-10-09',0,NULL),(143,25,28,21,'2017-10-09 12:30:06','',3,'2017-10-09',0,NULL),(144,20,28,21,'2017-10-09 12:30:06','',3,'2017-10-09',0,NULL),(145,18,33,21,'2017-10-09 12:44:00','',3,'2017-10-07',0,NULL),(146,25,29,21,'2017-10-09 12:44:00','',3,'2017-10-07',0,NULL),(147,20,29,21,'2017-10-09 12:44:01','',3,'2017-10-07',0,NULL),(148,18,34,21,'2017-10-09 12:52:55','',3,'2017-10-07',0,NULL),(149,25,30,21,'2017-10-09 12:52:55','',3,'2017-10-07',0,NULL),(150,20,30,21,'2017-10-09 12:52:55','',3,'2017-10-07',0,NULL),(151,18,35,21,'2017-10-09 12:55:08','',3,'2017-10-08',0,NULL),(152,25,31,21,'2017-10-09 12:55:08','',3,'2017-10-08',0,NULL),(153,20,31,21,'2017-10-09 12:55:08','',3,'2017-10-08',0,NULL),(154,18,36,21,'2017-10-09 12:58:19','',3,'2017-10-08',0,NULL),(155,25,32,21,'2017-10-09 12:58:19','',3,'2017-10-08',0,NULL),(156,20,32,21,'2017-10-09 12:58:19','',3,'2017-10-08',0,NULL),(157,0,8,21,'2017-10-09 13:27:16','',3,'2017-10-09',0,NULL),(158,0,9,21,'2017-10-09 13:46:34','',3,'2017-10-09',0,NULL),(159,18,37,21,'2017-10-09 13:56:54','',3,'2017-10-06',0,NULL),(160,25,33,21,'2017-10-09 13:56:54','',3,'2017-10-06',0,NULL),(161,20,33,21,'2017-10-09 13:56:55','',3,'2017-10-06',0,NULL),(162,22,5,21,'2017-10-09 13:56:55','',3,'2017-10-06',0,NULL),(163,0,10,21,'2017-10-09 14:03:20','',3,'2017-10-09',0,NULL),(164,41,2,21,'2017-10-09 14:12:35','',3,'2017-10-09',0,NULL),(165,41,3,21,'2017-10-09 14:15:12','',3,'2017-10-04',0,NULL),(166,41,4,21,'2017-10-09 14:18:24','',3,'2017-10-06',NULL,NULL),(167,41,4,21,'2017-10-09 14:18:24','',3,'2017-10-06',0,NULL),(168,41,5,21,'2017-10-09 14:20:39','',3,'2017-10-04',0,NULL),(169,41,6,21,'2017-10-09 14:23:35','',3,'2017-10-05',0,NULL),(170,41,7,21,'2017-10-09 14:24:23','',3,'2017-10-06',0,NULL),(171,22,6,21,'2017-10-09 14:25:23','',3,'2017-10-09',0,NULL),(172,18,38,21,'2017-10-09 14:41:27','',3,'2017-10-07',0,NULL),(173,25,34,21,'2017-10-09 15:43:41','',3,'2017-10-07',NULL,NULL),(174,20,34,21,'2017-10-09 15:40:02','',3,'2017-10-07',NULL,NULL),(175,22,7,21,'2017-10-09 14:41:27','',3,'2017-10-07',0,NULL),(176,18,39,21,'2017-10-09 14:45:25','',3,'2017-10-06',0,NULL),(177,25,35,21,'2017-10-09 14:45:25','',3,'2017-10-06',0,NULL),(178,20,35,21,'2017-10-09 14:45:25','',3,'2017-10-06',0,NULL),(179,22,8,21,'2017-10-09 14:45:25','',3,'2017-10-06',0,NULL),(180,0,11,21,'2017-10-09 14:51:49','',3,'2017-10-09',0,NULL),(181,0,12,21,'2017-10-09 15:07:37','',3,'2017-10-09',0,NULL),(182,18,40,21,'2017-10-09 15:17:43','',3,'2017-10-09',0,NULL),(183,25,36,21,'2017-10-09 15:17:43','',3,'2017-10-09',0,NULL),(184,20,36,21,'2017-10-09 15:17:44','',3,'2017-10-09',0,NULL),(185,22,9,21,'2017-10-09 15:17:44','',3,'2017-10-09',0,NULL),(186,0,13,21,'2017-10-09 15:19:45','',3,'2017-10-09',0,NULL),(187,0,14,21,'2017-10-09 15:31:05','',3,'2017-10-09',0,NULL),(188,20,34,21,'2017-10-09 15:40:02','Voided.\n',3,'2017-10-09',0,NULL),(189,25,34,21,'2017-10-09 15:43:41','Voided.\n',3,'2017-10-09',0,NULL),(190,18,41,21,'2017-10-09 15:49:32','',3,'2017-10-07',0,NULL),(191,25,37,21,'2017-10-09 15:49:33','',3,'2017-10-07',0,NULL),(192,20,37,21,'2017-10-09 15:49:33','',3,'2017-10-07',0,NULL),(193,41,8,21,'2017-10-09 15:55:08','',3,'2017-10-09',0,NULL),(194,17,22,21,'2017-10-09 16:27:22','',3,'2017-10-09',0,NULL),(195,30,5,21,'2017-10-09 16:40:23','',3,'2017-10-09',0,NULL),(196,13,5,21,'2017-10-09 16:40:23','',3,'2017-10-09',0,NULL),(197,10,5,21,'2017-10-09 16:40:23','',3,'2017-10-09',0,NULL),(198,30,6,21,'2017-10-09 16:48:05','',3,'2017-10-08',0,NULL),(199,13,6,21,'2017-10-09 16:48:05','',3,'2017-10-08',0,NULL),(200,10,6,21,'2017-10-09 16:48:05','',3,'2017-10-08',0,NULL),(201,30,7,21,'2017-10-09 16:58:56','',3,'2017-10-09',0,NULL),(202,13,7,21,'2017-10-09 16:58:56','',3,'2017-10-09',0,NULL),(203,10,7,21,'2017-10-09 16:58:56','',3,'2017-10-09',0,NULL),(204,30,8,21,'2017-10-09 17:07:00','',3,'2017-10-08',0,NULL),(205,13,8,21,'2017-10-09 17:07:00','',3,'2017-10-08',0,NULL),(206,10,8,21,'2017-10-09 17:07:00','',3,'2017-10-08',0,NULL),(207,16,1,21,'2017-10-09 17:29:11','',3,'2017-10-09',0,NULL),(208,30,9,21,'2017-10-09 17:41:21','',3,'2017-10-09',0,NULL),(209,13,9,21,'2017-10-09 17:41:21','',3,'2017-10-09',0,NULL),(210,10,9,21,'2017-10-09 17:41:21','',3,'2017-10-09',0,NULL),(211,30,10,21,'2017-10-09 17:46:46','',3,'2017-10-09',0,NULL),(212,13,10,21,'2017-10-09 17:46:46','',3,'2017-10-09',0,NULL),(213,10,10,21,'2017-10-09 17:46:46','',3,'2017-10-09',0,NULL),(214,18,42,27,'2017-10-10 08:00:25','',3,'2017-10-09',0,NULL),(215,25,38,27,'2017-10-10 08:00:25','',3,'2017-10-09',0,NULL),(216,20,38,27,'2017-10-10 08:00:25','',3,'2017-10-09',0,NULL),(217,22,10,27,'2017-10-10 08:00:25','',3,'2017-10-09',0,NULL),(218,18,43,27,'2017-10-10 08:03:41','',3,'2017-10-09',0,NULL),(219,25,39,27,'2017-10-10 08:03:41','',3,'2017-10-09',0,NULL),(220,20,39,27,'2017-10-10 08:03:41','',3,'2017-10-09',0,NULL),(221,22,11,27,'2017-10-10 08:03:41','',3,'2017-10-09',0,NULL),(222,0,15,27,'2017-10-10 08:19:17','',3,'2017-10-10',0,NULL),(223,18,44,27,'2017-10-10 08:25:22','',3,'2017-10-07',0,NULL),(224,25,40,27,'2017-10-10 08:25:22','',3,'2017-10-07',0,NULL),(225,20,40,27,'2017-10-10 08:25:23','',3,'2017-10-07',0,NULL),(226,22,12,27,'2017-10-10 08:25:23','',3,'2017-10-07',0,NULL),(227,0,16,27,'2017-10-10 09:10:50','',3,'2017-10-10',0,NULL),(228,17,23,27,'2017-10-10 09:24:59','',3,'2017-10-05',0,NULL),(229,30,11,27,'2017-10-10 09:26:04','',3,'2017-10-05',0,NULL),(230,13,11,27,'2017-10-10 09:26:04','',3,'2017-10-05',0,NULL),(231,10,11,27,'2017-10-10 09:26:04','',3,'2017-10-05',0,NULL),(232,0,17,27,'2017-10-10 09:29:45','',3,'2017-10-10',0,NULL),(233,1,1,27,'2017-10-10 11:03:44','',3,'2017-10-10',0,NULL),(234,0,18,27,'2017-10-10 13:42:28','',3,'2017-10-10',0,NULL),(235,18,45,27,'2017-10-10 14:06:23','',3,'2017-10-10',0,NULL),(236,25,41,27,'2017-10-10 14:06:24','',3,'2017-10-10',0,NULL),(237,20,41,27,'2017-10-10 14:06:27','',3,'2017-10-10',0,NULL),(238,22,13,27,'2017-10-10 14:07:45','',3,'2017-10-10',0,NULL),(239,0,19,27,'2017-10-10 14:09:04','',3,'2017-10-10',0,NULL),(240,41,9,27,'2017-10-11 07:24:11','',3,'2017-10-11',0,NULL),(241,0,20,27,'2017-10-11 08:28:15','',3,'2017-10-11',0,NULL),(242,0,21,27,'2017-10-11 08:35:00','',3,'2017-10-11',0,NULL),(243,41,10,27,'2017-10-11 08:36:13','',3,'2017-10-11',0,NULL),(244,0,22,27,'2017-10-11 09:06:19','',3,'2017-10-11',0,NULL),(245,0,23,27,'2017-10-11 10:09:01','',3,'2017-10-11',0,NULL),(246,25,42,27,'2017-10-11 10:18:12','',3,'2017-10-11',0,NULL),(247,20,42,27,'2017-10-11 10:23:14','',3,'2017-10-11',NULL,NULL),(248,20,42,27,'2017-10-11 10:23:14','Voided.\n',3,'2017-10-11',0,NULL),(249,41,11,27,'2017-10-11 10:24:37','',3,'2017-10-11',NULL,NULL),(250,41,11,27,'2017-10-11 10:24:37','',3,'2017-10-11',0,NULL),(251,18,2,27,'2017-10-11 10:34:44','Updated.',3,'2017-10-11',NULL,NULL),(252,25,2,27,'2017-10-11 10:32:54','Updated.',3,'2017-10-11',0,NULL),(253,18,2,27,'2017-10-11 10:34:44','Updated.',3,'2017-10-11',0,NULL),(254,20,43,27,'2017-10-11 10:36:47','',3,'2017-10-11',0,NULL),(255,22,14,27,'2017-10-11 10:37:03','',3,'2017-10-11',0,NULL),(256,41,12,27,'2017-10-11 11:03:27','',3,'2017-10-11',0,NULL),(257,18,46,27,'2017-10-11 11:08:20','',3,'2017-10-09',0,NULL),(258,25,43,27,'2017-10-11 11:08:20','',3,'2017-10-09',0,NULL),(259,20,44,27,'2017-10-11 11:43:57','',3,'2017-10-09',NULL,NULL),(260,0,24,27,'2017-10-11 11:09:57','',3,'2017-10-11',0,NULL),(261,20,44,27,'2017-10-11 11:43:57','Voided.\n',3,'2017-10-11',0,NULL),(262,18,47,27,'2017-10-11 11:48:17','',3,'2017-10-09',0,NULL),(263,25,44,27,'2017-10-11 11:48:17','',3,'2017-10-09',0,NULL),(264,20,45,27,'2017-10-11 11:48:18','',3,'2017-10-09',0,NULL),(265,30,12,27,'2017-10-11 11:50:02','',3,'2017-10-09',0,NULL),(266,13,12,27,'2017-10-11 11:50:02','',3,'2017-10-09',0,NULL),(267,10,12,27,'2017-10-11 11:50:02','',3,'2017-10-09',0,NULL),(268,18,48,27,'2017-10-11 12:16:33','',3,'2017-10-10',0,NULL),(269,25,45,27,'2017-10-11 12:16:33','',3,'2017-10-10',0,NULL),(270,20,46,27,'2017-10-11 12:16:36','',3,'2017-10-10',0,NULL),(271,30,13,27,'2017-10-11 12:56:46','',3,'2017-10-11',0,NULL),(272,13,13,27,'2017-10-11 12:56:46','',3,'2017-10-11',0,NULL),(273,10,13,27,'2017-10-11 12:56:46','',3,'2017-10-11',0,NULL),(274,30,14,27,'2017-10-11 12:57:52','',3,'2017-10-09',0,NULL),(275,13,14,27,'2017-10-11 12:57:52','',3,'2017-10-09',0,NULL),(276,10,14,27,'2017-10-11 12:57:52','',3,'2017-10-09',0,NULL),(277,30,15,27,'2017-10-11 12:59:04','',3,'2017-10-09',0,NULL),(278,13,15,27,'2017-10-11 12:59:04','',3,'2017-10-09',0,NULL),(279,10,15,27,'2017-10-11 12:59:04','',3,'2017-10-09',0,NULL),(280,41,13,27,'2017-10-11 13:23:55','',3,'2017-10-11',NULL,NULL),(281,41,13,27,'2017-10-11 13:23:55','',3,'2017-10-11',0,NULL),(282,18,49,27,'2017-10-11 13:50:56','',3,'2017-10-11',0,NULL),(283,25,46,27,'2017-10-11 13:50:56','',3,'2017-10-11',0,NULL),(284,20,47,27,'2017-10-11 13:50:59','',3,'2017-10-11',0,NULL);
/*!40000 ALTER TABLE `0_audit_trail` ENABLE KEYS */;
UNLOCK TABLES;

--
-- Table structure for table `0_bank_accounts`
--

DROP TABLE IF EXISTS `0_bank_accounts`;
/*!40101 SET @saved_cs_client     = @@character_set_client */;
/*!40101 SET character_set_client = utf8 */;
CREATE TABLE `0_bank_accounts` (
  `account_code` varchar(15) COLLATE utf8_unicode_ci NOT NULL DEFAULT '',
  `account_type` smallint(6) NOT NULL DEFAULT '0',
  `bank_account_name` varchar(60) COLLATE utf8_unicode_ci NOT NULL DEFAULT '',
  `bank_account_number` varchar(100) COLLATE utf8_unicode_ci NOT NULL DEFAULT '',
  `bank_name` varchar(60) COLLATE utf8_unicode_ci NOT NULL DEFAULT '',
  `bank_address` tinytext COLLATE utf8_unicode_ci,
  `bank_curr_code` char(3) COLLATE utf8_unicode_ci NOT NULL DEFAULT '',
  `dflt_curr_act` tinyint(1) NOT NULL DEFAULT '0',
  `id` smallint(6) NOT NULL AUTO_INCREMENT,
  `bank_charge_act` varchar(15) COLLATE utf8_unicode_ci NOT NULL DEFAULT '',
  `last_reconciled_date` timestamp NOT NULL DEFAULT '0000-00-00 00:00:00',
  `ending_reconcile_balance` double NOT NULL DEFAULT '0',
  `inactive` tinyint(1) NOT NULL DEFAULT '0',
  PRIMARY KEY (`id`),
  KEY `bank_account_name` (`bank_account_name`),
  KEY `bank_account_number` (`bank_account_number`),
  KEY `account_code` (`account_code`)
) ENGINE=InnoDB DEFAULT CHARSET=utf8 COLLATE=utf8_unicode_ci;
/*!40101 SET character_set_client = @saved_cs_client */;

--
-- Dumping data for table `0_bank_accounts`
--

LOCK TABLES `0_bank_accounts` WRITE;
/*!40000 ALTER TABLE `0_bank_accounts` DISABLE KEYS */;
INSERT INTO `0_bank_accounts` VALUES ('10122',0,'SCB','','SCB','','PKR',0,2,'5036','0000-00-00 00:00:00',0,0),('10111',3,'Cash in Hand','','Cash in Hand',NULL,'PKR',0,3,'5036','0000-00-00 00:00:00',0,0),('10112',3,'Petty Cash','','Petty Cash','','PKR',0,4,'5036','0000-00-00 00:00:00',0,0),('10123',0,'MEEZAN ANTIQUE CAFE PVT LTD','','MEEZAN ANTIQUE CAFE PVT LTD','','PKR',0,6,'5036','0000-00-00 00:00:00',0,0),('10124',3,'LOCKER HAROON SAB.','','LOCKER HAROON SAB.','','PKR',0,7,'5036','0000-00-00 00:00:00',0,0);
/*!40000 ALTER TABLE `0_bank_accounts` ENABLE KEYS */;
UNLOCK TABLES;

--
-- Table structure for table `0_bank_trans`
--

DROP TABLE IF EXISTS `0_bank_trans`;
/*!40101 SET @saved_cs_client     = @@character_set_client */;
/*!40101 SET character_set_client = utf8 */;
CREATE TABLE `0_bank_trans` (
  `id` int(11) NOT NULL AUTO_INCREMENT,
  `type` smallint(6) DEFAULT NULL,
  `trans_no` int(11) DEFAULT NULL,
  `bank_act` varchar(15) COLLATE utf8_unicode_ci NOT NULL DEFAULT '',
  `ref` varchar(40) COLLATE utf8_unicode_ci DEFAULT NULL,
  `trans_date` date NOT NULL DEFAULT '0000-00-00',
  `amount` double DEFAULT NULL,
  `dimension_id` int(11) NOT NULL DEFAULT '0',
  `dimension2_id` int(11) NOT NULL DEFAULT '0',
  `person_type_id` int(11) NOT NULL DEFAULT '0',
  `person_id` tinyblob,
  `reconciled` date DEFAULT NULL,
  `cheque` int(11) NOT NULL,
  `cheque_date` date DEFAULT NULL,
  `text_1` varchar(50) COLLATE utf8_unicode_ci DEFAULT NULL,
  `text_2` varchar(50) COLLATE utf8_unicode_ci DEFAULT NULL,
  `text_3` varchar(60) COLLATE utf8_unicode_ci NOT NULL,
  PRIMARY KEY (`id`),
  KEY `bank_act` (`bank_act`,`ref`),
  KEY `type` (`type`,`trans_no`),
  KEY `bank_act_2` (`bank_act`,`reconciled`),
  KEY `bank_act_3` (`bank_act`,`trans_date`)
) ENGINE=InnoDB DEFAULT CHARSET=utf8 COLLATE=utf8_unicode_ci;
/*!40101 SET character_set_client = @saved_cs_client */;

--
-- Dumping data for table `0_bank_trans`
--

LOCK TABLES `0_bank_trans` WRITE;
/*!40000 ALTER TABLE `0_bank_trans` DISABLE KEYS */;
INSERT INTO `0_bank_trans` VALUES (1,0,1,'6','JV001/10/2017','2017-10-07',0,0,0,0,'',NULL,0,'0000-00-00','','',''),(2,0,2,'6','JV001/10/2017','2017-10-07',106320,0,0,0,'',NULL,0,'0000-00-00','','',''),(3,0,3,'3','JV002/10/2017','2017-10-07',83265,0,0,0,'',NULL,0,'0000-00-00','','',''),(4,0,3,'6','JV002/10/2017','2017-10-07',47230,0,0,0,'',NULL,0,'0000-00-00','','',''),(5,0,4,'3','JV003/10/2017','2017-10-07',80926,0,0,0,'',NULL,0,'0000-00-00','','',''),(6,0,4,'6','JV003/10/2017','2017-10-07',29919,0,0,0,'',NULL,0,'0000-00-00','','',''),(7,0,5,'3','JV004/10/2017','2017-10-07',85663,0,0,0,'',NULL,0,'0000-00-00','','',''),(8,0,5,'6','JV004/10/2017','2017-10-07',54466,0,0,0,'',NULL,0,'0000-00-00','','',''),(9,22,1,'6','SP001/10/2017','2017-10-07',-50000,0,0,3,'3',NULL,0,'0000-00-00','','',''),(10,22,2,'6','SP002/10/2017','2017-10-12',-40000,0,0,3,'14',NULL,0,'0000-00-00','','',''),(11,0,6,'3','JV005/10/2017','2017-10-09',234823,0,0,0,'',NULL,0,'0000-00-00','','',''),(12,0,6,'6','JV005/10/2017','2017-10-09',105867,0,0,0,'',NULL,0,'0000-00-00','','',''),(13,0,7,'3','JV006/10/2017','2017-10-09',118665,0,0,0,'',NULL,0,'0000-00-00','','',''),(14,0,7,'6','JV006/10/2017','2017-10-09',33885,0,0,0,'',NULL,0,'0000-00-00','','',''),(15,22,3,'3','SP003/10/2017','2017-10-08',-78582.84,0,0,3,'20',NULL,0,'0000-00-00','','',''),(16,22,4,'3','SP004/10/2017','2017-10-07',-38565.4,0,0,3,'15',NULL,0,'0000-00-00','','',''),(17,41,1,'3','CPV001/10/2017','2017-10-09',-75000,0,0,0,'',NULL,0,'0000-00-00','','',''),(18,0,8,'3','JV007/10/2017','2017-10-09',2000,0,0,0,'',NULL,0,'0000-00-00','','',''),(19,0,9,'3','JV008/10/2017','2017-10-09',4000,0,0,0,'',NULL,0,'0000-00-00','','',''),(20,22,5,'3','SP005/10/2017','2017-10-06',-1225,0,0,3,'12',NULL,0,'0000-00-00','','',''),(21,0,10,'3','JV009/10/2017','2017-10-09',-3775,0,0,0,'',NULL,0,'0000-00-00','','',''),(22,41,2,'3','CPV002/10/2017','2017-10-09',-15000,0,0,0,'',NULL,0,'0000-00-00','','',''),(23,41,3,'3','CPV003/10/2017','2017-10-04',-125000,0,0,0,'',NULL,0,'0000-00-00','','',''),(24,41,4,'3','CPV004/10/2017','2017-10-06',-7300,0,0,3,'1',NULL,0,'0000-00-00','','',''),(25,41,5,'3','CPV005/10/2017','2017-10-04',-5000,0,0,0,'',NULL,0,'0000-00-00','','',''),(26,41,6,'3','CPV006/10/2017','2017-10-05',-10000,0,0,0,'',NULL,0,'0000-00-00','','',''),(27,41,7,'3','CPV007/10/2017','2017-10-06',-100000,0,0,0,'',NULL,0,'0000-00-00','','',''),(28,22,6,'3','SP006/10/2017','2017-10-09',-9000,0,0,3,'17',NULL,0,'0000-00-00','','',''),(29,22,7,'3','SP007/10/2017','2017-10-07',-17892.6,0,0,3,'22',NULL,0,'0000-00-00','','',''),(30,22,8,'3','SP008/10/2017','2017-10-06',-3819.6,0,0,3,'23',NULL,0,'0000-00-00','','',''),(31,0,11,'3','JV010/10/2017','2017-10-09',-5000,0,0,0,'',NULL,0,'0000-00-00','','',''),(32,0,12,'3','JV011/10/2017','2017-10-09',82376,0,0,0,'',NULL,0,'0000-00-00','','',''),(33,0,12,'6','JV011/10/2017','2017-10-09',54466,0,0,0,'',NULL,0,'0000-00-00','','',''),(34,22,9,'3','SP009/10/2017','2017-10-09',-3880,0,0,3,'15',NULL,0,'0000-00-00','','',''),(35,0,13,'3','JV012/10/2017','2017-10-09',-150,0,0,0,'',NULL,0,'0000-00-00','','',''),(36,0,14,'3','JV013/10/2017','2017-10-09',-2800,0,0,0,'',NULL,0,'0000-00-00','','',''),(37,41,8,'3','CPV008/10/2017','2017-10-09',-55000,0,0,0,'',NULL,0,'0000-00-00','','',''),(38,22,10,'3','SP010/10/2017','2017-10-09',-414,0,0,3,'12',NULL,0,'0000-00-00','','',''),(39,22,11,'3','SP011/10/2017','2017-10-09',-780,0,0,3,'12',NULL,0,'0000-00-00','','',''),(40,22,12,'3','SP012/10/2017','2017-10-07',-200,0,0,3,'12',NULL,0,'0000-00-00','','',''),(41,0,16,'3','JV015/10/2017','2017-10-10',48730,0,0,0,'',NULL,0,'0000-00-00','','',''),(42,0,16,'6','JV015/10/2017','2017-10-10',29253.24,0,0,0,'',NULL,0,'0000-00-00','','',''),(43,0,17,'3','JV016/10/2017','2017-10-10',3000,0,0,0,'',NULL,0,'0000-00-00','','',''),(44,1,1,'6','BPV001/10/2017','2017-10-10',-100000,0,0,0,'',NULL,0,'2017-10-17','','',''),(45,0,18,'3','JV017/10/2017','2017-10-10',-150,0,0,0,'',NULL,0,'0000-00-00','','',''),(46,22,13,'3','SP013/10/2017','2017-10-10',-25035,0,0,3,'15',NULL,0,'0000-00-00','','',''),(47,0,19,'3','JV018/10/2017','2017-10-10',-150,0,0,0,'',NULL,0,'0000-00-00','','',''),(48,41,9,'3','CPV009/10/2017','2017-10-11',-85000,0,0,0,'',NULL,0,'0000-00-00','','',''),(49,0,20,'4','JV019/10/2017','2017-10-11',5000,0,0,0,'',NULL,0,'0000-00-00','','',''),(50,0,20,'3','JV019/10/2017','2017-10-11',-5000,0,0,0,'',NULL,0,'0000-00-00','','',''),(51,0,21,'4','JV020/10/2017','2017-10-11',-4015,0,0,0,'',NULL,0,'0000-00-00','','',''),(52,41,10,'3','CPV010/10/2017','2017-10-11',-15000,0,0,0,'',NULL,0,'0000-00-00','','',''),(53,0,22,'3','JV021/10/2017','2017-10-11',83810,0,0,0,'',NULL,0,'0000-00-00','','',''),(54,0,22,'6','JV021/10/2017','2017-10-11',22327.41,0,0,0,'',NULL,0,'0000-00-00','','',''),(55,0,23,'3','JV022/10/2017','2017-10-11',-4890,0,0,0,'',NULL,0,'0000-00-00','','',''),(56,41,11,'3','CPV011/10/2017','2017-10-11',-14593,0,0,3,'1',NULL,0,'0000-00-00','','',''),(57,22,14,'2','SP014/10/2017','2017-10-11',-14592.6,0,0,3,'1',NULL,0,'0000-00-00','','',''),(58,41,12,'3','CPV012/10/2017','2017-10-11',-2500,0,0,0,'',NULL,0,'0000-00-00','','',''),(59,0,24,'3','JV023/10/2017','2017-10-11',2000,0,0,0,'',NULL,0,'0000-00-00','','',''),(60,41,13,'3','CPV013/10/2017','2017-10-11',-71140,0,0,3,'4',NULL,0,'0000-00-00','','','');
/*!40000 ALTER TABLE `0_bank_trans` ENABLE KEYS */;
UNLOCK TABLES;

--
-- Table structure for table `0_batch`
--

DROP TABLE IF EXISTS `0_batch`;
/*!40101 SET @saved_cs_client     = @@character_set_client */;
/*!40101 SET character_set_client = utf8 */;
CREATE TABLE `0_batch` (
  `id` int(11) NOT NULL AUTO_INCREMENT,
  `name` varchar(50) NOT NULL,
  `inactive` int(11) NOT NULL,
  PRIMARY KEY (`id`),
  UNIQUE KEY `name` (`name`)
) ENGINE=InnoDB DEFAULT CHARSET=latin1;
/*!40101 SET character_set_client = @saved_cs_client */;

--
-- Dumping data for table `0_batch`
--

LOCK TABLES `0_batch` WRITE;
/*!40000 ALTER TABLE `0_batch` DISABLE KEYS */;
INSERT INTO `0_batch` VALUES (1,'',0);
/*!40000 ALTER TABLE `0_batch` ENABLE KEYS */;
UNLOCK TABLES;

--
-- Table structure for table `0_bom`
--

DROP TABLE IF EXISTS `0_bom`;
/*!40101 SET @saved_cs_client     = @@character_set_client */;
/*!40101 SET character_set_client = utf8 */;
CREATE TABLE `0_bom` (
  `id` int(11) NOT NULL AUTO_INCREMENT,
  `parent` char(20) COLLATE utf8_unicode_ci NOT NULL DEFAULT '',
  `component` char(20) COLLATE utf8_unicode_ci NOT NULL DEFAULT '',
  `workcentre_added` int(11) NOT NULL DEFAULT '0',
  `loc_code` char(5) COLLATE utf8_unicode_ci NOT NULL DEFAULT '',
  `quantity` double NOT NULL DEFAULT '1',
  PRIMARY KEY (`parent`,`component`,`workcentre_added`,`loc_code`),
  KEY `component` (`component`),
  KEY `id` (`id`),
  KEY `loc_code` (`loc_code`),
  KEY `parent` (`parent`,`loc_code`),
  KEY `workcentre_added` (`workcentre_added`)
) ENGINE=InnoDB DEFAULT CHARSET=utf8 COLLATE=utf8_unicode_ci;
/*!40101 SET character_set_client = @saved_cs_client */;

--
-- Dumping data for table `0_bom`
--

LOCK TABLES `0_bom` WRITE;
/*!40000 ALTER TABLE `0_bom` DISABLE KEYS */;
/*!40000 ALTER TABLE `0_bom` ENABLE KEYS */;
UNLOCK TABLES;

--
-- Table structure for table `0_budget_trans`
--

DROP TABLE IF EXISTS `0_budget_trans`;
/*!40101 SET @saved_cs_client     = @@character_set_client */;
/*!40101 SET character_set_client = utf8 */;
CREATE TABLE `0_budget_trans` (
  `id` int(11) NOT NULL AUTO_INCREMENT,
  `tran_date` date NOT NULL DEFAULT '0000-00-00',
  `account` varchar(15) COLLATE utf8_unicode_ci NOT NULL DEFAULT '',
  `memo_` tinytext COLLATE utf8_unicode_ci NOT NULL,
  `amount` double NOT NULL DEFAULT '0',
  `dimension_id` int(11) DEFAULT '0',
  `dimension2_id` int(11) DEFAULT '0',
  PRIMARY KEY (`id`),
  KEY `Account` (`account`,`tran_date`,`dimension_id`,`dimension2_id`)
) ENGINE=InnoDB DEFAULT CHARSET=utf8 COLLATE=utf8_unicode_ci;
/*!40101 SET character_set_client = @saved_cs_client */;

--
-- Dumping data for table `0_budget_trans`
--

LOCK TABLES `0_budget_trans` WRITE;
/*!40000 ALTER TABLE `0_budget_trans` DISABLE KEYS */;
/*!40000 ALTER TABLE `0_budget_trans` ENABLE KEYS */;
UNLOCK TABLES;

--
-- Table structure for table `0_cashflow_categories`
--

DROP TABLE IF EXISTS `0_cashflow_categories`;
/*!40101 SET @saved_cs_client     = @@character_set_client */;
/*!40101 SET character_set_client = utf8 */;
CREATE TABLE `0_cashflow_categories` (
  `id` int(11) NOT NULL AUTO_INCREMENT,
  `name` varchar(50) NOT NULL,
  `c_type` int(11) NOT NULL,
  `flowtype` int(11) NOT NULL,
  `inactive` tinyint(4) NOT NULL,
  PRIMARY KEY (`id`)
) ENGINE=InnoDB DEFAULT CHARSET=latin1;
/*!40101 SET character_set_client = @saved_cs_client */;

--
-- Dumping data for table `0_cashflow_categories`
--

LOCK TABLES `0_cashflow_categories` WRITE;
/*!40000 ALTER TABLE `0_cashflow_categories` DISABLE KEYS */;
INSERT INTO `0_cashflow_categories` VALUES (1,'marina',11,1,1),(24,'Cash Receipts From',12,1,0),(25,'Cash Paid For',12,0,0),(26,'Cash Receipts From',13,1,0),(27,'Cash Paid For',12,0,0),(28,'Cash Receipts From Customers',2,1,0),(29,'Cash Paid For',2,0,0),(30,'6666666gyu',12,0,0),(31,'asiaaaa',12,1,0),(32,'backup',2,0,0);
/*!40000 ALTER TABLE `0_cashflow_categories` ENABLE KEYS */;
UNLOCK TABLES;

--
-- Table structure for table `0_cashflow_gl`
--

DROP TABLE IF EXISTS `0_cashflow_gl`;
/*!40101 SET @saved_cs_client     = @@character_set_client */;
/*!40101 SET character_set_client = utf8 */;
CREATE TABLE `0_cashflow_gl` (
  `id` int(11) NOT NULL AUTO_INCREMENT,
  `cashflow_category_id` int(11) NOT NULL,
  `gl_account` int(11) NOT NULL,
  `inactive` tinyint(4) NOT NULL,
  PRIMARY KEY (`id`)
) ENGINE=InnoDB DEFAULT CHARSET=latin1;
/*!40101 SET character_set_client = @saved_cs_client */;

--
-- Dumping data for table `0_cashflow_gl`
--

LOCK TABLES `0_cashflow_gl` WRITE;
/*!40000 ALTER TABLE `0_cashflow_gl` DISABLE KEYS */;
/*!40000 ALTER TABLE `0_cashflow_gl` ENABLE KEYS */;
UNLOCK TABLES;

--
-- Table structure for table `0_cashflow_type`
--

DROP TABLE IF EXISTS `0_cashflow_type`;
/*!40101 SET @saved_cs_client     = @@character_set_client */;
/*!40101 SET character_set_client = utf8 */;
CREATE TABLE `0_cashflow_type` (
  `id` int(11) NOT NULL AUTO_INCREMENT,
  `name` varchar(50) NOT NULL,
  `inactive` tinyint(4) NOT NULL,
  PRIMARY KEY (`id`)
) ENGINE=InnoDB DEFAULT CHARSET=latin1;
/*!40101 SET character_set_client = @saved_cs_client */;

--
-- Dumping data for table `0_cashflow_type`
--

LOCK TABLES `0_cashflow_type` WRITE;
/*!40000 ALTER TABLE `0_cashflow_type` DISABLE KEYS */;
INSERT INTO `0_cashflow_type` VALUES (1,'operation123',1),(2,'Operating Activities',0),(12,'Investing Activities',0),(13,'Financing Activities',0);
/*!40000 ALTER TABLE `0_cashflow_type` ENABLE KEYS */;
UNLOCK TABLES;

--
-- Table structure for table `0_chart_class`
--

DROP TABLE IF EXISTS `0_chart_class`;
/*!40101 SET @saved_cs_client     = @@character_set_client */;
/*!40101 SET character_set_client = utf8 */;
CREATE TABLE `0_chart_class` (
  `cid` varchar(3) COLLATE utf8_unicode_ci NOT NULL,
  `class_name` varchar(60) COLLATE utf8_unicode_ci NOT NULL DEFAULT '',
  `ctype` tinyint(1) NOT NULL DEFAULT '0',
  `inactive` tinyint(1) NOT NULL DEFAULT '0',
  PRIMARY KEY (`cid`)
) ENGINE=InnoDB DEFAULT CHARSET=utf8 COLLATE=utf8_unicode_ci;
/*!40101 SET character_set_client = @saved_cs_client */;

--
-- Dumping data for table `0_chart_class`
--

LOCK TABLES `0_chart_class` WRITE;
/*!40000 ALTER TABLE `0_chart_class` DISABLE KEYS */;
INSERT INTO `0_chart_class` VALUES ('10','Assets',1,0),('20','Liabilities',2,0),('30','Capital',3,0),('40','Income',4,0),('50','Expenses',6,0);
/*!40000 ALTER TABLE `0_chart_class` ENABLE KEYS */;
UNLOCK TABLES;

--
-- Table structure for table `0_chart_master`
--

DROP TABLE IF EXISTS `0_chart_master`;
/*!40101 SET @saved_cs_client     = @@character_set_client */;
/*!40101 SET character_set_client = utf8 */;
CREATE TABLE `0_chart_master` (
  `account_code` varchar(15) COLLATE utf8_unicode_ci NOT NULL DEFAULT '',
  `account_code2` varchar(15) COLLATE utf8_unicode_ci NOT NULL DEFAULT '',
  `account_name` varchar(60) COLLATE utf8_unicode_ci NOT NULL DEFAULT '',
  `account_type` varchar(10) COLLATE utf8_unicode_ci NOT NULL DEFAULT '0',
  `inactive` tinyint(1) NOT NULL DEFAULT '0',
  PRIMARY KEY (`account_code`),
  KEY `account_name` (`account_name`),
  KEY `accounts_by_type` (`account_type`,`account_code`)
) ENGINE=InnoDB DEFAULT CHARSET=utf8 COLLATE=utf8_unicode_ci;
/*!40101 SET character_set_client = @saved_cs_client */;

--
-- Dumping data for table `0_chart_master`
--

LOCK TABLES `0_chart_master` WRITE;
/*!40000 ALTER TABLE `0_chart_master` DISABLE KEYS */;
INSERT INTO `0_chart_master` VALUES ('10111','','Cash in Hand','1011',0),('10112','','PETTY CASH HEAD OFFICE ','1011',0),('10113','','PETTY CASH ISSUE TO CAFE ','1011',0),('10122','','SCB','1012',0),('10123','','MEEZAN ANTIQUE CAFE PVT LTD','1012',0),('10124','','LOCKER HAROON SAB. ','1012',0),('1013','','Accounts Receivables','101',0),('10131','','AQEEL IRFAN (RM)','1013',0),('10132','','WAQAS GILL CAPTAIN ','1013',0),('10133','','USAMA (SERVER)','1013',0),('10134','','SHAHID (SERVER)','1013',0),('10135','','AMINA (CAPTAIN)','1013',0),('10136','','SUMBAL (GRO)','1013',0),('10137','','FAHEEM (SERVER)','1013',0),('10138','','SAJAD MINHAS (H CAPTAIN)','1013',0),('10139','','SHEHRAM (CAPTAIN)','1013',0),('1014','','Allowance for doubtful accounts','101',0),('10140','','SAJID (CAPTAIN)','1013',0),('10141','','RAHEEM (CAPTAIN)','1013',0),('10142','','SADAQAT (SERVER)','1013',0),('10143','','BILAL (SERVER)','1013',0),('10144','','KIRAN (GRO)','1013',0),('10145','','USMAN (SERVER)','1013',0),('10146','','M NAEEM (DOOR BOY)','1013',0),('10147','','AMIR BAKERY CHEF ','1013',0),('10148','','RAFFI BAKERY HELPER ','1013',0),('10149','','TANVEER BAR MAN ','1013',0),('1015','','Witholding Tax Deducted at Source','101',0),('10150','','UMER BAR MAN HELPER ','1013',0),('10151','','ZAIN ICE CREAM ','1013',0),('10152','','MOON HOUSE KEEPER ','1013',0),('10153','','MUNAWAR HOUSE KEEPER ','1013',0),('10154','','HONEY HOUSE KEEPER ','1013',0),('10155','','TAHIR HOUSE KEEPER ','1013',0),('10156','','ALI HOUSE KEEPER ','1013',0),('10157','','WAJAHAT FRONT COUNTER ','1013',0),('10158','','AFZAL HUSSAIN EX-CHEF ','1013',0),('10159','','AQEEL HUSSAIN CHEFF ','1013',0),('1016','','Witholding Tax Deducted at Source - Service','101',0),('10160','','GULZAR COOK','1013',0),('10161','','IJAZ COOK ','1013',0),('10162','','SALAH UD DIN COOK ','1013',0),('10163','','MOHSIN KIT HELPER ','1013',0),('10164','','SIKANDAR CHEF','1013',0),('10165','','IQBAL COOK ','1013',0),('10166','','SHUJAT COOK ','1013',0),('10167','','GULAM NABI COOK ','1013',0),('10168','','MUSA KHAN CHEF ','1013',0),('10169','','AMIR DISH WASHER ','1013',0),('1017','','Witholding Tax Deducted at Source - SRB/PRA','101',0),('10170','','ANWAR DISH WASHER ','1013',0),('10171','','GULZAR DISH WASHER ','1013',0),('10172','','NAJEEB DISH WASHER ','1013',0),('10173','','WALI KHAN EXPERTIOR ','1013',0),('10174','','IFTIKHAR (BACKUP)','1013',0),('10175','','IBRAR ALI (BACKUP)','1013',0),('10176','','CEO HAROON ELAHI ','1013',0),('1018','','Witholding Tax Deducted at Source - Supplies','101',0),('1021','','Inventory','102',0),('1022','','Stocks of Raw Materials','102',0),('1023','','Stocks of Work In Progress','102',0),('1024','','Stocks of Finished Goods','102',0),('1025','','Goods Received Clearing account','102',0),('10300','','RAZI SHAH MALL MANGER','1015',0),('1031','','Office Furniture and Equipment','103',0),('1032','','Accum. Amort. - Furn. and Equip.','103',0),('1033','','Vehicle','103',0),('1034','','Accum. Amort. - Vehicle','103',0),('2011','','Accounts Payable','201',0),('20111','','ADVANCES FOR FUTURE AGAINST BILL ','2011',0),('2012','','Witholding Tax','201',0),('2013','','GST Input','201',0),('2014','','GST Output','201',0),('2021','','Bank Loans','202',0),('2022','','Loans from Shareholders','202',0),('3011','','Common Shares','301',0),('3012','','Opening Balance Equity','301',0),('3021','','Reserves and Surplus','302',0),('4011','','Sales Revenue','403',0),('4021','','Shipping and Handling','402',0),('4022','','Interest','402',0),('4023','','Foreign Exchange Gain','402',0),('4024','','Incentives','101',0),('4025','','Discounts Given','402',0),('4026','4026','SALES REVENUE ANTIQUE CAFE  ','402',0),('4027','','Excess Cash From Cafe','402',0),('5011','','Cost of Goods Sold - Retail','501',0),('5012','','Material Usage Variance','501',0),('5013','','Consumable Materials','501',0),('5014','','Purchase Price Variance','501',0),('5015','','Purchases of Materials','501',0),('5016','','Discounts Received','501',0),('5017','','Freight','501',0),('5018','','Salary Expense - Operations','101',0),('5019','','MARINE WORLD ( AQUARIUM)','101',0),('5030','','Profit and Loss','503',0),('5031','','Accounting and Legal','503',0),('5032','','Advertising and Promotions','503',0),('5033','','Bad Debts','503',0),('5034','','Amortization Expense','503',0),('5035','','Insurance','503',0),('5036','','Interest and Bank Charges','503',0),('5037','','Office Supplies','503',0),('5038','','Rent','503',0),('5039','','Repair and Maintenance','503',0),('5040','','Telephone','503',0),('5041','','Travel and Entertainment','503',0),('5042','','Utilities','503',0),('5043','','Registrations','503',0),('5044','','Licenses','503',0),('5045','','Foreign Exchange Loss','503',0),('5046','','SERVICE/HVAC/ELECTRICITY ALI TRADE CENTER  ','503',0),('5047','','RENT CAFE ALI TRADE CENTER ','503',0),('5048','','AUTO FAIRS STAFF ','503',0),('5049','','INTERNET BILL WATEEN ','503',0),('5050','','INTERNET BILL PTCL ','503',0),('5051','','PETROL LE-4698 ','503',0),('5052','','MAINTENANCE CAR LE-4698  ','503',0),('5053','','MOBILE AND TELEPHONE  EXPENSES ','503',0),('5054','','MAINTENANCE EXPENSE CAFE ','503',0),('5055','','STAFF FOOD EXPENSE ','503',0),('5056','','GLASS POLISH AQUARIUM ','503',0),('5057','','AQUARIUM MENTINENCE  EXPENSE ','503',0),('5058','','ICE LOCAL FOR KITCHEN ','503',0),('5059','','DECORATION EXPENSE( FLOWERS)','503',0),('5060','','Other Administrative Expense','503',0),('5061','','Stationary Expense For Head Office','503',0);
/*!40000 ALTER TABLE `0_chart_master` ENABLE KEYS */;
UNLOCK TABLES;

--
-- Table structure for table `0_chart_types`
--

DROP TABLE IF EXISTS `0_chart_types`;
/*!40101 SET @saved_cs_client     = @@character_set_client */;
/*!40101 SET character_set_client = utf8 */;
CREATE TABLE `0_chart_types` (
  `id` varchar(10) COLLATE utf8_unicode_ci NOT NULL,
  `name` varchar(60) COLLATE utf8_unicode_ci NOT NULL DEFAULT '',
  `class_id` varchar(3) COLLATE utf8_unicode_ci NOT NULL DEFAULT '',
  `parent` varchar(10) COLLATE utf8_unicode_ci NOT NULL DEFAULT '-1',
  `inactive` tinyint(1) NOT NULL DEFAULT '0',
  PRIMARY KEY (`id`),
  KEY `name` (`name`),
  KEY `class_id` (`class_id`)
) ENGINE=InnoDB DEFAULT CHARSET=utf8 COLLATE=utf8_unicode_ci;
/*!40101 SET character_set_client = @saved_cs_client */;

--
-- Dumping data for table `0_chart_types`
--

LOCK TABLES `0_chart_types` WRITE;
/*!40000 ALTER TABLE `0_chart_types` DISABLE KEYS */;
INSERT INTO `0_chart_types` VALUES ('101','Current Assets','10','',0),('1011','Cash','10','101',0),('1012','Bank','10','101',0),('1013','Staff Advances ','10','101',0),('1015','RECEIVABLE AGAINST CAFE  ','10','101',0),('102','Inventory Assets','10','',0),('103','Fixed Assets','10','',0),('201','Current Liabilities','20','',0),('2011','ADVANCES FOR FUTURE BILLING ','20','201',0),('202','Long Term Liabilities','20','',0),('301','Share Capital','30','',0),('302','Retained Earnings','30','',0),('402','Other Revenue','40','',0),('403','Sales Revenue Beef Classic Items','40','',0),('501','Cost of Goods Sold','50','',0),('502','Payroll Expenses','50','',0),('503','General &amp; Administrative Expenses','50','',0);
/*!40000 ALTER TABLE `0_chart_types` ENABLE KEYS */;
UNLOCK TABLES;

--
-- Table structure for table `0_combo_1`
--

DROP TABLE IF EXISTS `0_combo_1`;
/*!40101 SET @saved_cs_client     = @@character_set_client */;
/*!40101 SET character_set_client = utf8 */;
CREATE TABLE `0_combo_1` (
  `combo_code` int(11) NOT NULL AUTO_INCREMENT,
  `description` varchar(60) COLLATE utf8_unicode_ci NOT NULL DEFAULT '',
  `inactive` tinyint(1) NOT NULL DEFAULT '0',
  PRIMARY KEY (`combo_code`),
  UNIQUE KEY `description` (`description`)
) ENGINE=InnoDB DEFAULT CHARSET=utf8 COLLATE=utf8_unicode_ci;
/*!40101 SET character_set_client = @saved_cs_client */;

--
-- Dumping data for table `0_combo_1`
--

LOCK TABLES `0_combo_1` WRITE;
/*!40000 ALTER TABLE `0_combo_1` DISABLE KEYS */;
/*!40000 ALTER TABLE `0_combo_1` ENABLE KEYS */;
UNLOCK TABLES;

--
-- Table structure for table `0_combo_2`
--

DROP TABLE IF EXISTS `0_combo_2`;
/*!40101 SET @saved_cs_client     = @@character_set_client */;
/*!40101 SET character_set_client = utf8 */;
CREATE TABLE `0_combo_2` (
  `combo_code` int(11) NOT NULL AUTO_INCREMENT,
  `description` varchar(60) COLLATE utf8_unicode_ci NOT NULL DEFAULT '',
  `inactive` tinyint(1) NOT NULL DEFAULT '0',
  PRIMARY KEY (`combo_code`),
  UNIQUE KEY `description` (`description`)
) ENGINE=InnoDB DEFAULT CHARSET=utf8 COLLATE=utf8_unicode_ci;
/*!40101 SET character_set_client = @saved_cs_client */;

--
-- Dumping data for table `0_combo_2`
--

LOCK TABLES `0_combo_2` WRITE;
/*!40000 ALTER TABLE `0_combo_2` DISABLE KEYS */;
/*!40000 ALTER TABLE `0_combo_2` ENABLE KEYS */;
UNLOCK TABLES;

--
-- Table structure for table `0_combo_3`
--

DROP TABLE IF EXISTS `0_combo_3`;
/*!40101 SET @saved_cs_client     = @@character_set_client */;
/*!40101 SET character_set_client = utf8 */;
CREATE TABLE `0_combo_3` (
  `combo_code` int(11) NOT NULL AUTO_INCREMENT,
  `description` varchar(60) COLLATE utf8_unicode_ci NOT NULL DEFAULT '',
  `inactive` tinyint(1) NOT NULL DEFAULT '0',
  PRIMARY KEY (`combo_code`),
  UNIQUE KEY `description` (`description`)
) ENGINE=InnoDB DEFAULT CHARSET=utf8 COLLATE=utf8_unicode_ci;
/*!40101 SET character_set_client = @saved_cs_client */;

--
-- Dumping data for table `0_combo_3`
--

LOCK TABLES `0_combo_3` WRITE;
/*!40000 ALTER TABLE `0_combo_3` DISABLE KEYS */;
/*!40000 ALTER TABLE `0_combo_3` ENABLE KEYS */;
UNLOCK TABLES;

--
-- Table structure for table `0_combo_item_1`
--

DROP TABLE IF EXISTS `0_combo_item_1`;
/*!40101 SET @saved_cs_client     = @@character_set_client */;
/*!40101 SET character_set_client = utf8 */;
CREATE TABLE `0_combo_item_1` (
  `combo_code` int(11) NOT NULL AUTO_INCREMENT,
  `description` varchar(60) COLLATE utf8_unicode_ci NOT NULL DEFAULT '',
  `inactive` tinyint(1) NOT NULL DEFAULT '0',
  PRIMARY KEY (`combo_code`),
  UNIQUE KEY `description` (`description`)
) ENGINE=InnoDB DEFAULT CHARSET=utf8 COLLATE=utf8_unicode_ci;
/*!40101 SET character_set_client = @saved_cs_client */;

--
-- Dumping data for table `0_combo_item_1`
--

LOCK TABLES `0_combo_item_1` WRITE;
/*!40000 ALTER TABLE `0_combo_item_1` DISABLE KEYS */;
INSERT INTO `0_combo_item_1` VALUES (1,'item combo 1',0);
/*!40000 ALTER TABLE `0_combo_item_1` ENABLE KEYS */;
UNLOCK TABLES;

--
-- Table structure for table `0_combo_item_2`
--

DROP TABLE IF EXISTS `0_combo_item_2`;
/*!40101 SET @saved_cs_client     = @@character_set_client */;
/*!40101 SET character_set_client = utf8 */;
CREATE TABLE `0_combo_item_2` (
  `combo_code` int(11) NOT NULL AUTO_INCREMENT,
  `description` varchar(60) COLLATE utf8_unicode_ci NOT NULL DEFAULT '',
  `inactive` tinyint(1) NOT NULL DEFAULT '0',
  PRIMARY KEY (`combo_code`),
  UNIQUE KEY `description` (`description`)
) ENGINE=InnoDB DEFAULT CHARSET=utf8 COLLATE=utf8_unicode_ci;
/*!40101 SET character_set_client = @saved_cs_client */;

--
-- Dumping data for table `0_combo_item_2`
--

LOCK TABLES `0_combo_item_2` WRITE;
/*!40000 ALTER TABLE `0_combo_item_2` DISABLE KEYS */;
INSERT INTO `0_combo_item_2` VALUES (1,'item combo 2',0);
/*!40000 ALTER TABLE `0_combo_item_2` ENABLE KEYS */;
UNLOCK TABLES;

--
-- Table structure for table `0_combo_item_3`
--

DROP TABLE IF EXISTS `0_combo_item_3`;
/*!40101 SET @saved_cs_client     = @@character_set_client */;
/*!40101 SET character_set_client = utf8 */;
CREATE TABLE `0_combo_item_3` (
  `combo_code` int(11) NOT NULL AUTO_INCREMENT,
  `description` varchar(60) COLLATE utf8_unicode_ci NOT NULL DEFAULT '',
  `inactive` tinyint(1) NOT NULL DEFAULT '0',
  PRIMARY KEY (`combo_code`),
  UNIQUE KEY `description` (`description`)
) ENGINE=InnoDB DEFAULT CHARSET=utf8 COLLATE=utf8_unicode_ci;
/*!40101 SET character_set_client = @saved_cs_client */;

--
-- Dumping data for table `0_combo_item_3`
--

LOCK TABLES `0_combo_item_3` WRITE;
/*!40000 ALTER TABLE `0_combo_item_3` DISABLE KEYS */;
INSERT INTO `0_combo_item_3` VALUES (1,'item combo 1',0);
/*!40000 ALTER TABLE `0_combo_item_3` ENABLE KEYS */;
UNLOCK TABLES;

--
-- Table structure for table `0_combo_so_1`
--

DROP TABLE IF EXISTS `0_combo_so_1`;
/*!40101 SET @saved_cs_client     = @@character_set_client */;
/*!40101 SET character_set_client = utf8 */;
CREATE TABLE `0_combo_so_1` (
  `combo_code` int(11) NOT NULL AUTO_INCREMENT,
  `description` varchar(60) COLLATE utf8_unicode_ci NOT NULL DEFAULT '',
  `inactive` tinyint(1) NOT NULL DEFAULT '0',
  PRIMARY KEY (`combo_code`),
  UNIQUE KEY `description` (`description`)
) ENGINE=InnoDB DEFAULT CHARSET=utf8 COLLATE=utf8_unicode_ci;
/*!40101 SET character_set_client = @saved_cs_client */;

--
-- Dumping data for table `0_combo_so_1`
--

LOCK TABLES `0_combo_so_1` WRITE;
/*!40000 ALTER TABLE `0_combo_so_1` DISABLE KEYS */;
/*!40000 ALTER TABLE `0_combo_so_1` ENABLE KEYS */;
UNLOCK TABLES;

--
-- Table structure for table `0_combo_so_2`
--

DROP TABLE IF EXISTS `0_combo_so_2`;
/*!40101 SET @saved_cs_client     = @@character_set_client */;
/*!40101 SET character_set_client = utf8 */;
CREATE TABLE `0_combo_so_2` (
  `combo_code` int(11) NOT NULL AUTO_INCREMENT,
  `description` varchar(60) COLLATE utf8_unicode_ci NOT NULL DEFAULT '',
  `inactive` tinyint(1) NOT NULL DEFAULT '0',
  PRIMARY KEY (`combo_code`),
  UNIQUE KEY `description` (`description`)
) ENGINE=InnoDB DEFAULT CHARSET=utf8 COLLATE=utf8_unicode_ci;
/*!40101 SET character_set_client = @saved_cs_client */;

--
-- Dumping data for table `0_combo_so_2`
--

LOCK TABLES `0_combo_so_2` WRITE;
/*!40000 ALTER TABLE `0_combo_so_2` DISABLE KEYS */;
/*!40000 ALTER TABLE `0_combo_so_2` ENABLE KEYS */;
UNLOCK TABLES;

--
-- Table structure for table `0_combo_so_3`
--

DROP TABLE IF EXISTS `0_combo_so_3`;
/*!40101 SET @saved_cs_client     = @@character_set_client */;
/*!40101 SET character_set_client = utf8 */;
CREATE TABLE `0_combo_so_3` (
  `combo_code` int(11) NOT NULL AUTO_INCREMENT,
  `description` varchar(60) COLLATE utf8_unicode_ci NOT NULL DEFAULT '',
  `inactive` tinyint(1) NOT NULL DEFAULT '0',
  PRIMARY KEY (`combo_code`),
  UNIQUE KEY `description` (`description`)
) ENGINE=InnoDB DEFAULT CHARSET=utf8 COLLATE=utf8_unicode_ci;
/*!40101 SET character_set_client = @saved_cs_client */;

--
-- Dumping data for table `0_combo_so_3`
--

LOCK TABLES `0_combo_so_3` WRITE;
/*!40000 ALTER TABLE `0_combo_so_3` DISABLE KEYS */;
/*!40000 ALTER TABLE `0_combo_so_3` ENABLE KEYS */;
UNLOCK TABLES;

--
-- Table structure for table `0_combo_so_4`
--

DROP TABLE IF EXISTS `0_combo_so_4`;
/*!40101 SET @saved_cs_client     = @@character_set_client */;
/*!40101 SET character_set_client = utf8 */;
CREATE TABLE `0_combo_so_4` (
  `combo_code` int(11) NOT NULL AUTO_INCREMENT,
  `description` varchar(60) COLLATE utf8_unicode_ci NOT NULL DEFAULT '',
  `inactive` tinyint(1) NOT NULL DEFAULT '0',
  PRIMARY KEY (`combo_code`),
  UNIQUE KEY `description` (`description`)
) ENGINE=InnoDB DEFAULT CHARSET=utf8 COLLATE=utf8_unicode_ci;
/*!40101 SET character_set_client = @saved_cs_client */;

--
-- Dumping data for table `0_combo_so_4`
--

LOCK TABLES `0_combo_so_4` WRITE;
/*!40000 ALTER TABLE `0_combo_so_4` DISABLE KEYS */;
/*!40000 ALTER TABLE `0_combo_so_4` ENABLE KEYS */;
UNLOCK TABLES;

--
-- Table structure for table `0_combo_so_5`
--

DROP TABLE IF EXISTS `0_combo_so_5`;
/*!40101 SET @saved_cs_client     = @@character_set_client */;
/*!40101 SET character_set_client = utf8 */;
CREATE TABLE `0_combo_so_5` (
  `combo_code` int(11) NOT NULL AUTO_INCREMENT,
  `description` varchar(60) COLLATE utf8_unicode_ci NOT NULL DEFAULT '',
  `inactive` tinyint(1) NOT NULL DEFAULT '0',
  PRIMARY KEY (`combo_code`),
  UNIQUE KEY `description` (`description`)
) ENGINE=InnoDB DEFAULT CHARSET=utf8 COLLATE=utf8_unicode_ci;
/*!40101 SET character_set_client = @saved_cs_client */;

--
-- Dumping data for table `0_combo_so_5`
--

LOCK TABLES `0_combo_so_5` WRITE;
/*!40000 ALTER TABLE `0_combo_so_5` DISABLE KEYS */;
/*!40000 ALTER TABLE `0_combo_so_5` ENABLE KEYS */;
UNLOCK TABLES;

--
-- Table structure for table `0_combo_so_6`
--

DROP TABLE IF EXISTS `0_combo_so_6`;
/*!40101 SET @saved_cs_client     = @@character_set_client */;
/*!40101 SET character_set_client = utf8 */;
CREATE TABLE `0_combo_so_6` (
  `combo_code` int(11) NOT NULL,
  `description` varchar(60) CHARACTER SET utf8 COLLATE utf8_unicode_ci NOT NULL DEFAULT '',
  `inactive` tinyint(1) NOT NULL DEFAULT '0'
) ENGINE=InnoDB DEFAULT CHARSET=latin1;
/*!40101 SET character_set_client = @saved_cs_client */;

--
-- Dumping data for table `0_combo_so_6`
--

LOCK TABLES `0_combo_so_6` WRITE;
/*!40000 ALTER TABLE `0_combo_so_6` DISABLE KEYS */;
/*!40000 ALTER TABLE `0_combo_so_6` ENABLE KEYS */;
UNLOCK TABLES;

--
-- Table structure for table `0_comments`
--

DROP TABLE IF EXISTS `0_comments`;
/*!40101 SET @saved_cs_client     = @@character_set_client */;
/*!40101 SET character_set_client = utf8 */;
CREATE TABLE `0_comments` (
  `type` int(11) NOT NULL DEFAULT '0',
  `id` int(11) NOT NULL DEFAULT '0',
  `date_` date DEFAULT '0000-00-00',
  `memo_` tinytext COLLATE utf8_unicode_ci,
  KEY `type_and_id` (`type`,`id`)
) ENGINE=InnoDB DEFAULT CHARSET=utf8 COLLATE=utf8_unicode_ci;
/*!40101 SET character_set_client = @saved_cs_client */;

--
-- Dumping data for table `0_comments`
--

LOCK TABLES `0_comments` WRITE;
/*!40000 ALTER TABLE `0_comments` DISABLE KEYS */;
INSERT INTO `0_comments` VALUES (17,2,'2017-10-06','\n'),(13,1,'2017-10-08','OPENING STOCK WAS TAKEN ON 5TH OCT 2017 MID NIGHT '),(10,1,'2017-10-08','OPENING STOCK WAS TAKEN ON 5TH OCT 2017 MID NIGHT '),(22,2,'2017-10-12','issue 06/10/17'),(0,6,'2017-10-09','sale of 06 and 07 OCT 2017'),(22,5,'2017-10-06','Payment for:17015945 (PI33)'),(22,7,'2017-10-07','Payment for:6L-000169869 (PI34)'),(22,8,'2017-10-06','Payment for:1278435 (PI35)'),(22,9,'2017-10-09','Payment for:819 (PI36)'),(22,10,'2017-10-09','Payment for:161906 (PI38)'),(22,11,'2017-10-09','Payment for:5426 (PI39)'),(22,12,'2017-10-07','Payment for:petty cash (14) (PI40)'),(22,13,'2017-10-10','300 FREIGHT CHARGES RECORCED SPERATELY'),(22,14,'2017-10-11','8247'),(20,47,'2017-10-11','these all figures are excluding Tax.\nGST IS 4886.');
/*!40000 ALTER TABLE `0_comments` ENABLE KEYS */;
UNLOCK TABLES;

--
-- Table structure for table `0_credit_status`
--

DROP TABLE IF EXISTS `0_credit_status`;
/*!40101 SET @saved_cs_client     = @@character_set_client */;
/*!40101 SET character_set_client = utf8 */;
CREATE TABLE `0_credit_status` (
  `id` int(11) NOT NULL AUTO_INCREMENT,
  `reason_description` char(100) COLLATE utf8_unicode_ci NOT NULL DEFAULT '',
  `dissallow_invoices` tinyint(1) NOT NULL DEFAULT '0',
  `inactive` tinyint(1) NOT NULL DEFAULT '0',
  PRIMARY KEY (`id`),
  UNIQUE KEY `reason_description` (`reason_description`)
) ENGINE=InnoDB DEFAULT CHARSET=utf8 COLLATE=utf8_unicode_ci;
/*!40101 SET character_set_client = @saved_cs_client */;

--
-- Dumping data for table `0_credit_status`
--

LOCK TABLES `0_credit_status` WRITE;
/*!40000 ALTER TABLE `0_credit_status` DISABLE KEYS */;
INSERT INTO `0_credit_status` VALUES (1,'Good History',0,0),(3,'No more work until payment received',1,0),(4,'In liquidation',1,0);
/*!40000 ALTER TABLE `0_credit_status` ENABLE KEYS */;
UNLOCK TABLES;

--
-- Table structure for table `0_crm_categories`
--

DROP TABLE IF EXISTS `0_crm_categories`;
/*!40101 SET @saved_cs_client     = @@character_set_client */;
/*!40101 SET character_set_client = utf8 */;
CREATE TABLE `0_crm_categories` (
  `id` int(11) NOT NULL AUTO_INCREMENT COMMENT 'pure technical key',
  `type` varchar(20) COLLATE utf8_unicode_ci NOT NULL COMMENT 'contact type e.g. customer',
  `action` varchar(20) COLLATE utf8_unicode_ci NOT NULL COMMENT 'detailed usage e.g. department',
  `name` varchar(30) COLLATE utf8_unicode_ci NOT NULL COMMENT 'for category selector',
  `description` tinytext COLLATE utf8_unicode_ci NOT NULL COMMENT 'usage description',
  `system` tinyint(1) NOT NULL DEFAULT '0' COMMENT 'nonzero for core system usage',
  `inactive` tinyint(1) NOT NULL DEFAULT '0',
  PRIMARY KEY (`id`),
  UNIQUE KEY `type` (`type`,`action`),
  UNIQUE KEY `type_2` (`type`,`name`)
) ENGINE=InnoDB DEFAULT CHARSET=utf8 COLLATE=utf8_unicode_ci;
/*!40101 SET character_set_client = @saved_cs_client */;

--
-- Dumping data for table `0_crm_categories`
--

LOCK TABLES `0_crm_categories` WRITE;
/*!40000 ALTER TABLE `0_crm_categories` DISABLE KEYS */;
INSERT INTO `0_crm_categories` VALUES (1,'cust_branch','general','General','General contact data for customer branch (overrides company setting)',1,0),(2,'cust_branch','invoice','Invoices','Invoice posting (overrides company setting)',1,0),(3,'cust_branch','order','Orders','Order confirmation (overrides company setting)',1,0),(4,'cust_branch','delivery','Deliveries','Delivery coordination (overrides company setting)',1,0),(5,'customer','general','General','General contact data for customer',1,0),(6,'customer','order','Orders','Order confirmation',1,0),(7,'customer','delivery','Deliveries','Delivery coordination',1,0),(8,'customer','invoice','Invoices','Invoice posting',1,0),(9,'supplier','general','General','General contact data for supplier',1,0),(10,'supplier','order','Orders','Order confirmation',1,0),(11,'supplier','delivery','Deliveries','Delivery coordination',1,0),(12,'supplier','invoice','Invoices','Invoice posting',1,0);
/*!40000 ALTER TABLE `0_crm_categories` ENABLE KEYS */;
UNLOCK TABLES;

--
-- Table structure for table `0_crm_contacts`
--

DROP TABLE IF EXISTS `0_crm_contacts`;
/*!40101 SET @saved_cs_client     = @@character_set_client */;
/*!40101 SET character_set_client = utf8 */;
CREATE TABLE `0_crm_contacts` (
  `id` int(11) NOT NULL AUTO_INCREMENT,
  `person_id` int(11) NOT NULL DEFAULT '0' COMMENT 'foreign key to crm_contacts',
  `type` varchar(20) COLLATE utf8_unicode_ci NOT NULL COMMENT 'foreign key to crm_categories',
  `action` varchar(20) COLLATE utf8_unicode_ci NOT NULL COMMENT 'foreign key to crm_categories',
  `entity_id` varchar(11) COLLATE utf8_unicode_ci DEFAULT NULL COMMENT 'entity id in related class table',
  PRIMARY KEY (`id`),
  KEY `type` (`type`,`action`)
) ENGINE=InnoDB DEFAULT CHARSET=utf8 COLLATE=utf8_unicode_ci;
/*!40101 SET character_set_client = @saved_cs_client */;

--
-- Dumping data for table `0_crm_contacts`
--

LOCK TABLES `0_crm_contacts` WRITE;
/*!40000 ALTER TABLE `0_crm_contacts` DISABLE KEYS */;
INSERT INTO `0_crm_contacts` VALUES (1,1,'cust_branch','general','1'),(2,1,'customer','general','1'),(3,2,'cust_branch','general','2'),(4,2,'customer','general','2'),(5,3,'cust_branch','general','3'),(6,3,'customer','general','3'),(7,4,'cust_branch','general','4'),(8,4,'customer','general','4'),(9,5,'cust_branch','general','5'),(10,5,'customer','general','5'),(11,6,'cust_branch','general','6'),(12,6,'customer','general','6'),(13,7,'supplier','general','1'),(14,8,'supplier','general','2'),(15,9,'supplier','general','3'),(16,10,'supplier','general','4'),(17,11,'supplier','general','5'),(18,12,'supplier','general','6'),(19,13,'supplier','general','7'),(20,14,'supplier','general','8'),(21,15,'supplier','general','9'),(22,16,'supplier','general','10'),(23,17,'supplier','general','11'),(24,18,'supplier','general','12'),(25,19,'supplier','general','13'),(26,20,'cust_branch','general','7'),(27,20,'customer','general','7'),(28,21,'supplier','general','14'),(29,22,'supplier','general','15'),(30,23,'supplier','general','16'),(31,24,'supplier','general','17'),(32,25,'supplier','general','18'),(33,26,'supplier','general','19'),(34,27,'cust_branch','general','8'),(35,27,'customer','general','10'),(36,28,'supplier','general','20'),(37,29,'supplier','general','21'),(38,30,'supplier','general','22'),(39,31,'supplier','general','23');
/*!40000 ALTER TABLE `0_crm_contacts` ENABLE KEYS */;
UNLOCK TABLES;

--
-- Table structure for table `0_crm_persons`
--

DROP TABLE IF EXISTS `0_crm_persons`;
/*!40101 SET @saved_cs_client     = @@character_set_client */;
/*!40101 SET character_set_client = utf8 */;
CREATE TABLE `0_crm_persons` (
  `id` int(11) NOT NULL AUTO_INCREMENT,
  `ref` varchar(30) COLLATE utf8_unicode_ci NOT NULL,
  `name` varchar(60) COLLATE utf8_unicode_ci NOT NULL,
  `name2` varchar(60) COLLATE utf8_unicode_ci DEFAULT NULL,
  `address` tinytext COLLATE utf8_unicode_ci,
  `phone` varchar(30) COLLATE utf8_unicode_ci DEFAULT NULL,
  `phone2` varchar(30) COLLATE utf8_unicode_ci DEFAULT NULL,
  `fax` varchar(30) COLLATE utf8_unicode_ci DEFAULT NULL,
  `email` varchar(100) COLLATE utf8_unicode_ci DEFAULT NULL,
  `lang` char(5) COLLATE utf8_unicode_ci DEFAULT NULL,
  `notes` tinytext COLLATE utf8_unicode_ci NOT NULL,
  `inactive` tinyint(1) NOT NULL DEFAULT '0',
  PRIMARY KEY (`id`),
  KEY `ref` (`ref`)
) ENGINE=InnoDB DEFAULT CHARSET=utf8 COLLATE=utf8_unicode_ci;
/*!40101 SET character_set_client = @saved_cs_client */;

--
-- Dumping data for table `0_crm_persons`
--

LOCK TABLES `0_crm_persons` WRITE;
/*!40000 ALTER TABLE `0_crm_persons` DISABLE KEYS */;
INSERT INTO `0_crm_persons` VALUES (1,'CHEF AFZAL ','MAIN KITCHEN ANTIQUE',NULL,NULL,NULL,NULL,NULL,NULL,NULL,'',0),(2,'SAJAD ','FRONT OF THE HOUSE ',NULL,NULL,NULL,NULL,NULL,NULL,NULL,'',0),(3,'BAKERY SECTION ANTIQUE ','BAKERY SECTION ANTIQUE ',NULL,NULL,NULL,NULL,NULL,NULL,NULL,'',0),(4,'BAR SECTION ANTIQUE ','BAR SECTION ANTIQUE ',NULL,NULL,NULL,NULL,NULL,NULL,NULL,'',0),(5,'MIRCH MASALA GAS BILL','MIRCH MASALA GAS BILL ',NULL,NULL,NULL,NULL,NULL,NULL,NULL,'',0),(6,'HOUSE KEEPING DEPARTMENT ','HOUSE KEEPING DEPARTMENT ',NULL,NULL,NULL,NULL,NULL,NULL,NULL,'',0),(7,'K&amp;Ns Chickens ','',NULL,NULL,NULL,NULL,NULL,NULL,NULL,'',0),(8,'H Super Mart ','',NULL,NULL,NULL,NULL,NULL,NULL,NULL,'',0),(9,'Imtiyaz Super Store ','',NULL,NULL,NULL,NULL,NULL,NULL,NULL,'',0),(10,'Metro Cash &amp; Carry ','',NULL,NULL,NULL,NULL,NULL,NULL,NULL,'',0),(11,'Sohail Vegetables ','',NULL,NULL,NULL,NULL,NULL,NULL,NULL,'',0),(12,'Daily Veg 9 Maqsood butt ','',NULL,NULL,NULL,NULL,NULL,NULL,NULL,'',0),(13,'SBS Sea Food','',NULL,NULL,NULL,NULL,NULL,NULL,NULL,'',0),(14,'Chicken Local  ','',NULL,NULL,NULL,NULL,NULL,NULL,NULL,'',0),(15,'Nova Publishing ','',NULL,NULL,NULL,NULL,NULL,NULL,NULL,'',0),(16,'Biotech Packages ','',NULL,NULL,NULL,NULL,NULL,NULL,NULL,'',0),(17,'Rizwan Bulk Cleaning Supplies ','',NULL,NULL,NULL,NULL,NULL,NULL,NULL,'',0),(18,'Cash Purchase Locale ','',NULL,NULL,NULL,NULL,NULL,NULL,NULL,'',0),(19,'Cash Purchase Imported ','',NULL,NULL,NULL,NULL,NULL,NULL,NULL,'',0),(20,'Front Cutlery &amp; Crockery ','Front Cutlery &amp; Crockery ',NULL,NULL,NULL,NULL,NULL,NULL,NULL,'',0),(21,'Raza','0','','','04236665728','03214204497','','','','',0),(22,'LATIF STORE','','','','','','','','','',0),(23,'MEAT SNAKES','','','','','','','','','',0),(24,'FRESH VEGETABLE','','','','','','','','','',0),(25,'ICE DICE','','','','','','','','','',0),(26,'LAUNDRY NADEEM','','','','','','','','','',0),(27,'MAIN KITCHEN ANTIQUE CAFE','MAIN KITCHEN ANTIQUE CAFE','','','','','','','','',0),(28,'CHANDA STORE ','','','','03239002790','','','','','',0),(29,'HAJI GHULAM SARWAR &amp; SON','','','','','','','','','',0),(30,'COKE UNIFIED DISTRIBUTE ','','','','','','','','','',0),(31,'PEPSI RIAZ BOTTLERS ','','','','','','','','','',0);
/*!40000 ALTER TABLE `0_crm_persons` ENABLE KEYS */;
UNLOCK TABLES;

--
-- Table structure for table `0_currencies`
--

DROP TABLE IF EXISTS `0_currencies`;
/*!40101 SET @saved_cs_client     = @@character_set_client */;
/*!40101 SET character_set_client = utf8 */;
CREATE TABLE `0_currencies` (
  `currency` varchar(60) COLLATE utf8_unicode_ci NOT NULL DEFAULT '',
  `curr_abrev` char(3) COLLATE utf8_unicode_ci NOT NULL DEFAULT '',
  `curr_symbol` varchar(10) COLLATE utf8_unicode_ci NOT NULL DEFAULT '',
  `country` varchar(100) COLLATE utf8_unicode_ci NOT NULL DEFAULT '',
  `hundreds_name` varchar(15) COLLATE utf8_unicode_ci NOT NULL DEFAULT '',
  `auto_update` tinyint(1) NOT NULL DEFAULT '1',
  `inactive` tinyint(1) NOT NULL DEFAULT '0',
  PRIMARY KEY (`curr_abrev`)
) ENGINE=InnoDB DEFAULT CHARSET=utf8 COLLATE=utf8_unicode_ci;
/*!40101 SET character_set_client = @saved_cs_client */;

--
-- Dumping data for table `0_currencies`
--

LOCK TABLES `0_currencies` WRITE;
/*!40000 ALTER TABLE `0_currencies` DISABLE KEYS */;
INSERT INTO `0_currencies` VALUES ('Pakistani Rupee','PKR','Rs.','Pakistan','Paisa',0,0);
/*!40000 ALTER TABLE `0_currencies` ENABLE KEYS */;
UNLOCK TABLES;

--
-- Table structure for table `0_cust_allocations`
--

DROP TABLE IF EXISTS `0_cust_allocations`;
/*!40101 SET @saved_cs_client     = @@character_set_client */;
/*!40101 SET character_set_client = utf8 */;
CREATE TABLE `0_cust_allocations` (
  `id` int(11) NOT NULL AUTO_INCREMENT,
  `person_id` int(11) DEFAULT NULL,
  `amt` double unsigned DEFAULT NULL,
  `date_alloc` date NOT NULL DEFAULT '0000-00-00',
  `trans_no_from` int(11) DEFAULT NULL,
  `trans_type_from` int(11) DEFAULT NULL,
  `trans_no_to` int(11) DEFAULT NULL,
  `trans_type_to` int(11) DEFAULT NULL,
  PRIMARY KEY (`id`),
  UNIQUE KEY `trans_type_from` (`person_id`,`trans_type_from`,`trans_no_from`,`trans_type_to`,`trans_no_to`),
  KEY `From` (`trans_type_from`,`trans_no_from`),
  KEY `To` (`trans_type_to`,`trans_no_to`)
) ENGINE=InnoDB DEFAULT CHARSET=utf8 COLLATE=utf8_unicode_ci;
/*!40101 SET character_set_client = @saved_cs_client */;

--
-- Dumping data for table `0_cust_allocations`
--

LOCK TABLES `0_cust_allocations` WRITE;
/*!40000 ALTER TABLE `0_cust_allocations` DISABLE KEYS */;
/*!40000 ALTER TABLE `0_cust_allocations` ENABLE KEYS */;
UNLOCK TABLES;

--
-- Table structure for table `0_cust_branch`
--

DROP TABLE IF EXISTS `0_cust_branch`;
/*!40101 SET @saved_cs_client     = @@character_set_client */;
/*!40101 SET character_set_client = utf8 */;
CREATE TABLE `0_cust_branch` (
  `branch_code` int(11) NOT NULL AUTO_INCREMENT,
  `debtor_no` int(11) NOT NULL DEFAULT '0',
  `br_name` varchar(60) COLLATE utf8_unicode_ci NOT NULL DEFAULT '',
  `branch_ref` varchar(30) COLLATE utf8_unicode_ci NOT NULL DEFAULT '',
  `br_address` tinytext COLLATE utf8_unicode_ci NOT NULL,
  `area` int(11) DEFAULT NULL,
  `salesman` int(11) NOT NULL DEFAULT '0',
  `default_location` varchar(5) COLLATE utf8_unicode_ci NOT NULL DEFAULT '',
  `tax_group_id` int(11) DEFAULT NULL,
  `sales_account` varchar(15) COLLATE utf8_unicode_ci NOT NULL DEFAULT '',
  `sales_discount_account` varchar(15) COLLATE utf8_unicode_ci NOT NULL DEFAULT '',
  `receivables_account` varchar(15) COLLATE utf8_unicode_ci NOT NULL DEFAULT '',
  `payment_discount_account` varchar(15) COLLATE utf8_unicode_ci NOT NULL DEFAULT '',
  `default_ship_via` int(11) NOT NULL DEFAULT '1',
  `br_post_address` tinytext COLLATE utf8_unicode_ci NOT NULL,
  `group_no` int(11) NOT NULL DEFAULT '0',
  `notes` tinytext COLLATE utf8_unicode_ci NOT NULL,
  `bank_account` varchar(60) COLLATE utf8_unicode_ci DEFAULT NULL,
  `inactive` tinyint(1) NOT NULL DEFAULT '0',
  `contact_name` varchar(60) COLLATE utf8_unicode_ci DEFAULT NULL,
  `disable_trans` tinyint(4) DEFAULT NULL,
  PRIMARY KEY (`branch_code`,`debtor_no`),
  KEY `branch_ref` (`branch_ref`),
  KEY `group_no` (`group_no`)
) ENGINE=InnoDB DEFAULT CHARSET=utf8 COLLATE=utf8_unicode_ci;
/*!40101 SET character_set_client = @saved_cs_client */;

--
-- Dumping data for table `0_cust_branch`
--

LOCK TABLES `0_cust_branch` WRITE;
/*!40000 ALTER TABLE `0_cust_branch` DISABLE KEYS */;
INSERT INTO `0_cust_branch` VALUES (1,1,'MAIN KITCHEN ANTIQUE','CHEF AFZAL ','',1,1,'DEF',1,'','4025','1013','4025',1,'',0,'',NULL,0,NULL,NULL),(2,2,'FRONT OF THE HOUSE ','SAJAD ','',1,1,'DEF',1,'','4025','1013','4025',1,'',0,'',NULL,0,NULL,NULL),(3,3,'BAKERY SECTION ANTIQUE ','BAKERY SECTION ANTIQUE ','',1,1,'DEF',1,'','4025','1013','4025',1,'',0,'',NULL,0,NULL,NULL),(4,4,'BAR SECTION ANTIQUE ','BAR SECTION ANTIQUE ','',1,1,'DEF',1,'','4025','1013','4025',1,'',0,'',NULL,0,NULL,NULL),(5,5,'MIRCH MASALA GAS BILL ','MIRCH MASALA GAS BILL','',1,1,'DEF',1,'','4025','1013','4025',1,'',0,'',NULL,0,NULL,NULL),(6,6,'HOUSE KEEPING DEPARTMENT ','HOUSE KEEPING DEPARTMENT ','',1,1,'DEF',1,'','4025','1013','4025',1,'',0,'',NULL,0,NULL,NULL),(7,7,'Front Cutlery &amp; Crockery ','Front Cutlery &amp; Crockery ','',1,1,'001',1,'','4025','1013','4025',1,'',0,'',NULL,0,NULL,NULL),(8,10,'MAIN KITCHEN ANTIQUE CAFE','MAIN KITCHEN ANTIQUE CAFE','',1,1,'001',2,'','4025','1013','4025',1,'',0,'',NULL,0,NULL,NULL);
/*!40000 ALTER TABLE `0_cust_branch` ENABLE KEYS */;
UNLOCK TABLES;

--
-- Table structure for table `0_dashboard_reminders`
--

DROP TABLE IF EXISTS `0_dashboard_reminders`;
/*!40101 SET @saved_cs_client     = @@character_set_client */;
/*!40101 SET character_set_client = utf8 */;
CREATE TABLE `0_dashboard_reminders` (
  `id` int(11) NOT NULL AUTO_INCREMENT,
  `role_id` int(11) NOT NULL,
  `next_date` date NOT NULL,
  `description` text,
  `frequency` varchar(20) NOT NULL,
  `param` text,
  PRIMARY KEY (`id`)
) ENGINE=InnoDB DEFAULT CHARSET=utf8;
/*!40101 SET character_set_client = @saved_cs_client */;

--
-- Dumping data for table `0_dashboard_reminders`
--

LOCK TABLES `0_dashboard_reminders` WRITE;
/*!40000 ALTER TABLE `0_dashboard_reminders` DISABLE KEYS */;
/*!40000 ALTER TABLE `0_dashboard_reminders` ENABLE KEYS */;
UNLOCK TABLES;

--
-- Table structure for table `0_dashboard_widgets`
--

DROP TABLE IF EXISTS `0_dashboard_widgets`;
/*!40101 SET @saved_cs_client     = @@character_set_client */;
/*!40101 SET character_set_client = utf8 */;
CREATE TABLE `0_dashboard_widgets` (
  `id` int(11) NOT NULL AUTO_INCREMENT,
  `user_id` int(11) NOT NULL,
  `app` varchar(50) NOT NULL,
  `column_id` int(11) NOT NULL,
  `sort_no` int(11) NOT NULL,
  `collapsed` tinyint(1) NOT NULL,
  `widget` varchar(100) NOT NULL,
  `description` varchar(100) NOT NULL,
  `param` text,
  PRIMARY KEY (`id`)
) ENGINE=InnoDB DEFAULT CHARSET=utf8;
/*!40101 SET character_set_client = @saved_cs_client */;

--
-- Dumping data for table `0_dashboard_widgets`
--

LOCK TABLES `0_dashboard_widgets` WRITE;
/*!40000 ALTER TABLE `0_dashboard_widgets` DISABLE KEYS */;
INSERT INTO `0_dashboard_widgets` VALUES (1,1,'AP',1,1,0,'weeklysales','Top 10 Sales Weeks','{&quot;top&quot;:&quot;10&quot;,&quot;orderby&quot;:&quot;Gross Sales&quot;,&quot;orderby_seq&quot;:&quot;desc&quot;,&quot;graph_type&quot;:&quot;Table&quot;,&quot;data_filter&quot;:&quot;dm.payment_terms = -1&quot;}'),(2,1,'AP',1,0,0,'weeklysales','Weekly Sales','{&quot;top&quot;:&quot;&quot;,&quot;orderby&quot;:&quot;Week End&quot;,&quot;orderby_seq&quot;:&quot;asc&quot;,&quot;graph_type&quot;:&quot;LineChart&quot;,&quot;data_filter&quot;:&quot;&quot;}'),(3,1,'AP',2,1,0,'weeklysales','Lowest weeks sales','{&quot;top&quot;:&quot;10&quot;,&quot;orderby&quot;:&quot;Gross Sales&quot;,&quot;orderby_seq&quot;:&quot;asc&quot;,&quot;graph_type&quot;:&quot;Table&quot;,&quot;data_filter&quot;:&quot;&quot;}'),(6,1,'AP',2,0,0,'dailysales','Daily Sales','{&quot;top&quot;:&quot;10&quot;,&quot;data_filter&quot;:&quot;dm.payment_terms = -1&quot;,&quot;graph_type&quot;:&quot;LineChart&quot;}'),(7,1,'orders',1,0,0,'customers','Top 10 Customers','{&quot;top&quot;:&quot;10&quot;,&quot;data_filter&quot;:&quot;&quot;,&quot;graph_type&quot;:&quot;Table&quot;}'),(9,1,'orders',1,1,0,'salesinvoices','Overdue invoices','{&quot;data_filter&quot;:&quot;&quot;}'),(10,1,'AP',1,0,0,'suppliers','Top 10 Suppliers','{&quot;top&quot;:&quot;&quot;,&quot;data_filter&quot;:&quot;&quot;,&quot;graph_type&quot;:&quot;Table&quot;}'),(11,1,'AP',2,0,0,'suppliers','Top 10 Suppliers','{&quot;top&quot;:&quot;&quot;,&quot;data_filter&quot;:&quot;&quot;,&quot;graph_type&quot;:&quot;ColumnChart&quot;}'),(12,1,'GL',2,1,0,'glreturn','Return','{&quot;graph_type&quot;:&quot;Table&quot;,&quot;data_filter&quot;:&quot;&quot;}'),(13,1,'GL',2,0,0,'glreturn','Return','{&quot;graph_type&quot;:&quot;PieChart&quot;,&quot;data_filter&quot;:&quot;&quot;}'),(14,1,'stock',1,0,0,'items','Top 10 Items','{&quot;top&quot;:&quot;&quot;,&quot;item_type&quot;:&quot;stock&quot;,&quot;graph_type&quot;:&quot;Table&quot;,&quot;data_filter&quot;:&quot;&quot;}'),(15,1,'stock',2,0,0,'items','Top 10 Items','{&quot;top&quot;:&quot;&quot;,&quot;item_type&quot;:&quot;stock&quot;,&quot;graph_type&quot;:&quot;PieChart&quot;,&quot;data_filter&quot;:&quot;&quot;}'),(16,1,'manuf',1,0,0,'items','Top 10 items','{&quot;top&quot;:&quot;&quot;,&quot;item_type&quot;:&quot;manuf&quot;,&quot;graph_type&quot;:&quot;Table&quot;,&quot;data_filter&quot;:&quot;&quot;}'),(17,1,'manuf',2,0,0,'items','Top 10 Items','{&quot;top&quot;:&quot;&quot;,&quot;item_type&quot;:&quot;manuf&quot;,&quot;graph_type&quot;:&quot;PieChart&quot;,&quot;data_filter&quot;:&quot;&quot;}'),(18,1,'orders',2,0,0,'customers','Top 10 Customers','{&quot;top&quot;:&quot;&quot;,&quot;data_filter&quot;:&quot;&quot;,&quot;graph_type&quot;:&quot;ColumnChart&quot;}'),(19,1,'GL',2,2,0,'bankbalances','Bank Balances','{&quot;data_filter&quot;:&quot;&quot;}'),(20,1,'GL',1,1,0,'dailybankbalances','Daily Current Account Balance','{&quot;days_past&quot;:&quot;&quot;,&quot;days_future&quot;:&quot;&quot;,&quot;bank_act&quot;:&quot;0&quot;,&quot;graph_type&quot;:&quot;ColumnChart&quot;}'),(21,1,'GL',1,0,0,'banktransactions','Current Account Transactions','{&quot;days_past&quot;:&quot;15&quot;,&quot;days_future&quot;:&quot;15&quot;,&quot;bank_act&quot;:&quot;0&quot;,&quot;data_filter&quot;:&quot;&quot;}'),(22,2,'AP',1,1,0,'weeklysales','Top 10 Sales Weeks','{&quot;top&quot;:&quot;10&quot;,&quot;orderby&quot;:&quot;Gross Sales&quot;,&quot;orderby_seq&quot;:&quot;desc&quot;,&quot;graph_type&quot;:&quot;Table&quot;,&quot;data_filter&quot;:&quot;dm.payment_terms = -1&quot;}'),(23,2,'AP',1,0,0,'weeklysales','Weekly Sales','{&quot;top&quot;:&quot;&quot;,&quot;orderby&quot;:&quot;Week End&quot;,&quot;orderby_seq&quot;:&quot;asc&quot;,&quot;graph_type&quot;:&quot;LineChart&quot;,&quot;data_filter&quot;:&quot;&quot;}'),(24,2,'AP',2,1,0,'weeklysales','Lowest weeks sales','{&quot;top&quot;:&quot;10&quot;,&quot;orderby&quot;:&quot;Gross Sales&quot;,&quot;orderby_seq&quot;:&quot;asc&quot;,&quot;graph_type&quot;:&quot;Table&quot;,&quot;data_filter&quot;:&quot;&quot;}'),(25,2,'AP',2,0,0,'dailysales','Daily Sales','{&quot;top&quot;:&quot;10&quot;,&quot;data_filter&quot;:&quot;dm.payment_terms = -1&quot;,&quot;graph_type&quot;:&quot;LineChart&quot;}'),(26,2,'orders',1,0,0,'customers','Top 10 Customers','{&quot;top&quot;:&quot;10&quot;,&quot;data_filter&quot;:&quot;&quot;,&quot;graph_type&quot;:&quot;Table&quot;}'),(27,2,'orders',1,1,0,'salesinvoices','Overdue invoices','{&quot;data_filter&quot;:&quot;&quot;}'),(28,2,'AP',1,0,0,'suppliers','Top 10 Suppliers','{&quot;top&quot;:&quot;&quot;,&quot;data_filter&quot;:&quot;&quot;,&quot;graph_type&quot;:&quot;Table&quot;}'),(29,2,'AP',2,0,0,'suppliers','Top 10 Suppliers','{&quot;top&quot;:&quot;&quot;,&quot;data_filter&quot;:&quot;&quot;,&quot;graph_type&quot;:&quot;ColumnChart&quot;}'),(30,2,'GL',2,1,0,'glreturn','Return','{&quot;graph_type&quot;:&quot;Table&quot;,&quot;data_filter&quot;:&quot;&quot;}'),(31,2,'GL',2,0,0,'glreturn','Return','{&quot;graph_type&quot;:&quot;PieChart&quot;,&quot;data_filter&quot;:&quot;&quot;}'),(32,2,'stock',1,0,0,'items','Top 10 Items','{&quot;top&quot;:&quot;&quot;,&quot;item_type&quot;:&quot;stock&quot;,&quot;graph_type&quot;:&quot;Table&quot;,&quot;data_filter&quot;:&quot;&quot;}'),(33,2,'stock',2,0,0,'items','Top 10 Items','{&quot;top&quot;:&quot;&quot;,&quot;item_type&quot;:&quot;stock&quot;,&quot;graph_type&quot;:&quot;PieChart&quot;,&quot;data_filter&quot;:&quot;&quot;}'),(34,2,'manuf',1,0,0,'items','Top 10 items','{&quot;top&quot;:&quot;&quot;,&quot;item_type&quot;:&quot;manuf&quot;,&quot;graph_type&quot;:&quot;Table&quot;,&quot;data_filter&quot;:&quot;&quot;}'),(35,2,'manuf',2,0,0,'items','Top 10 Items','{&quot;top&quot;:&quot;&quot;,&quot;item_type&quot;:&quot;manuf&quot;,&quot;graph_type&quot;:&quot;PieChart&quot;,&quot;data_filter&quot;:&quot;&quot;}'),(36,2,'orders',2,0,0,'customers','Top 10 Customers','{&quot;top&quot;:&quot;&quot;,&quot;data_filter&quot;:&quot;&quot;,&quot;graph_type&quot;:&quot;ColumnChart&quot;}'),(37,2,'GL',2,2,0,'bankbalances','Bank Balances','{&quot;data_filter&quot;:&quot;&quot;}'),(38,2,'GL',1,1,0,'dailybankbalances','Daily Current Account Balance','{&quot;days_past&quot;:&quot;&quot;,&quot;days_future&quot;:&quot;&quot;,&quot;bank_act&quot;:&quot;0&quot;,&quot;graph_type&quot;:&quot;ColumnChart&quot;}'),(39,2,'GL',1,0,0,'banktransactions','Current Account Transactions','{&quot;days_past&quot;:&quot;15&quot;,&quot;days_future&quot;:&quot;15&quot;,&quot;bank_act&quot;:&quot;0&quot;,&quot;data_filter&quot;:&quot;&quot;}');
/*!40000 ALTER TABLE `0_dashboard_widgets` ENABLE KEYS */;
UNLOCK TABLES;

--
-- Table structure for table `0_debtor_trans`
--

DROP TABLE IF EXISTS `0_debtor_trans`;
/*!40101 SET @saved_cs_client     = @@character_set_client */;
/*!40101 SET character_set_client = utf8 */;
CREATE TABLE `0_debtor_trans` (
  `trans_no` int(11) unsigned NOT NULL DEFAULT '0',
  `type` smallint(6) unsigned NOT NULL DEFAULT '0',
  `version` tinyint(1) unsigned NOT NULL DEFAULT '0',
  `debtor_no` int(11) unsigned DEFAULT NULL,
  `branch_code` int(11) NOT NULL DEFAULT '-1',
  `tran_date` date NOT NULL DEFAULT '0000-00-00',
  `due_date` date NOT NULL DEFAULT '0000-00-00',
  `reference` varchar(60) COLLATE utf8_unicode_ci NOT NULL DEFAULT '',
  `tpe` int(11) NOT NULL DEFAULT '0',
  `order_` int(11) NOT NULL DEFAULT '0',
  `ov_amount` double NOT NULL DEFAULT '0',
  `ov_gst` double NOT NULL DEFAULT '0',
  `gst_wh` double NOT NULL,
  `ov_freight` double NOT NULL DEFAULT '0',
  `ov_freight_tax` double NOT NULL DEFAULT '0',
  `ov_discount` double NOT NULL DEFAULT '0',
  `alloc` double NOT NULL DEFAULT '0',
  `prep_amount` double NOT NULL DEFAULT '0',
  `rate` double NOT NULL DEFAULT '1',
  `ship_via` int(11) DEFAULT NULL,
  `dimension_id` int(11) NOT NULL DEFAULT '0',
  `dimension2_id` int(11) NOT NULL DEFAULT '0',
  `payment_terms` int(11) DEFAULT NULL,
  `tax_included` tinyint(1) unsigned NOT NULL DEFAULT '0',
  `supply_disc` int(11) NOT NULL,
  `service_disc` int(11) NOT NULL,
  `fbr_disc` int(11) NOT NULL,
  `srb_disc` int(11) NOT NULL,
  `write_back` int(11) NOT NULL,
  `supply_tax_id` int(11) NOT NULL,
  `service_tax_id` int(11) NOT NULL,
  `fbr_tax_id` int(11) NOT NULL,
  `srb_tax_id` int(11) NOT NULL,
  `opening` varchar(20) COLLATE utf8_unicode_ci NOT NULL,
  `discount1` double NOT NULL,
  `discount2` double NOT NULL,
  `disc1` varchar(20) COLLATE utf8_unicode_ci NOT NULL,
  `disc2` varchar(20) COLLATE utf8_unicode_ci NOT NULL,
  `cheque_date` date DEFAULT NULL,
  `text_1` varchar(50) COLLATE utf8_unicode_ci DEFAULT NULL,
  `text_2` varchar(50) COLLATE utf8_unicode_ci DEFAULT NULL,
  `cheque_no` varchar(20) COLLATE utf8_unicode_ci NOT NULL,
  `text_3` varchar(30) COLLATE utf8_unicode_ci NOT NULL,
  PRIMARY KEY (`type`,`trans_no`),
  KEY `debtor_no` (`debtor_no`,`branch_code`),
  KEY `tran_date` (`tran_date`),
  KEY `order_` (`order_`)
) ENGINE=InnoDB DEFAULT CHARSET=utf8 COLLATE=utf8_unicode_ci;
/*!40101 SET character_set_client = @saved_cs_client */;

--
-- Dumping data for table `0_debtor_trans`
--

LOCK TABLES `0_debtor_trans` WRITE;
/*!40000 ALTER TABLE `0_debtor_trans` DISABLE KEYS */;
INSERT INTO `0_debtor_trans` VALUES (22,0,0,2,2,'2017-10-11','0000-00-00','JV021/10/2017',0,0,39790,0,0,0,0,0,0,0,1,NULL,0,0,NULL,0,0,0,0,0,0,0,0,0,0,'',0,0,'','',NULL,NULL,NULL,'',''),(1,10,0,10,8,'2017-10-08','2018-01-06','SI001/10/2017',1,1,85156.86,0,0,0,0,0,0,0,1,1,0,0,5,1,0,0,0,0,0,0,0,0,0,'',0,0,'','','0000-00-00','','','',''),(2,10,0,3,3,'2017-10-09','2018-01-07','SI002/10/2017',1,2,19565.78,0,0,0,0,0,0,0,1,1,0,0,5,1,0,0,0,0,0,0,0,0,0,'',0,0,'','','0000-00-00','','','',''),(3,10,0,7,7,'2017-10-09','2018-01-07','SI003/10/2017',1,3,444875,0,0,0,0,0,0,0,1,1,0,0,5,1,0,0,0,0,0,0,0,0,0,'',0,0,'','','0000-00-00','','','',''),(4,10,0,10,8,'2017-10-09','2018-01-07','SI004/10/2017',1,4,1890,0,0,0,0,0,0,0,1,1,0,0,5,1,0,0,0,0,0,0,0,0,0,'',0,0,'','','0000-00-00','','','',''),(5,10,0,10,8,'2017-10-09','2018-01-07','SI005/10/2017',1,5,22990.31,0,0,0,0,0,0,0,1,1,0,0,5,1,0,0,0,0,0,0,0,0,0,'',0,0,'','','0000-00-00','','','',''),(6,10,0,10,8,'2017-10-08','2018-01-06','SI006/10/2017',1,6,19877.84,0,0,0,0,0,0,0,1,1,0,0,5,1,0,0,0,0,0,0,0,0,0,'',0,0,'','','0000-00-00','','','',''),(7,10,0,10,8,'2017-10-09','2018-01-07','SI007/10/2017',1,7,25349.41,0,0,0,0,0,0,0,1,1,0,0,5,1,0,0,0,0,0,0,0,0,0,'',0,0,'','','0000-00-00','','','',''),(8,10,0,3,3,'2017-10-08','2018-01-06','SI008/10/2017',1,8,3353.32,0,0,0,0,0,0,0,1,1,0,0,5,1,0,0,0,0,0,0,0,0,0,'',0,0,'','','0000-00-00','','','',''),(9,10,0,3,3,'2017-10-09','2018-01-07','SI009/10/2017',1,9,3579.74,0,0,0,0,0,0,0,1,1,0,0,5,1,0,0,0,0,0,0,0,0,0,'',0,0,'','','0000-00-00','','','',''),(10,10,0,4,4,'2017-10-09','2018-01-07','SI010/10/2017',1,10,4635.99,0,0,0,0,0,0,0,1,1,0,0,5,1,0,0,0,0,0,0,0,0,0,'',0,0,'','','0000-00-00','','','',''),(11,10,0,10,8,'2017-10-05','2018-01-03','SI011/10/2017',1,11,5808,0,0,0,0,0,0,0,1,1,0,0,5,1,0,0,0,0,0,0,0,0,0,'',0,0,'','','0000-00-00','','','',''),(12,10,0,10,8,'2017-10-09','2018-01-07','SI012/10/2017',1,12,16371.46,0,0,0,0,0,0,0,1,1,0,0,5,1,0,0,0,0,0,0,0,0,0,'',0,0,'','','0000-00-00','','','',''),(13,10,0,4,4,'2017-10-11','2018-01-09','SI013/10/2017',1,13,10596.32,0,0,0,0,0,0,0,1,1,0,0,5,1,0,0,0,0,0,0,0,0,0,'',0,0,'','','0000-00-00','','','',''),(14,10,0,10,8,'2017-10-09','2018-01-07','SI014/10/2017',1,14,164,0,0,0,0,0,0,0,1,1,0,0,5,1,0,0,0,0,0,0,0,0,0,'',0,0,'','','0000-00-00','','','',''),(15,10,0,3,3,'2017-10-09','2018-01-07','SI015/10/2017',1,15,787.5,0,0,0,0,0,0,0,1,1,0,0,5,1,0,0,0,0,0,0,0,0,0,'',0,0,'','','0000-00-00','','','',''),(1,13,1,10,8,'2017-10-08','2018-01-06','auto',1,1,85156.86,0,0,0,0,0,0,0,1,1,0,0,5,1,0,0,0,0,0,0,0,0,0,'',0,0,'','','0000-00-00','','','',''),(2,13,1,3,3,'2017-10-09','2018-01-07','auto',1,2,19565.78,0,0,0,0,0,0,0,1,1,0,0,5,1,0,0,0,0,0,0,0,0,0,'',0,0,'','','0000-00-00','','','',''),(3,13,1,7,7,'2017-10-09','2018-01-07','auto',1,3,444875,0,0,0,0,0,0,0,1,1,0,0,5,1,0,0,0,0,0,0,0,0,0,'',0,0,'','','0000-00-00','','','',''),(4,13,1,10,8,'2017-10-09','2018-01-07','auto',1,4,1890,0,0,0,0,0,0,0,1,1,0,0,5,1,0,0,0,0,0,0,0,0,0,'',0,0,'','','0000-00-00','','','',''),(5,13,1,10,8,'2017-10-09','2018-01-07','auto',1,5,22990.31,0,0,0,0,0,0,0,1,1,0,0,5,1,0,0,0,0,0,0,0,0,0,'',0,0,'','','0000-00-00','','','',''),(6,13,1,10,8,'2017-10-08','2018-01-06','auto',1,6,19877.84,0,0,0,0,0,0,0,1,1,0,0,5,1,0,0,0,0,0,0,0,0,0,'',0,0,'','','0000-00-00','','','',''),(7,13,1,10,8,'2017-10-09','2018-01-07','auto',1,7,25349.41,0,0,0,0,0,0,0,1,1,0,0,5,1,0,0,0,0,0,0,0,0,0,'',0,0,'','','0000-00-00','','','',''),(8,13,1,3,3,'2017-10-08','2018-01-06','auto',1,8,3353.32,0,0,0,0,0,0,0,1,1,0,0,5,1,0,0,0,0,0,0,0,0,0,'',0,0,'','','0000-00-00','','','',''),(9,13,1,3,3,'2017-10-09','2018-01-07','auto',1,9,3579.74,0,0,0,0,0,0,0,1,1,0,0,5,1,0,0,0,0,0,0,0,0,0,'',0,0,'','','0000-00-00','','','',''),(10,13,1,4,4,'2017-10-09','2018-01-07','auto',1,10,4635.99,0,0,0,0,0,0,0,1,1,0,0,5,1,0,0,0,0,0,0,0,0,0,'',0,0,'','','0000-00-00','','','',''),(11,13,1,10,8,'2017-10-05','2018-01-03','auto',1,11,5808,0,0,0,0,0,0,0,1,1,0,0,5,1,0,0,0,0,0,0,0,0,0,'',0,0,'','','0000-00-00','','','',''),(12,13,1,10,8,'2017-10-09','2018-01-07','auto',1,12,16371.46,0,0,0,0,0,0,0,1,1,0,0,5,1,0,0,0,0,0,0,0,0,0,'',0,0,'','','0000-00-00','','','',''),(13,13,1,4,4,'2017-10-11','2018-01-09','auto',1,13,10596.32,0,0,0,0,0,0,0,1,1,0,0,5,1,0,0,0,0,0,0,0,0,0,'',0,0,'','','0000-00-00','','','',''),(14,13,1,10,8,'2017-10-09','2018-01-07','auto',1,14,164,0,0,0,0,0,0,0,1,1,0,0,5,1,0,0,0,0,0,0,0,0,0,'',0,0,'','','0000-00-00','','','',''),(15,13,1,3,3,'2017-10-09','2018-01-07','auto',1,15,787.5,0,0,0,0,0,0,0,1,1,0,0,5,1,0,0,0,0,0,0,0,0,0,'',0,0,'','','0000-00-00','','','','');
/*!40000 ALTER TABLE `0_debtor_trans` ENABLE KEYS */;
UNLOCK TABLES;

--
-- Table structure for table `0_debtor_trans_details`
--

DROP TABLE IF EXISTS `0_debtor_trans_details`;
/*!40101 SET @saved_cs_client     = @@character_set_client */;
/*!40101 SET character_set_client = utf8 */;
CREATE TABLE `0_debtor_trans_details` (
  `id` int(11) NOT NULL AUTO_INCREMENT,
  `debtor_trans_no` int(11) DEFAULT NULL,
  `debtor_trans_type` int(11) DEFAULT NULL,
  `stock_id` varchar(20) COLLATE utf8_unicode_ci NOT NULL DEFAULT '',
  `description` tinytext COLLATE utf8_unicode_ci,
  `unit_price` double NOT NULL DEFAULT '0',
  `unit_tax` double NOT NULL DEFAULT '0',
  `quantity` double NOT NULL DEFAULT '0',
  `discount_percent` double NOT NULL DEFAULT '0',
  `standard_cost` double NOT NULL DEFAULT '0',
  `qty_done` double NOT NULL DEFAULT '0',
  `src_id` int(11) NOT NULL,
  `units_id` varchar(20) COLLATE utf8_unicode_ci DEFAULT NULL,
  `con_factor` double NOT NULL,
  `text1` varchar(55) COLLATE utf8_unicode_ci NOT NULL,
  `text2` varchar(55) COLLATE utf8_unicode_ci NOT NULL,
  `text3` varchar(55) COLLATE utf8_unicode_ci NOT NULL,
  `text4` varchar(55) COLLATE utf8_unicode_ci NOT NULL,
  `text5` varchar(55) COLLATE utf8_unicode_ci DEFAULT NULL,
  `text6` varchar(55) COLLATE utf8_unicode_ci DEFAULT NULL,
  `amount1` double NOT NULL,
  `amount2` double NOT NULL,
  `amount3` double NOT NULL,
  `amount4` double NOT NULL,
  `amount5` double DEFAULT NULL,
  `amount6` double DEFAULT NULL,
  `date1` date NOT NULL,
  `date2` date NOT NULL,
  `date3` date NOT NULL,
  `combo1` int(11) NOT NULL,
  `combo2` int(11) NOT NULL,
  `combo3` int(11) NOT NULL,
  `combo4` int(11) DEFAULT NULL,
  `combo5` int(11) DEFAULT NULL,
  `combo6` int(11) DEFAULT NULL,
  `opening` varchar(20) COLLATE utf8_unicode_ci NOT NULL,
  PRIMARY KEY (`id`),
  KEY `Transaction` (`debtor_trans_type`,`debtor_trans_no`),
  KEY `src_id` (`src_id`)
) ENGINE=InnoDB DEFAULT CHARSET=utf8 COLLATE=utf8_unicode_ci;
/*!40101 SET character_set_client = @saved_cs_client */;

--
-- Dumping data for table `0_debtor_trans_details`
--

LOCK TABLES `0_debtor_trans_details` WRITE;
/*!40000 ALTER TABLE `0_debtor_trans_details` DISABLE KEYS */;
INSERT INTO `0_debtor_trans_details` VALUES (1,1,13,'357','BABY CORN ',200,0,3,0,200,3,1,'Jar',0,'0','0','0','0','','',0,0,0,0,0,0,'0000-00-00','0000-00-00','0000-00-00',0,0,0,0,0,0,''),(2,1,13,'356','SWEET CORN TIN ',200,0,1,0,200,1,2,'Jar',0,'0','0','0','0','','',0,0,0,0,0,0,'0000-00-00','0000-00-00','0000-00-00',0,0,0,0,0,0,''),(3,1,13,'267','FISH SAUCE 750ML',500,0,1,0,500,1,3,'Kgs',0,'0','0','0','0','','',0,0,0,0,0,0,'0000-00-00','0000-00-00','0000-00-00',0,0,0,0,0,0,''),(4,1,13,'396','RED WINE VINEGAR 500ML ',500,0,1,0,500,1,4,'Bottles',0,'0','0','0','0','','',0,0,0,0,0,0,'0000-00-00','0000-00-00','0000-00-00',0,0,0,0,0,0,''),(5,1,13,'761','MEET TENDER POWDER',500,0,1,0,387.5,1,5,'Bottles',0,'0','0','0','0','','',0,0,0,0,0,0,'0000-00-00','0000-00-00','0000-00-00',0,0,0,0,0,0,''),(6,1,13,'279','CHILLI GARLIC (KNORR)',200,0,1.5,0,200,1.5,6,'Pack',0,'0','0','0','0','','',0,0,0,0,0,0,'0000-00-00','0000-00-00','0000-00-00',0,0,0,0,0,0,''),(7,1,13,'293','SYNTHETIC VINEGAR',400,0,1,0,400,1,7,'Bottles',0,'0','0','0','0','','',0,0,0,0,0,0,'0000-00-00','0000-00-00','0000-00-00',0,0,0,0,0,0,''),(8,1,13,'302','MAMASITTA OYSTER SAUCE 4KG',2400,0,1,0,2400,1,8,'Bottles',0,'0','0','0','0','','',0,0,0,0,0,0,'0000-00-00','0000-00-00','0000-00-00',0,0,0,0,0,0,''),(9,1,13,'334','SOYA SAUCE DARK 2 LITER (LEE KUM KI )',400,0,1,0,400,1,9,'Kgs',0,'0','0','0','0','','',0,0,0,0,0,0,'0000-00-00','0000-00-00','0000-00-00',0,0,0,0,0,0,''),(10,1,13,'362','MELAPINE PINEAPPLE SLICE 3KG ',800,0,1,0,800,1,10,'Jar',0,'0','0','0','0','','',0,0,0,0,0,0,'0000-00-00','0000-00-00','0000-00-00',0,0,0,0,0,0,''),(11,1,13,'355','BAMBOO SHOOT TIN ',800,0,1,0,200,1,11,'Jar',0,'0','0','0','0','','',0,0,0,0,0,0,'0000-00-00','0000-00-00','0000-00-00',0,0,0,0,0,0,''),(12,1,13,'256','KUNG PAO PASTE 1 KG ',900,0,1,0,900,1,12,'Kgs',0,'0','0','0','0','','',0,0,0,0,0,0,'0000-00-00','0000-00-00','0000-00-00',0,0,0,0,0,0,''),(13,1,13,'764','RED FOOD COLOR 100 GRAMS  ',100,0,1,0,100,1,13,'Pack',0,'0','0','0','0','','',0,0,0,0,0,0,'0000-00-00','0000-00-00','0000-00-00',0,0,0,0,0,0,''),(14,1,13,'736','BROWN SUGAR',300,0,1,0,300,1,14,'Pack',0,'0','0','0','0','','',0,0,0,0,0,0,'0000-00-00','0000-00-00','0000-00-00',0,0,0,0,0,0,''),(15,1,13,'800','KNOOR CHICKEN POWDER',600,0,1,0,600,1,15,'Jar',0,'0','0','0','0','','',0,0,0,0,0,0,'0000-00-00','0000-00-00','0000-00-00',0,0,0,0,0,0,''),(16,1,13,'284','SEASAME OIL (HEINZ) 500ML',0,0,1,0,500,1,16,'Pack',0,'0','0','0','0','','',0,0,0,0,0,0,'0000-00-00','0000-00-00','0000-00-00',0,0,0,0,0,0,''),(17,1,13,'275','THAI CHILLI PASTE',150,0,3,0,150,3,17,'Bottles',0,'0','0','0','0','','',0,0,0,0,0,0,'0000-00-00','0000-00-00','0000-00-00',0,0,0,0,0,0,''),(18,1,13,'319','TOBASSCO SAUCE',250,0,3,0,250,3,18,'Pack',0,'0','0','0','0','','',0,0,0,0,0,0,'0000-00-00','0000-00-00','0000-00-00',0,0,0,0,0,0,''),(19,1,13,'305','CRISPY TAMPOORA FLOUR',250,0,1,0,292.85714285714,1,19,'Pack',0,'0','0','0','0','','',0,0,0,0,0,0,'0000-00-00','0000-00-00','0000-00-00',0,0,0,0,0,0,''),(20,1,13,'787','WHOLE RED CHILLI LONG ',250,0,1.5,0,250,1.5,20,'Kgs',0,'0','0','0','0','','',0,0,0,0,0,0,'0000-00-00','0000-00-00','0000-00-00',0,0,0,0,0,0,''),(21,1,13,'249','ALMOND ',1500,0,0.5,0,1500,0.5,21,'Kgs',0,'0','0','0','0','','',0,0,0,0,0,0,'0000-00-00','0000-00-00','0000-00-00',0,0,0,0,0,0,''),(22,1,13,'250','PEANUTS LOOSE ',300,0,0.2,0,300,0.2,22,'Kgs',0,'0','0','0','0','','',0,0,0,0,0,0,'0000-00-00','0000-00-00','0000-00-00',0,0,0,0,0,0,''),(23,1,13,'776','SHEEZAN TOMATO KETCHUP 4KG ',400,0,1,0,400,1,23,'Bottles',0,'0','0','0','0','','',0,0,0,0,0,0,'0000-00-00','0000-00-00','0000-00-00',0,0,0,0,0,0,''),(24,1,13,'291','ABC SAUCE',250,0,1,0,250,1,24,'Bottles',0,'0','0','0','0','','',0,0,0,0,0,0,'0000-00-00','0000-00-00','0000-00-00',0,0,0,0,0,0,''),(25,1,13,'398','BACKING POWDER 300 GRAMS ',200,0,1,0,162.5,1,25,'Jar',0,'0','0','0','0','','',0,0,0,0,0,0,'0000-00-00','0000-00-00','0000-00-00',0,0,0,0,0,0,''),(26,1,13,'389','OLIVE OIL 4 LITTER ',4000,0,1,0,4000,1,26,'Bottles',0,'0','0','0','0','','',0,0,0,0,0,0,'0000-00-00','0000-00-00','0000-00-00',0,0,0,0,0,0,''),(27,1,13,'399','HONEY 4.2 KGS ',4200,0,1,0,4200,1,27,'Jar',0,'0','0','0','0','','',0,0,0,0,0,0,'0000-00-00','0000-00-00','0000-00-00',0,0,0,0,0,0,''),(28,1,13,'387','TOMATO PUREE 450 GRAM ',300,0,1,0,266.66666666667,1,28,'Jar',0,'0','0','0','0','','',0,0,0,0,0,0,'0000-00-00','0000-00-00','0000-00-00',0,0,0,0,0,0,''),(29,1,13,'327','BLACK PEPPER POWDER',1500,0,1,0,1500,1,29,'Kgs',0,'0','0','0','0','','',0,0,0,0,0,0,'0000-00-00','0000-00-00','0000-00-00',0,0,0,0,0,0,''),(30,1,13,'325','GIREE BRADA',600,0,0.1,0,600,0.1,30,'Kgs',0,'0','0','0','0','','',0,0,0,0,0,0,'0000-00-00','0000-00-00','0000-00-00',0,0,0,0,0,0,''),(31,1,13,'388','TOMATO PASTE 450 GRAMS ',250,0,4,0,250,4,31,'Jar',0,'0','0','0','0','','',0,0,0,0,0,0,'0000-00-00','0000-00-00','0000-00-00',0,0,0,0,0,0,''),(32,1,13,'767','HOT SAUCE 470GRAMS ',250,0,2,0,250,2,32,'Bottles',0,'0','0','0','0','','',0,0,0,0,0,0,'0000-00-00','0000-00-00','0000-00-00',0,0,0,0,0,0,''),(33,1,13,'795','PEEL TOMATO TIN PACK ',250,0,2,0,250,2,33,'Pack',0,'0','0','0','0','','',0,0,0,0,0,0,'0000-00-00','0000-00-00','0000-00-00',0,0,0,0,0,0,''),(34,1,13,'392','SUN DRY TOMATO 300 GRAMS ',500,0,2,0,500,2,34,'Jar',0,'0','0','0','0','','',0,0,0,0,0,0,'0000-00-00','0000-00-00','0000-00-00',0,0,0,0,0,0,''),(35,1,13,'274','SAMBOLIC CHILLI',250,0,2,0,250,2,35,'Bottles',0,'0','0','0','0','','',0,0,0,0,0,0,'0000-00-00','0000-00-00','0000-00-00',0,0,0,0,0,0,''),(36,1,13,'269','THAI SWEET CHILLI',200,0,1,0,200,1,36,'Bottles',0,'0','0','0','0','','',0,0,0,0,0,0,'0000-00-00','0000-00-00','0000-00-00',0,0,0,0,0,0,''),(37,1,13,'762','CHILLI SAUCE 5KG PACK ',600,0,1,0,600,1,37,'Bottles',0,'0','0','0','0','','',0,0,0,0,0,0,'0000-00-00','0000-00-00','0000-00-00',0,0,0,0,0,0,''),(38,1,13,'295','FRENCH MUSTARD ',300,0,1,0,300,1,38,'Bottles',0,'0','0','0','0','','',0,0,0,0,0,0,'0000-00-00','0000-00-00','0000-00-00',0,0,0,0,0,0,''),(39,1,13,'272','CAPERS (BEN-DELS)',560,0,1,0,560,1,39,'pcs',0,'0','0','0','0','','',0,0,0,0,0,0,'0000-00-00','0000-00-00','0000-00-00',0,0,0,0,0,0,''),(40,1,13,'296','GREEN CAPER CORN',200,0,1,0,200,1,40,'Bottles',0,'0','0','0','0','','',0,0,0,0,0,0,'0000-00-00','0000-00-00','0000-00-00',0,0,0,0,0,0,''),(41,1,13,'379','CREAM PEANUT BUTTER 340G',300,0,1,0,300,1,41,'Bottles',0,'0','0','0','0','','',0,0,0,0,0,0,'0000-00-00','0000-00-00','0000-00-00',0,0,0,0,0,0,''),(42,1,13,'268','BALSAMIC VINEGAR',500,0,1,0,500,1,42,'Bottles',0,'0','0','0','0','','',0,0,0,0,0,0,'0000-00-00','0000-00-00','0000-00-00',0,0,0,0,0,0,''),(43,1,13,'252','WALNUT AKHROOT ',1500,0,0.2,0,1500,0.2,43,'Kgs',0,'0','0','0','0','','',0,0,0,0,0,0,'0000-00-00','0000-00-00','0000-00-00',0,0,0,0,0,0,''),(44,1,13,'737','BLACK PEPPER SABAT',1200,0,0.5,0,1200,0.5,44,'Kgs',0,'0','0','0','0','','',0,0,0,0,0,0,'0000-00-00','0000-00-00','0000-00-00',0,0,0,0,0,0,''),(45,1,13,'322','DAMI GLASS BASE',800,0,1,0,800,1,45,'Jar',0,'0','0','0','0','','',0,0,0,0,0,0,'0000-00-00','0000-00-00','0000-00-00',0,0,0,0,0,0,''),(46,1,13,'297','RED BEANS',200,0,1,0,200,1,46,'Jar',0,'0','0','0','0','','',0,0,0,0,0,0,'0000-00-00','0000-00-00','0000-00-00',0,0,0,0,0,0,''),(47,1,13,'292','GRAPE VINEGAR',600,0,1,0,600,1,47,'Kgs',0,'0','0','0','0','','',0,0,0,0,0,0,'0000-00-00','0000-00-00','0000-00-00',0,0,0,0,0,0,''),(48,1,13,'299','SEA SALT',500,0,1,0,500,1,48,'Pack',0,'0','0','0','0','','',0,0,0,0,0,0,'0000-00-00','0000-00-00','0000-00-00',0,0,0,0,0,0,''),(49,1,13,'309','PANNE REGGIA PASTA',300,0,2,0,300,2,49,'Pack',0,'0','0','0','0','','',0,0,0,0,0,0,'0000-00-00','0000-00-00','0000-00-00',0,0,0,0,0,0,''),(50,1,13,'307','MACARONI ELBLOW BIG',300,0,1,0,300,1,50,'Pack',0,'0','0','0','0','','',0,0,0,0,0,0,'0000-00-00','0000-00-00','0000-00-00',0,0,0,0,0,0,''),(51,1,13,'233','MILK PACK CREAM 200ML ',93.89,0,24,0,93.89333333336,24,51,'pcs',0,'0','0','0','0','','',0,0,0,0,0,0,'0000-00-00','0000-00-00','0000-00-00',0,0,0,0,0,0,''),(52,1,13,'308','BREAD CRUMBS',260,0,2,0,260,2,52,'Pack',0,'0','0','0','0','','',0,0,0,0,0,0,'0000-00-00','0000-00-00','0000-00-00',0,0,0,0,0,0,''),(53,1,13,'317','WHITE PEPPER POWDER',1500,0,0.2,0,1500,0.2,53,'Kgs',0,'0','0','0','0','','',0,0,0,0,0,0,'0000-00-00','0000-00-00','0000-00-00',0,0,0,0,0,0,''),(54,1,13,'313','THYME',500,0,0.05,0,500,0.05,54,'Pack',0,'0','0','0','0','','',0,0,0,0,0,0,'0000-00-00','0000-00-00','0000-00-00',0,0,0,0,0,0,''),(55,1,13,'312','DRY BASIL',500,0,0.05,0,500,0.05,55,'Pack',0,'0','0','0','0','','',0,0,0,0,0,0,'0000-00-00','0000-00-00','0000-00-00',0,0,0,0,0,0,''),(56,1,13,'311','TARRAGON',500,0,1,0,500,1,56,'Pack',0,'0','0','0','0','','',0,0,0,0,0,0,'0000-00-00','0000-00-00','0000-00-00',0,0,0,0,0,0,''),(57,1,13,'734','MASHROOM FUNGUS',2000,0,0.3,0,2000,0.3,57,'Kgs',0,'0','0','0','0','','',0,0,0,0,0,0,'0000-00-00','0000-00-00','0000-00-00',0,0,0,0,0,0,''),(58,1,13,'732','OREGANO DRY',500,0,0.3,0,500,0.3,58,'Kgs',0,'0','0','0','0','','',0,0,0,0,0,0,'0000-00-00','0000-00-00','0000-00-00',0,0,0,0,0,0,''),(59,1,13,'731','KACHRI POWDER LOOSE',500,0,1,0,500,1,59,'Kgs',0,'0','0','0','0','','',0,0,0,0,0,0,'0000-00-00','0000-00-00','0000-00-00',0,0,0,0,0,0,''),(60,1,13,'324','TURMERIC POWDER',300,0,0.1,0,300,0.1,60,'Kgs',0,'0','0','0','0','','',0,0,0,0,0,0,'0000-00-00','0000-00-00','0000-00-00',0,0,0,0,0,0,''),(61,1,13,'304','CRACKERS',500,0,0.6,0,500,0.6,61,'pcs',0,'0','0','0','0','','',0,0,0,0,0,0,'0000-00-00','0000-00-00','0000-00-00',0,0,0,0,0,0,''),(62,1,13,'314','SALT',20,0,1,0,20,1,62,'Pack',0,'0','0','0','0','','',0,0,0,0,0,0,'0000-00-00','0000-00-00','0000-00-00',0,0,0,0,0,0,''),(63,1,13,'265','SUGAR',60,0,1,0,60,1,63,'Kgs',0,'0','0','0','0','','',0,0,0,0,0,0,'0000-00-00','0000-00-00','0000-00-00',0,0,0,0,0,0,''),(64,1,13,'245','CHINESE SALT (CHINA NAMAK) LOOSE ',600,0,1,0,600,1,64,'Kgs',0,'0','0','0','0','','',0,0,0,0,0,0,'0000-00-00','0000-00-00','0000-00-00',0,0,0,0,0,0,''),(65,1,13,'246','RED CHILLI WHOLE ROUND ',300,0,0.05,0,300,0.05,65,'Kgs',0,'0','0','0','0','','',0,0,0,0,0,0,'0000-00-00','0000-00-00','0000-00-00',0,0,0,0,0,0,''),(66,1,13,'321','CHICKEN SOUP CUBE',800,0,1,0,800,1,66,'Jar',0,'0','0','0','0','','',0,0,0,0,0,0,'0000-00-00','0000-00-00','0000-00-00',0,0,0,0,0,0,''),(67,1,13,'106','CHICKEN BREAST LOCAL',360,0,4.5,0,360,4.5,67,'Kgs',0,'0','0','0','0','','',0,0,0,0,0,0,'0000-00-00','0000-00-00','0000-00-00',0,0,0,0,0,0,''),(68,1,13,'001','BEEF TENDERLOIN WITHOUT HEAD',1050,0,28,0,1050,28,68,'Kgs',0,'0','0','0','0','','',0,0,0,0,0,0,'0000-00-00','0000-00-00','0000-00-00',0,0,0,0,0,0,''),(69,1,13,'104','CHICKEN NIBLETS WINGS (K&amp;N&#039;S)',290,0,2,0,290,2,69,'Kgs',0,'0','0','0','0','','',0,0,0,0,0,0,'0000-00-00','0000-00-00','0000-00-00',0,0,0,0,0,0,''),(70,1,13,'101','CHICKEN FILLET 110 TO 120 GMS K&amp;N&#039;S',363,0,27,0,363,27,70,'Kgs',0,'0','0','0','0','','',0,0,0,0,0,0,'0000-00-00','0000-00-00','0000-00-00',0,0,0,0,0,0,''),(71,1,13,'857','FISH PREGOSIUS RAW',360,0,4,0,360,4,71,'Kgs',0,'0','0','0','0','','',0,0,0,0,0,0,'0000-00-00','0000-00-00','0000-00-00',0,0,0,0,0,0,''),(72,1,13,'105','CHICKEN WINGS LOCAL',200,0,3,0,200,3,72,'Kgs',0,'0','0','0','0','','',0,0,0,0,0,0,'0000-00-00','0000-00-00','0000-00-00',0,0,0,0,0,0,''),(73,1,13,'152','SHRIMPS 16/20 ',1100,0,1.5,0,1100,1.5,73,'Kgs',0,'0','0','0','0','','',0,0,0,0,0,0,'0000-00-00','0000-00-00','0000-00-00',0,0,0,0,0,0,''),(74,1,13,'102','CHICKEN THAI BONELESS (LOCAL)',350,0,0.25,0,350,0.25,74,'Kgs',0,'0','0','0','0','','',0,0,0,0,0,0,'0000-00-00','0000-00-00','0000-00-00',0,0,0,0,0,0,''),(75,1,13,'403','CABBAGE',150,0,1,0,150,1,75,'Kgs',0,'0','0','0','0','','',0,0,0,0,0,0,'0000-00-00','0000-00-00','0000-00-00',0,0,0,0,0,0,''),(76,1,13,'402','CARROTS',85,0,1,0,85,1,76,'Kgs',0,'0','0','0','0','','',0,0,0,0,0,0,'0000-00-00','0000-00-00','0000-00-00',0,0,0,0,0,0,''),(77,1,13,'406','ZUCCHINI',250,0,0.5,0,250,0.5,77,'Kgs',0,'0','0','0','0','','',0,0,0,0,0,0,'0000-00-00','0000-00-00','0000-00-00',0,0,0,0,0,0,''),(78,1,13,'418','GREEN CHILLI',150,0,0.1,0,150,0.1,78,'Kgs',0,'0','0','0','0','','',0,0,0,0,0,0,'0000-00-00','0000-00-00','0000-00-00',0,0,0,0,0,0,''),(79,1,10,'357','BABY CORN ',200,0,3,0,200,0,1,'Jar',0,'0','0','0','0','','',0,0,0,0,0,0,'0000-00-00','0000-00-00','0000-00-00',0,0,0,0,0,0,''),(80,1,10,'356','SWEET CORN TIN ',200,0,1,0,200,0,2,'Jar',0,'0','0','0','0','','',0,0,0,0,0,0,'0000-00-00','0000-00-00','0000-00-00',0,0,0,0,0,0,''),(81,1,10,'267','FISH SAUCE 750ML',500,0,1,0,500,0,3,'Kgs',0,'0','0','0','0','','',0,0,0,0,0,0,'0000-00-00','0000-00-00','0000-00-00',0,0,0,0,0,0,''),(82,1,10,'396','RED WINE VINEGAR 500ML ',500,0,1,0,500,0,4,'Bottles',0,'0','0','0','0','','',0,0,0,0,0,0,'0000-00-00','0000-00-00','0000-00-00',0,0,0,0,0,0,''),(83,1,10,'761','MEET TENDER POWDER',500,0,1,0,387.5,0,5,'Bottles',0,'0','0','0','0','','',0,0,0,0,0,0,'0000-00-00','0000-00-00','0000-00-00',0,0,0,0,0,0,''),(84,1,10,'279','CHILLI GARLIC (KNORR)',200,0,1.5,0,200,0,6,'Pack',0,'0','0','0','0','','',0,0,0,0,0,0,'0000-00-00','0000-00-00','0000-00-00',0,0,0,0,0,0,''),(85,1,10,'293','SYNTHETIC VINEGAR',400,0,1,0,400,0,7,'Bottles',0,'0','0','0','0','','',0,0,0,0,0,0,'0000-00-00','0000-00-00','0000-00-00',0,0,0,0,0,0,''),(86,1,10,'302','MAMASITTA OYSTER SAUCE 4KG',2400,0,1,0,2400,0,8,'Bottles',0,'0','0','0','0','','',0,0,0,0,0,0,'0000-00-00','0000-00-00','0000-00-00',0,0,0,0,0,0,''),(87,1,10,'334','SOYA SAUCE DARK 2 LITER (LEE KUM KI )',400,0,1,0,400,0,9,'Kgs',0,'0','0','0','0','','',0,0,0,0,0,0,'0000-00-00','0000-00-00','0000-00-00',0,0,0,0,0,0,''),(88,1,10,'362','MELAPINE PINEAPPLE SLICE 3KG ',800,0,1,0,800,0,10,'Jar',0,'0','0','0','0','','',0,0,0,0,0,0,'0000-00-00','0000-00-00','0000-00-00',0,0,0,0,0,0,''),(89,1,10,'355','BAMBOO SHOOT TIN ',800,0,1,0,200,0,11,'Jar',0,'0','0','0','0','','',0,0,0,0,0,0,'0000-00-00','0000-00-00','0000-00-00',0,0,0,0,0,0,''),(90,1,10,'256','KUNG PAO PASTE 1 KG ',900,0,1,0,900,0,12,'Kgs',0,'0','0','0','0','','',0,0,0,0,0,0,'0000-00-00','0000-00-00','0000-00-00',0,0,0,0,0,0,''),(91,1,10,'764','RED FOOD COLOR 100 GRAMS  ',100,0,1,0,100,0,13,'Pack',0,'0','0','0','0','','',0,0,0,0,0,0,'0000-00-00','0000-00-00','0000-00-00',0,0,0,0,0,0,''),(92,1,10,'736','BROWN SUGAR',300,0,1,0,300,0,14,'Pack',0,'0','0','0','0','','',0,0,0,0,0,0,'0000-00-00','0000-00-00','0000-00-00',0,0,0,0,0,0,''),(93,1,10,'800','KNOOR CHICKEN POWDER',600,0,1,0,600,0,15,'Jar',0,'0','0','0','0','','',0,0,0,0,0,0,'0000-00-00','0000-00-00','0000-00-00',0,0,0,0,0,0,''),(94,1,10,'284','SEASAME OIL (HEINZ) 500ML',0,0,1,0,500,0,16,'Pack',0,'0','0','0','0','','',0,0,0,0,0,0,'0000-00-00','0000-00-00','0000-00-00',0,0,0,0,0,0,''),(95,1,10,'275','THAI CHILLI PASTE',150,0,3,0,150,0,17,'Bottles',0,'0','0','0','0','','',0,0,0,0,0,0,'0000-00-00','0000-00-00','0000-00-00',0,0,0,0,0,0,''),(96,1,10,'319','TOBASSCO SAUCE',250,0,3,0,250,0,18,'Pack',0,'0','0','0','0','','',0,0,0,0,0,0,'0000-00-00','0000-00-00','0000-00-00',0,0,0,0,0,0,''),(97,1,10,'305','CRISPY TAMPOORA FLOUR',250,0,1,0,292.85714285714,0,19,'Pack',0,'0','0','0','0','','',0,0,0,0,0,0,'0000-00-00','0000-00-00','0000-00-00',0,0,0,0,0,0,''),(98,1,10,'787','WHOLE RED CHILLI LONG ',250,0,1.5,0,250,0,20,'Kgs',0,'0','0','0','0','','',0,0,0,0,0,0,'0000-00-00','0000-00-00','0000-00-00',0,0,0,0,0,0,''),(99,1,10,'249','ALMOND ',1500,0,0.5,0,1500,0,21,'Kgs',0,'0','0','0','0','','',0,0,0,0,0,0,'0000-00-00','0000-00-00','0000-00-00',0,0,0,0,0,0,''),(100,1,10,'250','PEANUTS LOOSE ',300,0,0.2,0,300,0,22,'Kgs',0,'0','0','0','0','','',0,0,0,0,0,0,'0000-00-00','0000-00-00','0000-00-00',0,0,0,0,0,0,''),(101,1,10,'776','SHEEZAN TOMATO KETCHUP 4KG ',400,0,1,0,400,0,23,'Bottles',0,'0','0','0','0','','',0,0,0,0,0,0,'0000-00-00','0000-00-00','0000-00-00',0,0,0,0,0,0,''),(102,1,10,'291','ABC SAUCE',250,0,1,0,250,0,24,'Bottles',0,'0','0','0','0','','',0,0,0,0,0,0,'0000-00-00','0000-00-00','0000-00-00',0,0,0,0,0,0,''),(103,1,10,'398','BACKING POWDER 300 GRAMS ',200,0,1,0,162.5,0,25,'Jar',0,'0','0','0','0','','',0,0,0,0,0,0,'0000-00-00','0000-00-00','0000-00-00',0,0,0,0,0,0,''),(104,1,10,'389','OLIVE OIL 4 LITTER ',4000,0,1,0,4000,0,26,'Bottles',0,'0','0','0','0','','',0,0,0,0,0,0,'0000-00-00','0000-00-00','0000-00-00',0,0,0,0,0,0,''),(105,1,10,'399','HONEY 4.2 KGS ',4200,0,1,0,4200,0,27,'Jar',0,'0','0','0','0','','',0,0,0,0,0,0,'0000-00-00','0000-00-00','0000-00-00',0,0,0,0,0,0,''),(106,1,10,'387','TOMATO PUREE 450 GRAM ',300,0,1,0,266.66666666667,0,28,'Jar',0,'0','0','0','0','','',0,0,0,0,0,0,'0000-00-00','0000-00-00','0000-00-00',0,0,0,0,0,0,''),(107,1,10,'327','BLACK PEPPER POWDER',1500,0,1,0,1500,0,29,'Kgs',0,'0','0','0','0','','',0,0,0,0,0,0,'0000-00-00','0000-00-00','0000-00-00',0,0,0,0,0,0,''),(108,1,10,'325','GIREE BRADA',600,0,0.1,0,600,0,30,'Kgs',0,'0','0','0','0','','',0,0,0,0,0,0,'0000-00-00','0000-00-00','0000-00-00',0,0,0,0,0,0,''),(109,1,10,'388','TOMATO PASTE 450 GRAMS ',250,0,4,0,250,0,31,'Jar',0,'0','0','0','0','','',0,0,0,0,0,0,'0000-00-00','0000-00-00','0000-00-00',0,0,0,0,0,0,''),(110,1,10,'767','HOT SAUCE 470GRAMS ',250,0,2,0,250,0,32,'Bottles',0,'0','0','0','0','','',0,0,0,0,0,0,'0000-00-00','0000-00-00','0000-00-00',0,0,0,0,0,0,''),(111,1,10,'795','PEEL TOMATO TIN PACK ',250,0,2,0,250,0,33,'Pack',0,'0','0','0','0','','',0,0,0,0,0,0,'0000-00-00','0000-00-00','0000-00-00',0,0,0,0,0,0,''),(112,1,10,'392','SUN DRY TOMATO 300 GRAMS ',500,0,2,0,500,0,34,'Jar',0,'0','0','0','0','','',0,0,0,0,0,0,'0000-00-00','0000-00-00','0000-00-00',0,0,0,0,0,0,''),(113,1,10,'274','SAMBOLIC CHILLI',250,0,2,0,250,0,35,'Bottles',0,'0','0','0','0','','',0,0,0,0,0,0,'0000-00-00','0000-00-00','0000-00-00',0,0,0,0,0,0,''),(114,1,10,'269','THAI SWEET CHILLI',200,0,1,0,200,0,36,'Bottles',0,'0','0','0','0','','',0,0,0,0,0,0,'0000-00-00','0000-00-00','0000-00-00',0,0,0,0,0,0,''),(115,1,10,'762','CHILLI SAUCE 5KG PACK ',600,0,1,0,600,0,37,'Bottles',0,'0','0','0','0','','',0,0,0,0,0,0,'0000-00-00','0000-00-00','0000-00-00',0,0,0,0,0,0,''),(116,1,10,'295','FRENCH MUSTARD ',300,0,1,0,300,0,38,'Bottles',0,'0','0','0','0','','',0,0,0,0,0,0,'0000-00-00','0000-00-00','0000-00-00',0,0,0,0,0,0,''),(117,1,10,'272','CAPERS (BEN-DELS)',560,0,1,0,560,0,39,'pcs',0,'0','0','0','0','','',0,0,0,0,0,0,'0000-00-00','0000-00-00','0000-00-00',0,0,0,0,0,0,''),(118,1,10,'296','GREEN CAPER CORN',200,0,1,0,200,0,40,'Bottles',0,'0','0','0','0','','',0,0,0,0,0,0,'0000-00-00','0000-00-00','0000-00-00',0,0,0,0,0,0,''),(119,1,10,'379','CREAM PEANUT BUTTER 340G',300,0,1,0,300,0,41,'Bottles',0,'0','0','0','0','','',0,0,0,0,0,0,'0000-00-00','0000-00-00','0000-00-00',0,0,0,0,0,0,''),(120,1,10,'268','BALSAMIC VINEGAR',500,0,1,0,500,0,42,'Bottles',0,'0','0','0','0','','',0,0,0,0,0,0,'0000-00-00','0000-00-00','0000-00-00',0,0,0,0,0,0,''),(121,1,10,'252','WALNUT AKHROOT ',1500,0,0.2,0,1500,0,43,'Kgs',0,'0','0','0','0','','',0,0,0,0,0,0,'0000-00-00','0000-00-00','0000-00-00',0,0,0,0,0,0,''),(122,1,10,'737','BLACK PEPPER SABAT',1200,0,0.5,0,1200,0,44,'Kgs',0,'0','0','0','0','','',0,0,0,0,0,0,'0000-00-00','0000-00-00','0000-00-00',0,0,0,0,0,0,''),(123,1,10,'322','DAMI GLASS BASE',800,0,1,0,800,0,45,'Jar',0,'0','0','0','0','','',0,0,0,0,0,0,'0000-00-00','0000-00-00','0000-00-00',0,0,0,0,0,0,''),(124,1,10,'297','RED BEANS',200,0,1,0,200,0,46,'Jar',0,'0','0','0','0','','',0,0,0,0,0,0,'0000-00-00','0000-00-00','0000-00-00',0,0,0,0,0,0,''),(125,1,10,'292','GRAPE VINEGAR',600,0,1,0,600,0,47,'Kgs',0,'0','0','0','0','','',0,0,0,0,0,0,'0000-00-00','0000-00-00','0000-00-00',0,0,0,0,0,0,''),(126,1,10,'299','SEA SALT',500,0,1,0,500,0,48,'Pack',0,'0','0','0','0','','',0,0,0,0,0,0,'0000-00-00','0000-00-00','0000-00-00',0,0,0,0,0,0,''),(127,1,10,'309','PANNE REGGIA PASTA',300,0,2,0,300,0,49,'Pack',0,'0','0','0','0','','',0,0,0,0,0,0,'0000-00-00','0000-00-00','0000-00-00',0,0,0,0,0,0,''),(128,1,10,'307','MACARONI ELBLOW BIG',300,0,1,0,300,0,50,'Pack',0,'0','0','0','0','','',0,0,0,0,0,0,'0000-00-00','0000-00-00','0000-00-00',0,0,0,0,0,0,''),(129,1,10,'233','MILK PACK CREAM 200ML ',93.89,0,24,0,93.89333333336,0,51,'pcs',0,'0','0','0','0','','',0,0,0,0,0,0,'0000-00-00','0000-00-00','0000-00-00',0,0,0,0,0,0,''),(130,1,10,'308','BREAD CRUMBS',260,0,2,0,260,0,52,'Pack',0,'0','0','0','0','','',0,0,0,0,0,0,'0000-00-00','0000-00-00','0000-00-00',0,0,0,0,0,0,''),(131,1,10,'317','WHITE PEPPER POWDER',1500,0,0.2,0,1500,0,53,'Kgs',0,'0','0','0','0','','',0,0,0,0,0,0,'0000-00-00','0000-00-00','0000-00-00',0,0,0,0,0,0,''),(132,1,10,'313','THYME',500,0,0.05,0,500,0,54,'Pack',0,'0','0','0','0','','',0,0,0,0,0,0,'0000-00-00','0000-00-00','0000-00-00',0,0,0,0,0,0,''),(133,1,10,'312','DRY BASIL',500,0,0.05,0,500,0,55,'Pack',0,'0','0','0','0','','',0,0,0,0,0,0,'0000-00-00','0000-00-00','0000-00-00',0,0,0,0,0,0,''),(134,1,10,'311','TARRAGON',500,0,1,0,500,0,56,'Pack',0,'0','0','0','0','','',0,0,0,0,0,0,'0000-00-00','0000-00-00','0000-00-00',0,0,0,0,0,0,''),(135,1,10,'734','MASHROOM FUNGUS',2000,0,0.3,0,2000,0,57,'Kgs',0,'0','0','0','0','','',0,0,0,0,0,0,'0000-00-00','0000-00-00','0000-00-00',0,0,0,0,0,0,''),(136,1,10,'732','OREGANO DRY',500,0,0.3,0,500,0,58,'Kgs',0,'0','0','0','0','','',0,0,0,0,0,0,'0000-00-00','0000-00-00','0000-00-00',0,0,0,0,0,0,''),(137,1,10,'731','KACHRI POWDER LOOSE',500,0,1,0,500,0,59,'Kgs',0,'0','0','0','0','','',0,0,0,0,0,0,'0000-00-00','0000-00-00','0000-00-00',0,0,0,0,0,0,''),(138,1,10,'324','TURMERIC POWDER',300,0,0.1,0,300,0,60,'Kgs',0,'0','0','0','0','','',0,0,0,0,0,0,'0000-00-00','0000-00-00','0000-00-00',0,0,0,0,0,0,''),(139,1,10,'304','CRACKERS',500,0,0.6,0,500,0,61,'pcs',0,'0','0','0','0','','',0,0,0,0,0,0,'0000-00-00','0000-00-00','0000-00-00',0,0,0,0,0,0,''),(140,1,10,'314','SALT',20,0,1,0,20,0,62,'Pack',0,'0','0','0','0','','',0,0,0,0,0,0,'0000-00-00','0000-00-00','0000-00-00',0,0,0,0,0,0,''),(141,1,10,'265','SUGAR',60,0,1,0,60,0,63,'Kgs',0,'0','0','0','0','','',0,0,0,0,0,0,'0000-00-00','0000-00-00','0000-00-00',0,0,0,0,0,0,''),(142,1,10,'245','CHINESE SALT (CHINA NAMAK) LOOSE ',600,0,1,0,600,0,64,'Kgs',0,'0','0','0','0','','',0,0,0,0,0,0,'0000-00-00','0000-00-00','0000-00-00',0,0,0,0,0,0,''),(143,1,10,'246','RED CHILLI WHOLE ROUND ',300,0,0.05,0,300,0,65,'Kgs',0,'0','0','0','0','','',0,0,0,0,0,0,'0000-00-00','0000-00-00','0000-00-00',0,0,0,0,0,0,''),(144,1,10,'321','CHICKEN SOUP CUBE',800,0,1,0,800,0,66,'Jar',0,'0','0','0','0','','',0,0,0,0,0,0,'0000-00-00','0000-00-00','0000-00-00',0,0,0,0,0,0,''),(145,1,10,'106','CHICKEN BREAST LOCAL',360,0,4.5,0,360,0,67,'Kgs',0,'0','0','0','0','','',0,0,0,0,0,0,'0000-00-00','0000-00-00','0000-00-00',0,0,0,0,0,0,''),(146,1,10,'001','BEEF TENDERLOIN WITHOUT HEAD',1050,0,28,0,1050,0,68,'Kgs',0,'0','0','0','0','','',0,0,0,0,0,0,'0000-00-00','0000-00-00','0000-00-00',0,0,0,0,0,0,''),(147,1,10,'104','CHICKEN NIBLETS WINGS (K&amp;N&#039;S)',290,0,2,0,290,0,69,'Kgs',0,'0','0','0','0','','',0,0,0,0,0,0,'0000-00-00','0000-00-00','0000-00-00',0,0,0,0,0,0,''),(148,1,10,'101','CHICKEN FILLET 110 TO 120 GMS K&amp;N&#039;S',363,0,27,0,363,0,70,'Kgs',0,'0','0','0','0','','',0,0,0,0,0,0,'0000-00-00','0000-00-00','0000-00-00',0,0,0,0,0,0,''),(149,1,10,'857','FISH PREGOSIUS RAW',360,0,4,0,360,0,71,'Kgs',0,'0','0','0','0','','',0,0,0,0,0,0,'0000-00-00','0000-00-00','0000-00-00',0,0,0,0,0,0,''),(150,1,10,'105','CHICKEN WINGS LOCAL',200,0,3,0,200,0,72,'Kgs',0,'0','0','0','0','','',0,0,0,0,0,0,'0000-00-00','0000-00-00','0000-00-00',0,0,0,0,0,0,''),(151,1,10,'152','SHRIMPS 16/20 ',1100,0,1.5,0,1100,0,73,'Kgs',0,'0','0','0','0','','',0,0,0,0,0,0,'0000-00-00','0000-00-00','0000-00-00',0,0,0,0,0,0,''),(152,1,10,'102','CHICKEN THAI BONELESS (LOCAL)',350,0,0.25,0,350,0,74,'Kgs',0,'0','0','0','0','','',0,0,0,0,0,0,'0000-00-00','0000-00-00','0000-00-00',0,0,0,0,0,0,''),(153,1,10,'403','CABBAGE',150,0,1,0,150,0,75,'Kgs',0,'0','0','0','0','','',0,0,0,0,0,0,'0000-00-00','0000-00-00','0000-00-00',0,0,0,0,0,0,''),(154,1,10,'402','CARROTS',85,0,1,0,85,0,76,'Kgs',0,'0','0','0','0','','',0,0,0,0,0,0,'0000-00-00','0000-00-00','0000-00-00',0,0,0,0,0,0,''),(155,1,10,'406','ZUCCHINI',250,0,0.5,0,250,0,77,'Kgs',0,'0','0','0','0','','',0,0,0,0,0,0,'0000-00-00','0000-00-00','0000-00-00',0,0,0,0,0,0,''),(156,1,10,'418','GREEN CHILLI',150,0,0.1,0,150,0,78,'Kgs',0,'0','0','0','0','','',0,0,0,0,0,0,'0000-00-00','0000-00-00','0000-00-00',0,0,0,0,0,0,''),(157,2,13,'854','WHIP CREAM RICHI WHIP ',1100,0,2,0,1100,2,79,'Pack',0,'0','0','0','0','','',0,0,0,0,0,0,'0000-00-00','0000-00-00','0000-00-00',0,0,0,0,0,0,''),(158,2,13,'364','POLAC MILK 390 GRAMS ',200,0,0,0,200,0,80,'Bottles',0,'0','0','0','0','','',0,0,0,0,0,0,'0000-00-00','0000-00-00','0000-00-00',0,0,0,0,0,0,''),(159,2,13,'371','SUFI COOKING OIL 1 LITER ',176,0,3,0,176,3,81,'Pack',0,'0','0','0','0','','',0,0,0,0,0,0,'0000-00-00','0000-00-00','0000-00-00',0,0,0,0,0,0,''),(160,2,13,'205','YELLOW BUTTER FRESH',500,0,0.5,0,500,0.5,82,'Kgs',0,'0','0','0','0','','',0,0,0,0,0,0,'0000-00-00','0000-00-00','0000-00-00',0,0,0,0,0,0,''),(161,2,13,'233','MILK PACK CREAM 200ML ',93.89,0,2,0,93.89333333336,2,83,'pcs',0,'0','0','0','0','','',0,0,0,0,0,0,'0000-00-00','0000-00-00','0000-00-00',0,0,0,0,0,0,''),(162,2,13,'254','CHOCO  POWDER LOOSE ',200,0,2,0,200,2,84,'Kgs',0,'0','0','0','0','','',0,0,0,0,0,0,'0000-00-00','0000-00-00','0000-00-00',0,0,0,0,0,0,''),(163,2,13,'759','BELGIAN WHITE CHOCOLATE 31.3% COCOA',1200,0,0,0,1200,0,85,'pcs',0,'0','0','0','0','','',0,0,0,0,0,0,'0000-00-00','0000-00-00','0000-00-00',0,0,0,0,0,0,''),(164,2,13,'712','PUK CHEESE ',920,0,1,0,920,1,86,'Bottles',0,'0','0','0','0','','',0,0,0,0,0,0,'0000-00-00','0000-00-00','0000-00-00',0,0,0,0,0,0,''),(165,2,13,'266','GLUCOSE',150,0,2,0,150,2,87,'Kgs',0,'0','0','0','0','','',0,0,0,0,0,0,'0000-00-00','0000-00-00','0000-00-00',0,0,0,0,0,0,''),(166,2,13,'389','OLIVE OIL 4 LITTER ',4000,0,1,0,4000,1,88,'Bottles',0,'0','0','0','0','','',0,0,0,0,0,0,'0000-00-00','0000-00-00','0000-00-00',0,0,0,0,0,0,''),(167,2,13,'252','WALNUT AKHROOT ',1500,0,0.4,0,1500,0.4,89,'Kgs',0,'0','0','0','0','','',0,0,0,0,0,0,'0000-00-00','0000-00-00','0000-00-00',0,0,0,0,0,0,''),(168,2,13,'249','ALMOND ',1500,0,0.6,0,1500,0.6,90,'Kgs',0,'0','0','0','0','','',0,0,0,0,0,0,'0000-00-00','0000-00-00','0000-00-00',0,0,0,0,0,0,''),(169,2,13,'263','ALL PURPOSE FLOUR',60,0,2,0,60,2,91,'Kgs',0,'0','0','0','0','','',0,0,0,0,0,0,'0000-00-00','0000-00-00','0000-00-00',0,0,0,0,0,0,''),(170,2,13,'301','EGGS',100,0,5,0,100,5,92,'Doz',0,'0','0','0','0','','',0,0,0,0,0,0,'0000-00-00','0000-00-00','0000-00-00',0,0,0,0,0,0,''),(171,2,13,'736','BROWN SUGAR',300,0,1,0,300,1,93,'Pack',0,'0','0','0','0','','',0,0,0,0,0,0,'0000-00-00','0000-00-00','0000-00-00',0,0,0,0,0,0,''),(172,2,13,'281','ICEING SUGAR',300,0,2,0,205,2,94,'Pack',0,'0','0','0','0','','',0,0,0,0,0,0,'0000-00-00','0000-00-00','0000-00-00',0,0,0,0,0,0,''),(173,2,13,'798','CHOCOLATE SYRUP',620,0,1,0,620,1,95,'Bottles',0,'0','0','0','0','','',0,0,0,0,0,0,'0000-00-00','0000-00-00','0000-00-00',0,0,0,0,0,0,''),(174,2,13,'858','VANILLA CAKEMIX BATTYCROKER ',300,0,1,0,300,1,96,'Pack',0,'0','0','0','0','','',0,0,0,0,0,0,'0000-00-00','0000-00-00','0000-00-00',0,0,0,0,0,0,''),(175,2,13,'859','ZILANDIA CHOCOLATE ',1000,0,3.5,0,1000,3.5,97,'Kgs',0,'0','0','0','0','','',0,0,0,0,0,0,'0000-00-00','0000-00-00','0000-00-00',0,0,0,0,0,0,''),(176,2,13,'860','NESCAFE COFFEE  ',500,0,1,0,500,1,98,'Jar',0,'0','0','0','0','','',0,0,0,0,0,0,'0000-00-00','0000-00-00','0000-00-00',0,0,0,0,0,0,''),(177,2,13,'589','KISHMISH (SOGHI)',1000,0,0.8,0,1000,0.8,99,'Kgs',0,'0','0','0','0','','',0,0,0,0,0,0,'0000-00-00','0000-00-00','0000-00-00',0,0,0,0,0,0,''),(178,2,13,'261','MALAYSIA DARK CHOCOLATE ',1200,0,1.7,0,1200,1.7,100,'Kgs',0,'0','0','0','0','','',0,0,0,0,0,0,'0000-00-00','0000-00-00','0000-00-00',0,0,0,0,0,0,''),(179,2,10,'854','WHIP CREAM RICHI WHIP ',1100,0,2,0,1100,0,157,'Pack',0,'0','0','0','0','','',0,0,0,0,0,0,'0000-00-00','0000-00-00','0000-00-00',0,0,0,0,0,0,''),(180,2,10,'364','POLAC MILK 390 GRAMS ',200,0,0,0,200,0,158,'Bottles',0,'0','0','0','0','','',0,0,0,0,0,0,'0000-00-00','0000-00-00','0000-00-00',0,0,0,0,0,0,''),(181,2,10,'371','SUFI COOKING OIL 1 LITER ',176,0,3,0,176,0,159,'Pack',0,'0','0','0','0','','',0,0,0,0,0,0,'0000-00-00','0000-00-00','0000-00-00',0,0,0,0,0,0,''),(182,2,10,'205','YELLOW BUTTER FRESH',500,0,0.5,0,500,0,160,'Kgs',0,'0','0','0','0','','',0,0,0,0,0,0,'0000-00-00','0000-00-00','0000-00-00',0,0,0,0,0,0,''),(183,2,10,'233','MILK PACK CREAM 200ML ',93.89,0,2,0,93.89333333336,0,161,'pcs',0,'0','0','0','0','','',0,0,0,0,0,0,'0000-00-00','0000-00-00','0000-00-00',0,0,0,0,0,0,''),(184,2,10,'254','CHOCO  POWDER LOOSE ',200,0,2,0,200,0,162,'Kgs',0,'0','0','0','0','','',0,0,0,0,0,0,'0000-00-00','0000-00-00','0000-00-00',0,0,0,0,0,0,''),(185,2,10,'759','BELGIAN WHITE CHOCOLATE 31.3% COCOA',1200,0,0,0,1200,0,163,'pcs',0,'0','0','0','0','','',0,0,0,0,0,0,'0000-00-00','0000-00-00','0000-00-00',0,0,0,0,0,0,''),(186,2,10,'712','PUK CHEESE ',920,0,1,0,920,0,164,'Bottles',0,'0','0','0','0','','',0,0,0,0,0,0,'0000-00-00','0000-00-00','0000-00-00',0,0,0,0,0,0,''),(187,2,10,'266','GLUCOSE',150,0,2,0,150,0,165,'Kgs',0,'0','0','0','0','','',0,0,0,0,0,0,'0000-00-00','0000-00-00','0000-00-00',0,0,0,0,0,0,''),(188,2,10,'389','OLIVE OIL 4 LITTER ',4000,0,1,0,4000,0,166,'Bottles',0,'0','0','0','0','','',0,0,0,0,0,0,'0000-00-00','0000-00-00','0000-00-00',0,0,0,0,0,0,''),(189,2,10,'252','WALNUT AKHROOT ',1500,0,0.4,0,1500,0,167,'Kgs',0,'0','0','0','0','','',0,0,0,0,0,0,'0000-00-00','0000-00-00','0000-00-00',0,0,0,0,0,0,''),(190,2,10,'249','ALMOND ',1500,0,0.6,0,1500,0,168,'Kgs',0,'0','0','0','0','','',0,0,0,0,0,0,'0000-00-00','0000-00-00','0000-00-00',0,0,0,0,0,0,''),(191,2,10,'263','ALL PURPOSE FLOUR',60,0,2,0,60,0,169,'Kgs',0,'0','0','0','0','','',0,0,0,0,0,0,'0000-00-00','0000-00-00','0000-00-00',0,0,0,0,0,0,''),(192,2,10,'301','EGGS',100,0,5,0,100,0,170,'Doz',0,'0','0','0','0','','',0,0,0,0,0,0,'0000-00-00','0000-00-00','0000-00-00',0,0,0,0,0,0,''),(193,2,10,'736','BROWN SUGAR',300,0,1,0,300,0,171,'Pack',0,'0','0','0','0','','',0,0,0,0,0,0,'0000-00-00','0000-00-00','0000-00-00',0,0,0,0,0,0,''),(194,2,10,'281','ICEING SUGAR',300,0,2,0,205,0,172,'Pack',0,'0','0','0','0','','',0,0,0,0,0,0,'0000-00-00','0000-00-00','0000-00-00',0,0,0,0,0,0,''),(195,2,10,'798','CHOCOLATE SYRUP',620,0,1,0,620,0,173,'Bottles',0,'0','0','0','0','','',0,0,0,0,0,0,'0000-00-00','0000-00-00','0000-00-00',0,0,0,0,0,0,''),(196,2,10,'858','VANILLA CAKEMIX BATTYCROKER ',300,0,1,0,300,0,174,'Pack',0,'0','0','0','0','','',0,0,0,0,0,0,'0000-00-00','0000-00-00','0000-00-00',0,0,0,0,0,0,''),(197,2,10,'859','ZILANDIA CHOCOLATE ',1000,0,3.5,0,1000,0,175,'Kgs',0,'0','0','0','0','','',0,0,0,0,0,0,'0000-00-00','0000-00-00','0000-00-00',0,0,0,0,0,0,''),(198,2,10,'860','NESCAFE COFFEE  ',500,0,1,0,500,0,176,'Jar',0,'0','0','0','0','','',0,0,0,0,0,0,'0000-00-00','0000-00-00','0000-00-00',0,0,0,0,0,0,''),(199,2,10,'589','KISHMISH (SOGHI)',1000,0,0.8,0,1000,0,177,'Kgs',0,'0','0','0','0','','',0,0,0,0,0,0,'0000-00-00','0000-00-00','0000-00-00',0,0,0,0,0,0,''),(200,2,10,'261','MALAYSIA DARK CHOCOLATE ',1200,0,1.7,0,1200,0,178,'Kgs',0,'0','0','0','0','','',0,0,0,0,0,0,'0000-00-00','0000-00-00','0000-00-00',0,0,0,0,0,0,''),(201,3,13,'531','PLATE VERSECE LOGO ',1100,0,74,0,1100,74,101,'pcs',0,'0','0','0','0','','',0,0,0,0,0,0,'0000-00-00','0000-00-00','0000-00-00',0,0,0,0,0,0,''),(202,3,13,'514','STEAK KNIFE ',100,0,23,0,100,23,102,'pcs',0,'0','0','0','0','','',0,0,0,0,0,0,'0000-00-00','0000-00-00','0000-00-00',0,0,0,0,0,0,''),(203,3,13,'533','SOUP CONTINENTS TRAY',100,0,4,0,100,4,103,'pcs',0,'0','0','0','0','','',0,0,0,0,0,0,'0000-00-00','0000-00-00','0000-00-00',0,0,0,0,0,0,''),(204,3,13,'517','SOUP BOWL CHINA ',325,0,33,0,325,33,104,'pcs',0,'0','0','0','0','','',0,0,0,0,0,0,'0000-00-00','0000-00-00','0000-00-00',0,0,0,0,0,0,''),(205,3,13,'524','STEAK VEGI PLATE  (WOODEN) ',200,0,9,0,200,9,105,'pcs',0,'0','0','0','0','','',0,0,0,0,0,0,'0000-00-00','0000-00-00','0000-00-00',0,0,0,0,0,0,''),(206,3,13,'525','STEAK SAUCE BOWL  (WOODEN)',100,0,25,0,100,25,106,'pcs',0,'0','0','0','0','','',0,0,0,0,0,0,'0000-00-00','0000-00-00','0000-00-00',0,0,0,0,0,0,''),(207,3,13,'504','RECT SERVING PLATE 33CM',800,0,61,0,800,61,107,'pcs',0,'0','0','0','0','','',0,0,0,0,0,0,'0000-00-00','0000-00-00','0000-00-00',0,0,0,0,0,0,''),(208,3,13,'503','SQ DINNER PLATE 27CM',750,0,62,0,750,62,108,'pcs',0,'0','0','0','0','','',0,0,0,0,0,0,'0000-00-00','0000-00-00','0000-00-00',0,0,0,0,0,0,''),(209,3,13,'518','SOUP SAUCER CHINA ',100,0,34,0,100,34,109,'pcs',0,'0','0','0','0','','',0,0,0,0,0,0,'0000-00-00','0000-00-00','0000-00-00',0,0,0,0,0,0,''),(210,3,13,'502','SQ DESSERT PLATE 21CM',400,0,93,0,400,93,110,'pcs',0,'0','0','0','0','','',0,0,0,0,0,0,'0000-00-00','0000-00-00','0000-00-00',0,0,0,0,0,0,''),(211,3,13,'505','RECT SERVING BOWL 22.5CM',650,0,25,0,650,25,111,'pcs',0,'0','0','0','0','','',0,0,0,0,0,0,'0000-00-00','0000-00-00','0000-00-00',0,0,0,0,0,0,''),(212,3,13,'506','SQ Soup PLATE 20.5CM',650,0,24,0,650,24,112,'pcs',0,'0','0','0','0','','',0,0,0,0,0,0,'0000-00-00','0000-00-00','0000-00-00',0,0,0,0,0,0,''),(213,3,13,'511','DESSERT SPOON SMALL ',150,0,90,0,150,90,113,'pcs',0,'0','0','0','0','','',0,0,0,0,0,0,'0000-00-00','0000-00-00','0000-00-00',0,0,0,0,0,0,''),(214,3,13,'513','DINNER KNIFE ',200,0,111,0,200,111,114,'pcs',0,'0','0','0','0','','',0,0,0,0,0,0,'0000-00-00','0000-00-00','0000-00-00',0,0,0,0,0,0,''),(215,3,13,'510','DINNER SPOON MEDIUM',200,0,109,0,200,109,115,'pcs',0,'0','0','0','0','','',0,0,0,0,0,0,'0000-00-00','0000-00-00','0000-00-00',0,0,0,0,0,0,''),(216,3,13,'501','DINNER SPOON LARGE',0,0,110,0,0,110,116,'pcs',0,'0','0','0','0','','',0,0,0,0,0,0,'0000-00-00','0000-00-00','0000-00-00',0,0,0,0,0,0,''),(217,3,13,'512','DINNER FORK ',200,0,116,0,200,116,117,'pcs',0,'0','0','0','0','','',0,0,0,0,0,0,'0000-00-00','0000-00-00','0000-00-00',0,0,0,0,0,0,''),(218,3,13,'528','GLASS 350ML JUICE LONG ',1100,0,32,0,1100,32,118,'pcs',0,'0','0','0','0','','',0,0,0,0,0,0,'0000-00-00','0000-00-00','0000-00-00',0,0,0,0,0,0,''),(219,3,13,'529','GLASS 300ML WATER (WINE) ',850,0,63,0,850,63,119,'pcs',0,'0','0','0','0','','',0,0,0,0,0,0,'0000-00-00','0000-00-00','0000-00-00',0,0,0,0,0,0,''),(220,3,13,'534','COFFEE MUG PORCILEN ',200,0,14,0,200,14,120,'pcs',0,'0','0','0','0','','',0,0,0,0,0,0,'0000-00-00','0000-00-00','0000-00-00',0,0,0,0,0,0,''),(221,3,13,'530','GLASS 50ML MINI ',50,0,84,0,50,84,121,'pcs',0,'0','0','0','0','','',0,0,0,0,0,0,'0000-00-00','0000-00-00','0000-00-00',0,0,0,0,0,0,''),(222,3,13,'544','ICE BUCKET ',250,0,2,0,250,2,122,'pcs',0,'0','0','0','0','','',0,0,0,0,0,0,'0000-00-00','0000-00-00','0000-00-00',0,0,0,0,0,0,''),(223,3,13,'545','SOUP CONTENTMENT FIX TYPE  ',150,0,7,0,150,7,123,'pcs',0,'0','0','0','0','','',0,0,0,0,0,0,'0000-00-00','0000-00-00','0000-00-00',0,0,0,0,0,0,''),(224,3,10,'531','PLATE VERSECE LOGO ',1100,0,74,0,1100,0,201,'pcs',0,'0','0','0','0','','',0,0,0,0,0,0,'0000-00-00','0000-00-00','0000-00-00',0,0,0,0,0,0,''),(225,3,10,'514','STEAK KNIFE ',100,0,23,0,100,0,202,'pcs',0,'0','0','0','0','','',0,0,0,0,0,0,'0000-00-00','0000-00-00','0000-00-00',0,0,0,0,0,0,''),(226,3,10,'533','SOUP CONTINENTS TRAY',100,0,4,0,100,0,203,'pcs',0,'0','0','0','0','','',0,0,0,0,0,0,'0000-00-00','0000-00-00','0000-00-00',0,0,0,0,0,0,''),(227,3,10,'517','SOUP BOWL CHINA ',325,0,33,0,325,0,204,'pcs',0,'0','0','0','0','','',0,0,0,0,0,0,'0000-00-00','0000-00-00','0000-00-00',0,0,0,0,0,0,''),(228,3,10,'524','STEAK VEGI PLATE  (WOODEN) ',200,0,9,0,200,0,205,'pcs',0,'0','0','0','0','','',0,0,0,0,0,0,'0000-00-00','0000-00-00','0000-00-00',0,0,0,0,0,0,''),(229,3,10,'525','STEAK SAUCE BOWL  (WOODEN)',100,0,25,0,100,0,206,'pcs',0,'0','0','0','0','','',0,0,0,0,0,0,'0000-00-00','0000-00-00','0000-00-00',0,0,0,0,0,0,''),(230,3,10,'504','RECT SERVING PLATE 33CM',800,0,61,0,800,0,207,'pcs',0,'0','0','0','0','','',0,0,0,0,0,0,'0000-00-00','0000-00-00','0000-00-00',0,0,0,0,0,0,''),(231,3,10,'503','SQ DINNER PLATE 27CM',750,0,62,0,750,0,208,'pcs',0,'0','0','0','0','','',0,0,0,0,0,0,'0000-00-00','0000-00-00','0000-00-00',0,0,0,0,0,0,''),(232,3,10,'518','SOUP SAUCER CHINA ',100,0,34,0,100,0,209,'pcs',0,'0','0','0','0','','',0,0,0,0,0,0,'0000-00-00','0000-00-00','0000-00-00',0,0,0,0,0,0,''),(233,3,10,'502','SQ DESSERT PLATE 21CM',400,0,93,0,400,0,210,'pcs',0,'0','0','0','0','','',0,0,0,0,0,0,'0000-00-00','0000-00-00','0000-00-00',0,0,0,0,0,0,''),(234,3,10,'505','RECT SERVING BOWL 22.5CM',650,0,25,0,650,0,211,'pcs',0,'0','0','0','0','','',0,0,0,0,0,0,'0000-00-00','0000-00-00','0000-00-00',0,0,0,0,0,0,''),(235,3,10,'506','SQ Soup PLATE 20.5CM',650,0,24,0,650,0,212,'pcs',0,'0','0','0','0','','',0,0,0,0,0,0,'0000-00-00','0000-00-00','0000-00-00',0,0,0,0,0,0,''),(236,3,10,'511','DESSERT SPOON SMALL ',150,0,90,0,150,0,213,'pcs',0,'0','0','0','0','','',0,0,0,0,0,0,'0000-00-00','0000-00-00','0000-00-00',0,0,0,0,0,0,''),(237,3,10,'513','DINNER KNIFE ',200,0,111,0,200,0,214,'pcs',0,'0','0','0','0','','',0,0,0,0,0,0,'0000-00-00','0000-00-00','0000-00-00',0,0,0,0,0,0,''),(238,3,10,'510','DINNER SPOON MEDIUM',200,0,109,0,200,0,215,'pcs',0,'0','0','0','0','','',0,0,0,0,0,0,'0000-00-00','0000-00-00','0000-00-00',0,0,0,0,0,0,''),(239,3,10,'501','DINNER SPOON LARGE',0,0,110,0,0,0,216,'pcs',0,'0','0','0','0','','',0,0,0,0,0,0,'0000-00-00','0000-00-00','0000-00-00',0,0,0,0,0,0,''),(240,3,10,'512','DINNER FORK ',200,0,116,0,200,0,217,'pcs',0,'0','0','0','0','','',0,0,0,0,0,0,'0000-00-00','0000-00-00','0000-00-00',0,0,0,0,0,0,''),(241,3,10,'528','GLASS 350ML JUICE LONG ',1100,0,32,0,1100,0,218,'pcs',0,'0','0','0','0','','',0,0,0,0,0,0,'0000-00-00','0000-00-00','0000-00-00',0,0,0,0,0,0,''),(242,3,10,'529','GLASS 300ML WATER (WINE) ',850,0,63,0,850,0,219,'pcs',0,'0','0','0','0','','',0,0,0,0,0,0,'0000-00-00','0000-00-00','0000-00-00',0,0,0,0,0,0,''),(243,3,10,'534','COFFEE MUG PORCILEN ',200,0,14,0,200,0,220,'pcs',0,'0','0','0','0','','',0,0,0,0,0,0,'0000-00-00','0000-00-00','0000-00-00',0,0,0,0,0,0,''),(244,3,10,'530','GLASS 50ML MINI ',50,0,84,0,50,0,221,'pcs',0,'0','0','0','0','','',0,0,0,0,0,0,'0000-00-00','0000-00-00','0000-00-00',0,0,0,0,0,0,''),(245,3,10,'544','ICE BUCKET ',250,0,2,0,250,0,222,'pcs',0,'0','0','0','0','','',0,0,0,0,0,0,'0000-00-00','0000-00-00','0000-00-00',0,0,0,0,0,0,''),(246,3,10,'545','SOUP CONTENTMENT FIX TYPE  ',150,0,7,0,150,0,223,'pcs',0,'0','0','0','0','','',0,0,0,0,0,0,'0000-00-00','0000-00-00','0000-00-00',0,0,0,0,0,0,''),(247,4,13,'871','SASAME SEED(TIL)',250,0,0.7,0,250,0.7,124,'Kgs',0,'','','','','','',0,0,0,0,0,0,'0000-00-00','0000-00-00','0000-00-00',0,0,0,0,0,0,''),(248,4,13,'867','MUSTARD YELLOW FRENCHS 2.98 KG ',1400,0,1,0,1400,1,125,'Bottles',0,'','','','','','',0,0,0,0,0,0,'0000-00-00','0000-00-00','0000-00-00',0,0,0,0,0,0,''),(249,4,13,'873','SUNDRIED TOMATO OIL ',400,0,0,0,400,0,126,'Bottles',0,'','','','','','',0,0,0,0,0,0,'0000-00-00','0000-00-00','0000-00-00',0,0,0,0,0,0,''),(250,4,13,'872','DORITOS(CORN CHIPS) 50 GRAM',70,0,1,0,70,1,127,'Pack',0,'','','','','','',0,0,0,0,0,0,'0000-00-00','0000-00-00','0000-00-00',0,0,0,0,0,0,''),(251,4,13,'866','WORCESTER SHIRE SAUCE 295ML ',245,0,1,0,245,1,128,'Bottles',0,'','','','','','',0,0,0,0,0,0,'0000-00-00','0000-00-00','0000-00-00',0,0,0,0,0,0,''),(252,4,10,'871','SASAME SEED(TIL)',250,0,0.7,0,250,0,247,'Kgs',0,'','','','','','',0,0,0,0,0,0,'0000-00-00','0000-00-00','0000-00-00',0,0,0,0,0,0,''),(253,4,10,'867','MUSTARD YELLOW FRENCHS 2.98 KG ',1400,0,1,0,1400,0,248,'Bottles',0,'','','','','','',0,0,0,0,0,0,'0000-00-00','0000-00-00','0000-00-00',0,0,0,0,0,0,''),(254,4,10,'873','SUNDRIED TOMATO OIL ',400,0,0,0,400,0,249,'Bottles',0,'','','','','','',0,0,0,0,0,0,'0000-00-00','0000-00-00','0000-00-00',0,0,0,0,0,0,''),(255,4,10,'872','DORITOS(CORN CHIPS) 50 GRAM',70,0,1,0,70,0,250,'Pack',0,'','','','','','',0,0,0,0,0,0,'0000-00-00','0000-00-00','0000-00-00',0,0,0,0,0,0,''),(256,4,10,'866','WORCESTER SHIRE SAUCE 295ML ',245,0,1,0,245,0,251,'Bottles',0,'','','','','','',0,0,0,0,0,0,'0000-00-00','0000-00-00','0000-00-00',0,0,0,0,0,0,''),(257,5,13,'303','RICE ZARAFA 2 YEARS OLD',170,0,5,0,170,5,129,'Kgs',0,'','','','','','',0,0,0,0,0,0,'0000-00-00','0000-00-00','0000-00-00',0,0,0,0,0,0,''),(258,5,13,'246','RED CHILLI WHOLE ROUND ',300,0,2,0,300,2,130,'pcs',0,'','','','','','',0,0,0,0,0,0,'0000-00-00','0000-00-00','0000-00-00',0,0,0,0,0,0,''),(259,5,13,'356','SWEET CORN TIN ',200,0,1,0,200,1,131,'Jar',0,'','','','','','',0,0,0,0,0,0,'0000-00-00','0000-00-00','0000-00-00',0,0,0,0,0,0,''),(260,5,13,'272','CAPERS (BEN-DELS)',560,0,1,0,560,1,132,'pcs',0,'','','','','','',0,0,0,0,0,0,'0000-00-00','0000-00-00','0000-00-00',0,0,0,0,0,0,''),(261,5,13,'306','FETTUCCINE PASTA',360,0,1,0,360,1,133,'Pack',0,'','','','','','',0,0,0,0,0,0,'0000-00-00','0000-00-00','0000-00-00',0,0,0,0,0,0,''),(262,5,13,'201','FRESH CREAM',280,0,6,0,280,6,134,'Kgs',0,'','','','','','',0,0,0,0,0,0,'0000-00-00','0000-00-00','0000-00-00',0,0,0,0,0,0,''),(263,5,13,'762','CHILLI SAUCE 5KG PACK ',600,0,1,0,600,1,135,'Bottles',0,'','','','','','',0,0,0,0,0,0,'0000-00-00','0000-00-00','0000-00-00',0,0,0,0,0,0,''),(264,5,13,'776','SHEEZAN TOMATO KETCHUP 4KG ',400,0,1,0,400,1,136,'Bottles',0,'','','','','','',0,0,0,0,0,0,'0000-00-00','0000-00-00','0000-00-00',0,0,0,0,0,0,''),(265,5,13,'774','CLING FILM ',250,0,1,0,250,1,137,'Pack',0,'','','','','','',0,0,0,0,0,0,'0000-00-00','0000-00-00','0000-00-00',0,0,0,0,0,0,''),(266,5,13,'271','LEMON JUICE (MITCHELS)',129,0,2,0,129,2,138,'Bottles',0,'','','','','','',0,0,0,0,0,0,'0000-00-00','0000-00-00','0000-00-00',0,0,0,0,0,0,''),(267,5,13,'300','GREEN OLIVES',400,0,1,0,400,1,139,'Bottles',0,'','','','','','',0,0,0,0,0,0,'0000-00-00','0000-00-00','0000-00-00',0,0,0,0,0,0,''),(268,5,13,'791','NESTLE JUICE KINNU ',160,0,1,0,160,1,140,'Pack',0,'','','','','','',0,0,0,0,0,0,'0000-00-00','0000-00-00','0000-00-00',0,0,0,0,0,0,''),(269,5,13,'204','MILK PACK MILK 1 LTTER ',127.55,0,1,0,127.55102040816,1,141,'Kgs',0,'','','','','','',0,0,0,0,0,0,'0000-00-00','0000-00-00','0000-00-00',0,0,0,0,0,0,''),(270,5,13,'857','FISH PREGOSIUS RAW',360,0,6,0,360,6,142,'Kgs',0,'','','','','','',0,0,0,0,0,0,'0000-00-00','0000-00-00','0000-00-00',0,0,0,0,0,0,''),(271,5,13,'805','SPRITE 300ML CAN',44.58,0,36,0,44.58,36,143,'Bottles',0,'','','','','','',0,0,0,0,0,0,'0000-00-00','0000-00-00','0000-00-00',0,0,0,0,0,0,''),(272,5,13,'822','AQUA FINA WATER 500ML ',21.77,0,12,0,21.76875,12,144,'Bottles',0,'','','','','','',0,0,0,0,0,0,'0000-00-00','0000-00-00','0000-00-00',0,0,0,0,0,0,''),(273,5,13,'801','COKE 300 ML CAN',45.09,0,12,0,45.089473684211,12,145,'Bottles',0,'','','','','','',0,0,0,0,0,0,'0000-00-00','0000-00-00','0000-00-00',0,0,0,0,0,0,''),(274,5,13,'782','LIME JUICE GORDIAL ',250,0,1,0,250,1,146,'Bottles',0,'','','','','','',0,0,0,0,0,0,'0000-00-00','0000-00-00','0000-00-00',0,0,0,0,0,0,''),(275,5,13,'350','FRENCH FRIES Mccain 2.5kg ',716.67,0,2,0,716.66666666667,2,147,'Pack',0,'','','','','','',0,0,0,0,0,0,'0000-00-00','0000-00-00','0000-00-00',0,0,0,0,0,0,''),(276,5,13,'106','CHICKEN BREAST LOCAL',363,0,6,0,360,6,148,'Kgs',0,'','','','','','',0,0,0,0,0,0,'0000-00-00','0000-00-00','0000-00-00',0,0,0,0,0,0,''),(277,5,13,'233','MILK PACK CREAM 200ML ',93.86,0,10,0,93.85750000002,10,149,'pcs',0,'','','','','','',0,0,0,0,0,0,'0000-00-00','0000-00-00','0000-00-00',0,0,0,0,0,0,''),(278,5,13,'371','SUFI COOKING OIL 1 LITER ',176,0,10,0,176,10,150,'Pack',0,'','','','','','',0,0,0,0,0,0,'0000-00-00','0000-00-00','0000-00-00',0,0,0,0,0,0,''),(279,5,13,'294','BUTTON MASHROOM 400G TIN ',127.42,0,7,0,127.42193548387,7,151,'Pack',0,'','','','','','',0,0,0,0,0,0,'0000-00-00','0000-00-00','0000-00-00',0,0,0,0,0,0,''),(280,5,13,'413','GARLIC',290,0,2,0,290,2,152,'Kgs',0,'','','','','','',0,0,0,0,0,0,'0000-00-00','0000-00-00','0000-00-00',0,0,0,0,0,0,''),(281,5,13,'106','CHICKEN BREAST LOCAL',360,0,3,0,360,3,153,'Kgs',0,'','','','','','',0,0,0,0,0,0,'0000-00-00','0000-00-00','0000-00-00',0,0,0,0,0,0,''),(282,5,13,'230','CORN FLOUR LOSSE ',96.67,0,6,0,96.666666666667,6,154,'Kgs',0,'','','','','','',0,0,0,0,0,0,'0000-00-00','0000-00-00','0000-00-00',0,0,0,0,0,0,''),(283,5,13,'201','FRESH CREAM',280,0,2,0,280,2,155,'Kgs',0,'','','','','','',0,0,0,0,0,0,'0000-00-00','0000-00-00','0000-00-00',0,0,0,0,0,0,''),(284,5,13,'233','MILK PACK CREAM 200ML ',93.86,0,6,0,93.85750000002,6,156,'pcs',0,'','','','','','',0,0,0,0,0,0,'0000-00-00','0000-00-00','0000-00-00',0,0,0,0,0,0,''),(285,5,13,'777','CESHWNUT (KAJU) LOOSE ',2500,0,0.3,0,2500,0.3,157,'Kgs',0,'','','','','','',0,0,0,0,0,0,'0000-00-00','0000-00-00','0000-00-00',0,0,0,0,0,0,''),(286,5,13,'203','PREMA MILK ',135,0,2,0,135,2,158,'Kgs',0,'','','','','','',0,0,0,0,0,0,'0000-00-00','0000-00-00','0000-00-00',0,0,0,0,0,0,''),(287,5,13,'232','CRUSHED CHILLI (DADER MIRCH)',285,0,0.5,0,285,0.5,159,'Kgs',0,'','','','','','',0,0,0,0,0,0,'0000-00-00','0000-00-00','0000-00-00',0,0,0,0,0,0,''),(288,5,10,'303','RICE ZARAFA 2 YEARS OLD',170,0,5,0,170,0,257,'Kgs',0,'','','','','','',0,0,0,0,0,0,'0000-00-00','0000-00-00','0000-00-00',0,0,0,0,0,0,''),(289,5,10,'246','RED CHILLI WHOLE ROUND ',300,0,2,0,300,0,258,'pcs',0,'','','','','','',0,0,0,0,0,0,'0000-00-00','0000-00-00','0000-00-00',0,0,0,0,0,0,''),(290,5,10,'356','SWEET CORN TIN ',200,0,1,0,200,0,259,'Jar',0,'','','','','','',0,0,0,0,0,0,'0000-00-00','0000-00-00','0000-00-00',0,0,0,0,0,0,''),(291,5,10,'272','CAPERS (BEN-DELS)',560,0,1,0,560,0,260,'pcs',0,'','','','','','',0,0,0,0,0,0,'0000-00-00','0000-00-00','0000-00-00',0,0,0,0,0,0,''),(292,5,10,'306','FETTUCCINE PASTA',360,0,1,0,360,0,261,'Pack',0,'','','','','','',0,0,0,0,0,0,'0000-00-00','0000-00-00','0000-00-00',0,0,0,0,0,0,''),(293,5,10,'201','FRESH CREAM',280,0,6,0,280,0,262,'Kgs',0,'','','','','','',0,0,0,0,0,0,'0000-00-00','0000-00-00','0000-00-00',0,0,0,0,0,0,''),(294,5,10,'762','CHILLI SAUCE 5KG PACK ',600,0,1,0,600,0,263,'Bottles',0,'','','','','','',0,0,0,0,0,0,'0000-00-00','0000-00-00','0000-00-00',0,0,0,0,0,0,''),(295,5,10,'776','SHEEZAN TOMATO KETCHUP 4KG ',400,0,1,0,400,0,264,'Bottles',0,'','','','','','',0,0,0,0,0,0,'0000-00-00','0000-00-00','0000-00-00',0,0,0,0,0,0,''),(296,5,10,'774','CLING FILM ',250,0,1,0,250,0,265,'Pack',0,'','','','','','',0,0,0,0,0,0,'0000-00-00','0000-00-00','0000-00-00',0,0,0,0,0,0,''),(297,5,10,'271','LEMON JUICE (MITCHELS)',129,0,2,0,129,0,266,'Bottles',0,'','','','','','',0,0,0,0,0,0,'0000-00-00','0000-00-00','0000-00-00',0,0,0,0,0,0,''),(298,5,10,'300','GREEN OLIVES',400,0,1,0,400,0,267,'Bottles',0,'','','','','','',0,0,0,0,0,0,'0000-00-00','0000-00-00','0000-00-00',0,0,0,0,0,0,''),(299,5,10,'791','NESTLE JUICE KINNU ',160,0,1,0,160,0,268,'Pack',0,'','','','','','',0,0,0,0,0,0,'0000-00-00','0000-00-00','0000-00-00',0,0,0,0,0,0,''),(300,5,10,'204','MILK PACK MILK 1 LTTER ',127.55,0,1,0,127.55102040816,0,269,'Kgs',0,'','','','','','',0,0,0,0,0,0,'0000-00-00','0000-00-00','0000-00-00',0,0,0,0,0,0,''),(301,5,10,'857','FISH PREGOSIUS RAW',360,0,6,0,360,0,270,'Kgs',0,'','','','','','',0,0,0,0,0,0,'0000-00-00','0000-00-00','0000-00-00',0,0,0,0,0,0,''),(302,5,10,'805','SPRITE 300ML CAN',44.58,0,36,0,44.58,0,271,'Bottles',0,'','','','','','',0,0,0,0,0,0,'0000-00-00','0000-00-00','0000-00-00',0,0,0,0,0,0,''),(303,5,10,'822','AQUA FINA WATER 500ML ',21.77,0,12,0,21.76875,0,272,'Bottles',0,'','','','','','',0,0,0,0,0,0,'0000-00-00','0000-00-00','0000-00-00',0,0,0,0,0,0,''),(304,5,10,'801','COKE 300 ML CAN',45.09,0,12,0,45.089473684211,0,273,'Bottles',0,'','','','','','',0,0,0,0,0,0,'0000-00-00','0000-00-00','0000-00-00',0,0,0,0,0,0,''),(305,5,10,'782','LIME JUICE GORDIAL ',250,0,1,0,250,0,274,'Bottles',0,'','','','','','',0,0,0,0,0,0,'0000-00-00','0000-00-00','0000-00-00',0,0,0,0,0,0,''),(306,5,10,'350','FRENCH FRIES Mccain 2.5kg ',716.67,0,2,0,716.66666666667,0,275,'Pack',0,'','','','','','',0,0,0,0,0,0,'0000-00-00','0000-00-00','0000-00-00',0,0,0,0,0,0,''),(307,5,10,'106','CHICKEN BREAST LOCAL',363,0,6,0,360,0,276,'Kgs',0,'','','','','','',0,0,0,0,0,0,'0000-00-00','0000-00-00','0000-00-00',0,0,0,0,0,0,''),(308,5,10,'233','MILK PACK CREAM 200ML ',93.86,0,10,0,93.85750000002,0,277,'pcs',0,'','','','','','',0,0,0,0,0,0,'0000-00-00','0000-00-00','0000-00-00',0,0,0,0,0,0,''),(309,5,10,'371','SUFI COOKING OIL 1 LITER ',176,0,10,0,176,0,278,'Pack',0,'','','','','','',0,0,0,0,0,0,'0000-00-00','0000-00-00','0000-00-00',0,0,0,0,0,0,''),(310,5,10,'294','BUTTON MASHROOM 400G TIN ',127.42,0,7,0,127.42193548387,0,279,'Pack',0,'','','','','','',0,0,0,0,0,0,'0000-00-00','0000-00-00','0000-00-00',0,0,0,0,0,0,''),(311,5,10,'413','GARLIC',290,0,2,0,290,0,280,'Kgs',0,'','','','','','',0,0,0,0,0,0,'0000-00-00','0000-00-00','0000-00-00',0,0,0,0,0,0,''),(312,5,10,'106','CHICKEN BREAST LOCAL',360,0,3,0,360,0,281,'Kgs',0,'','','','','','',0,0,0,0,0,0,'0000-00-00','0000-00-00','0000-00-00',0,0,0,0,0,0,''),(313,5,10,'230','CORN FLOUR LOSSE ',96.67,0,6,0,96.666666666667,0,282,'Kgs',0,'','','','','','',0,0,0,0,0,0,'0000-00-00','0000-00-00','0000-00-00',0,0,0,0,0,0,''),(314,5,10,'201','FRESH CREAM',280,0,2,0,280,0,283,'Kgs',0,'','','','','','',0,0,0,0,0,0,'0000-00-00','0000-00-00','0000-00-00',0,0,0,0,0,0,''),(315,5,10,'233','MILK PACK CREAM 200ML ',93.86,0,6,0,93.85750000002,0,284,'pcs',0,'','','','','','',0,0,0,0,0,0,'0000-00-00','0000-00-00','0000-00-00',0,0,0,0,0,0,''),(316,5,10,'777','CESHWNUT (KAJU) LOOSE ',2500,0,0.3,0,2500,0,285,'Kgs',0,'','','','','','',0,0,0,0,0,0,'0000-00-00','0000-00-00','0000-00-00',0,0,0,0,0,0,''),(317,5,10,'203','PREMA MILK ',135,0,2,0,135,0,286,'Kgs',0,'','','','','','',0,0,0,0,0,0,'0000-00-00','0000-00-00','0000-00-00',0,0,0,0,0,0,''),(318,5,10,'232','CRUSHED CHILLI (DADER MIRCH)',285,0,0.5,0,285,0,287,'Kgs',0,'','','','','','',0,0,0,0,0,0,'0000-00-00','0000-00-00','0000-00-00',0,0,0,0,0,0,''),(319,6,13,'274','SAMBAL OELEK CHILLI 250G YEOS',292.86,0,1,0,292.85714285714,1,160,'Bottles',0,'','','','','','',0,0,0,0,0,0,'0000-00-00','0000-00-00','0000-00-00',0,0,0,0,0,0,''),(320,6,13,'294','BUTTON MASHROOM 400G TIN ',127.42,0,7,0,127.42193548387,7,161,'Pack',0,'','','','','','',0,0,0,0,0,0,'0000-00-00','0000-00-00','0000-00-00',0,0,0,0,0,0,''),(321,6,13,'795','PEEL TOMATO TIN PACK ',166,0,2,0,166,2,162,'Pack',0,'','','','','','',0,0,0,0,0,0,'0000-00-00','0000-00-00','0000-00-00',0,0,0,0,0,0,''),(322,6,13,'201','FRESH CREAM',280,0,4,0,280,4,163,'Kgs',0,'','','','','','',0,0,0,0,0,0,'0000-00-00','0000-00-00','0000-00-00',0,0,0,0,0,0,''),(323,6,13,'306','FETTUCCINE PASTA',360,0,1,0,360,1,164,'Pack',0,'','','','','','',0,0,0,0,0,0,'0000-00-00','0000-00-00','0000-00-00',0,0,0,0,0,0,''),(324,6,13,'308','BREAD CRUMBS 1KG ',320,0,1,0,320,1,165,'Pack',0,'','','','','','',0,0,0,0,0,0,'0000-00-00','0000-00-00','0000-00-00',0,0,0,0,0,0,''),(325,6,13,'301','EGGS',100,0,7.5,0,100,7.5,166,'Doz',0,'','','','','','',0,0,0,0,0,0,'0000-00-00','0000-00-00','0000-00-00',0,0,0,0,0,0,''),(326,6,13,'790','RICE STAFF FOOD',130,0,5,0,130,5,167,'Kgs',0,'','','','','','',0,0,0,0,0,0,'0000-00-00','0000-00-00','0000-00-00',0,0,0,0,0,0,''),(327,6,13,'856','CHEESE CHADDER 2KG BLOCK ',2000,0,1,0,2000,1,168,'Pack',0,'','','','','','',0,0,0,0,0,0,'0000-00-00','0000-00-00','0000-00-00',0,0,0,0,0,0,''),(328,6,13,'205','YELLOW BUTTER FRESH',500,0,3,0,500,3,169,'Kgs',0,'','','','','','',0,0,0,0,0,0,'0000-00-00','0000-00-00','0000-00-00',0,0,0,0,0,0,''),(329,6,13,'309','PANNE REGGIA PASTA',300,0,1,0,300,1,170,'Pack',0,'','','','','','',0,0,0,0,0,0,'0000-00-00','0000-00-00','0000-00-00',0,0,0,0,0,0,''),(330,6,13,'153','SHRIMPS 21/25',1300,0,1,0,1300,1,171,'Kgs',0,'','','','','','',0,0,0,0,0,0,'0000-00-00','0000-00-00','0000-00-00',0,0,0,0,0,0,''),(331,6,13,'335','SOYA SAUCE LIGHT 2 LITER (LEE KUM KI )',400,0,1,0,400,1,172,'Bottles',0,'','','','','','',0,0,0,0,0,0,'0000-00-00','0000-00-00','0000-00-00',0,0,0,0,0,0,''),(332,6,13,'334','SOYA SAUCE DARK 2 LITER (LEE KUM KI )',400,0,1,0,400,1,173,'Bottles',0,'','','','','','',0,0,0,0,0,0,'0000-00-00','0000-00-00','0000-00-00',0,0,0,0,0,0,''),(333,6,13,'790','RICE STAFF FOOD',130,0,4,0,130,4,174,'Kgs',0,'','','','','','',0,0,0,0,0,0,'0000-00-00','0000-00-00','0000-00-00',0,0,0,0,0,0,''),(334,6,13,'265','SUGAR',60,0,4,0,60,4,175,'Kgs',0,'','','','','','',0,0,0,0,0,0,'0000-00-00','0000-00-00','0000-00-00',0,0,0,0,0,0,''),(335,6,13,'613','LEMON MAX BAR 290 GRAMS ',77.72,0,1,0,50,1,176,'Kgs',0,'','','','','','',0,0,0,0,0,0,'0000-00-00','0000-00-00','0000-00-00',0,0,0,0,0,0,''),(336,6,13,'705','TISSUE BOX ANTIQUE ',77.72,0,3,0,40,3,177,'Kgs',0,'','','','','','',0,0,0,0,0,0,'0000-00-00','0000-00-00','0000-00-00',0,0,0,0,0,0,''),(337,6,13,'801','COKE 300 ML CAN',45.09,0,48,0,45.089473684211,48,178,'Bottles',0,'','','','','','',0,0,0,0,0,0,'0000-00-00','0000-00-00','0000-00-00',0,0,0,0,0,0,''),(338,6,13,'805','SPRITE 300ML CAN',44.58,0,48,0,44.58,48,179,'Bottles',0,'','','','','','',0,0,0,0,0,0,'0000-00-00','0000-00-00','0000-00-00',0,0,0,0,0,0,''),(339,6,13,'824','KINLEY MINRAL WATER ',77.72,0,48,0,18.33,48,180,'Kgs',0,'','','','','','',0,0,0,0,0,0,'0000-00-00','0000-00-00','0000-00-00',0,0,0,0,0,0,''),(340,6,13,'800','KNOOR CHICKEN POWDER',77.72,0,2,0,491.91,2,181,'Kgs',0,'','','','','','',0,0,0,0,0,0,'0000-00-00','0000-00-00','0000-00-00',0,0,0,0,0,0,''),(341,6,10,'274','SAMBAL OELEK CHILLI 250G YEOS',292.86,0,1,0,292.85714285714,0,319,'Bottles',0,'','','','','','',0,0,0,0,0,0,'0000-00-00','0000-00-00','0000-00-00',0,0,0,0,0,0,''),(342,6,10,'294','BUTTON MASHROOM 400G TIN ',127.42,0,7,0,127.42193548387,0,320,'Pack',0,'','','','','','',0,0,0,0,0,0,'0000-00-00','0000-00-00','0000-00-00',0,0,0,0,0,0,''),(343,6,10,'795','PEEL TOMATO TIN PACK ',166,0,2,0,166,0,321,'Pack',0,'','','','','','',0,0,0,0,0,0,'0000-00-00','0000-00-00','0000-00-00',0,0,0,0,0,0,''),(344,6,10,'201','FRESH CREAM',280,0,4,0,280,0,322,'Kgs',0,'','','','','','',0,0,0,0,0,0,'0000-00-00','0000-00-00','0000-00-00',0,0,0,0,0,0,''),(345,6,10,'306','FETTUCCINE PASTA',360,0,1,0,360,0,323,'Pack',0,'','','','','','',0,0,0,0,0,0,'0000-00-00','0000-00-00','0000-00-00',0,0,0,0,0,0,''),(346,6,10,'308','BREAD CRUMBS 1KG ',320,0,1,0,320,0,324,'Pack',0,'','','','','','',0,0,0,0,0,0,'0000-00-00','0000-00-00','0000-00-00',0,0,0,0,0,0,''),(347,6,10,'301','EGGS',100,0,7.5,0,100,0,325,'Doz',0,'','','','','','',0,0,0,0,0,0,'0000-00-00','0000-00-00','0000-00-00',0,0,0,0,0,0,''),(348,6,10,'790','RICE STAFF FOOD',130,0,5,0,130,0,326,'Kgs',0,'','','','','','',0,0,0,0,0,0,'0000-00-00','0000-00-00','0000-00-00',0,0,0,0,0,0,''),(349,6,10,'856','CHEESE CHADDER 2KG BLOCK ',2000,0,1,0,2000,0,327,'Pack',0,'','','','','','',0,0,0,0,0,0,'0000-00-00','0000-00-00','0000-00-00',0,0,0,0,0,0,''),(350,6,10,'205','YELLOW BUTTER FRESH',500,0,3,0,500,0,328,'Kgs',0,'','','','','','',0,0,0,0,0,0,'0000-00-00','0000-00-00','0000-00-00',0,0,0,0,0,0,''),(351,6,10,'309','PANNE REGGIA PASTA',300,0,1,0,300,0,329,'Pack',0,'','','','','','',0,0,0,0,0,0,'0000-00-00','0000-00-00','0000-00-00',0,0,0,0,0,0,''),(352,6,10,'153','SHRIMPS 21/25',1300,0,1,0,1300,0,330,'Kgs',0,'','','','','','',0,0,0,0,0,0,'0000-00-00','0000-00-00','0000-00-00',0,0,0,0,0,0,''),(353,6,10,'335','SOYA SAUCE LIGHT 2 LITER (LEE KUM KI )',400,0,1,0,400,0,331,'Bottles',0,'','','','','','',0,0,0,0,0,0,'0000-00-00','0000-00-00','0000-00-00',0,0,0,0,0,0,''),(354,6,10,'334','SOYA SAUCE DARK 2 LITER (LEE KUM KI )',400,0,1,0,400,0,332,'Bottles',0,'','','','','','',0,0,0,0,0,0,'0000-00-00','0000-00-00','0000-00-00',0,0,0,0,0,0,''),(355,6,10,'790','RICE STAFF FOOD',130,0,4,0,130,0,333,'Kgs',0,'','','','','','',0,0,0,0,0,0,'0000-00-00','0000-00-00','0000-00-00',0,0,0,0,0,0,''),(356,6,10,'265','SUGAR',60,0,4,0,60,0,334,'Kgs',0,'','','','','','',0,0,0,0,0,0,'0000-00-00','0000-00-00','0000-00-00',0,0,0,0,0,0,''),(357,6,10,'613','LEMON MAX BAR 290 GRAMS ',77.72,0,1,0,50,0,335,'Kgs',0,'','','','','','',0,0,0,0,0,0,'0000-00-00','0000-00-00','0000-00-00',0,0,0,0,0,0,''),(358,6,10,'705','TISSUE BOX ANTIQUE ',77.72,0,3,0,40,0,336,'Kgs',0,'','','','','','',0,0,0,0,0,0,'0000-00-00','0000-00-00','0000-00-00',0,0,0,0,0,0,''),(359,6,10,'801','COKE 300 ML CAN',45.09,0,48,0,45.089473684211,0,337,'Bottles',0,'','','','','','',0,0,0,0,0,0,'0000-00-00','0000-00-00','0000-00-00',0,0,0,0,0,0,''),(360,6,10,'805','SPRITE 300ML CAN',44.58,0,48,0,44.58,0,338,'Bottles',0,'','','','','','',0,0,0,0,0,0,'0000-00-00','0000-00-00','0000-00-00',0,0,0,0,0,0,''),(361,6,10,'824','KINLEY MINRAL WATER ',77.72,0,48,0,18.33,0,339,'Kgs',0,'','','','','','',0,0,0,0,0,0,'0000-00-00','0000-00-00','0000-00-00',0,0,0,0,0,0,''),(362,6,10,'800','KNOOR CHICKEN POWDER',77.72,0,2,0,491.91,0,340,'Kgs',0,'','','','','','',0,0,0,0,0,0,'0000-00-00','0000-00-00','0000-00-00',0,0,0,0,0,0,''),(363,7,13,'303','RICE ZARAFA 2 YEARS OLD',170,0,5,0,170,5,182,'Kgs',0,'','','','','','',0,0,0,0,0,0,'0000-00-00','0000-00-00','0000-00-00',0,0,0,0,0,0,''),(364,7,13,'265','SUGAR',60,0,0,0,60,0,183,'Kgs',0,'','','','','','',0,0,0,0,0,0,'0000-00-00','0000-00-00','0000-00-00',0,0,0,0,0,0,''),(365,7,13,'204','MILK PACK MILK 1 LTTER ',127.55,0,3,0,127.55102040816,3,184,'Kgs',0,'','','','','','',0,0,0,0,0,0,'0000-00-00','0000-00-00','0000-00-00',0,0,0,0,0,0,''),(366,7,13,'233','MILK PACK CREAM 200ML ',93.86,0,24,0,93.85750000002,24,185,'pcs',0,'','','','','','',0,0,0,0,0,0,'0000-00-00','0000-00-00','0000-00-00',0,0,0,0,0,0,''),(367,7,13,'201','FRESH CREAM',280,0,6,0,280,6,186,'Kgs',0,'','','','','','',0,0,0,0,0,0,'0000-00-00','0000-00-00','0000-00-00',0,0,0,0,0,0,''),(368,7,13,'850','DAAL MASH ',180,0,3,0,180,3,187,'Kgs',0,'','','','','','',0,0,0,0,0,0,'0000-00-00','0000-00-00','0000-00-00',0,0,0,0,0,0,''),(369,7,13,'371','SUFI COOKING OIL 1 LITER ',176,0,1,0,176,1,188,'Pack',0,'','','','','','',0,0,0,0,0,0,'0000-00-00','0000-00-00','0000-00-00',0,0,0,0,0,0,''),(370,7,13,'418','GREEN CHILLI',100,0,0.25,0,100,0.25,189,'Kgs',0,'','','','','','',0,0,0,0,0,0,'0000-00-00','0000-00-00','0000-00-00',0,0,0,0,0,0,''),(371,7,13,'401','ONION',82,0,2,0,82,2,190,'Kgs',0,'','','','','','',0,0,0,0,0,0,'0000-00-00','0000-00-00','0000-00-00',0,0,0,0,0,0,''),(372,7,13,'1100','LEMON FRESH ',200,0,1,0,200,1,191,'Kgs',0,'','','','','','',0,0,0,0,0,0,'0000-00-00','0000-00-00','0000-00-00',0,0,0,0,0,0,''),(373,7,13,'740','TOMATOES',190,0,2,0,190,2,192,'Kgs',0,'','','','','','',0,0,0,0,0,0,'0000-00-00','0000-00-00','0000-00-00',0,0,0,0,0,0,''),(374,7,13,'417','GINGER',200,0,0.25,0,200,0.25,193,'Kgs',0,'','','','','','',0,0,0,0,0,0,'0000-00-00','0000-00-00','0000-00-00',0,0,0,0,0,0,''),(375,7,13,'153','SHRIMPS 21/25',1300,0,1,0,1300,1,194,'Kgs',0,'','','','','','',0,0,0,0,0,0,'0000-00-00','0000-00-00','0000-00-00',0,0,0,0,0,0,''),(376,7,13,'294','BUTTON MASHROOM 400G TIN ',127.42,0,9,0,127.42193548387,9,195,'Pack',0,'','','','','','',0,0,0,0,0,0,'0000-00-00','0000-00-00','0000-00-00',0,0,0,0,0,0,''),(377,7,13,'314','SALT',20,0,1,0,20,1,196,'Pack',0,'','','','','','',0,0,0,0,0,0,'0000-00-00','0000-00-00','0000-00-00',0,0,0,0,0,0,''),(378,7,13,'800','KNOOR CHICKEN POWDER',491.91,0,2,0,491.91,2,197,'Jar',1,'','','','','','',0,0,0,0,0,0,'0000-00-00','0000-00-00','0000-00-00',0,0,0,0,0,0,''),(379,7,13,'309','PANNE REGGIA PASTA',300,0,1,0,300,1,198,'Pack',0,'','','','','','',0,0,0,0,0,0,'0000-00-00','0000-00-00','0000-00-00',0,0,0,0,0,0,''),(380,7,13,'272','CAPERS (BEN-DELS)',560,0,1,0,560,1,199,'pcs',0,'','','','','','',0,0,0,0,0,0,'0000-00-00','0000-00-00','0000-00-00',0,0,0,0,0,0,''),(381,7,13,'867','MUSTARD YELLOW FRENCHS 2.98 KG ',1400,0,1,0,1400,1,200,'Bottles',0,'','','','','','',0,0,0,0,0,0,'0000-00-00','0000-00-00','0000-00-00',0,0,0,0,0,0,''),(382,7,13,'396','RED WINE VINEGAR 500ML ',341.82,0,1,0,341.81818181818,1,201,'Bottles',0,'','','','','','',0,0,0,0,0,0,'0000-00-00','0000-00-00','0000-00-00',0,0,0,0,0,0,''),(383,7,13,'767','HOT SAUCE 470GRAMS ',250,0,1,0,250,1,202,'Bottles',0,'','','','','','',0,0,0,0,0,0,'0000-00-00','0000-00-00','0000-00-00',0,0,0,0,0,0,''),(384,7,13,'262','DRIED MASHROOM BLACK',4000,0,0.2,0,4000,0.2,203,'Kgs',0,'','','','','','',0,0,0,0,0,0,'0000-00-00','0000-00-00','0000-00-00',0,0,0,0,0,0,''),(385,7,13,'319','TOBASSCO SAUCE',250,0,3,0,250,3,204,'Pack',0,'','','','','','',0,0,0,0,0,0,'0000-00-00','0000-00-00','0000-00-00',0,0,0,0,0,0,''),(386,7,13,'865','TOMATO KETCHUP (KNORR) 4kg ',835,0,2,0,835,2,205,'pcs',0,'','','','','','',0,0,0,0,0,0,'0000-00-00','0000-00-00','0000-00-00',0,0,0,0,0,0,''),(387,7,13,'308','BREAD CRUMBS 1KG ',320,0,2,0,320,2,206,'Pack',0,'','','','','','',0,0,0,0,0,0,'0000-00-00','0000-00-00','0000-00-00',0,0,0,0,0,0,''),(388,7,13,'350','FRENCH FRIES Mccain 2.5kg ',716.67,0,5,0,716.66666666667,5,207,'Pack',0,'','','','','','',0,0,0,0,0,0,'0000-00-00','0000-00-00','0000-00-00',0,0,0,0,0,0,''),(389,7,13,'306','FETTUCCINE PASTA',360,0,1,0,360,1,208,'Pack',0,'','','','','','',0,0,0,0,0,0,'0000-00-00','0000-00-00','0000-00-00',0,0,0,0,0,0,''),(390,7,13,'301','EGGS',100,0,7.5,0,100,7.5,209,'Doz',0,'','','','','','',0,0,0,0,0,0,'0000-00-00','0000-00-00','0000-00-00',0,0,0,0,0,0,''),(391,7,13,'230','CORN FLOUR LOSSE ',96.67,0,5,0,96.666666666667,5,210,'Kgs',0,'','','','','','',0,0,0,0,0,0,'0000-00-00','0000-00-00','0000-00-00',0,0,0,0,0,0,''),(392,7,13,'868','FRY ALL 16 LITER DALDA ',2970,0,1,0,2970,1,211,'Jar',0,'','','','','','',0,0,0,0,0,0,'0000-00-00','0000-00-00','0000-00-00',0,0,0,0,0,0,''),(393,7,13,'303','RICE ZARAFA 2 YEARS OLD',170,0,2,0,170,2,212,'Kgs',0,'','','','','','',0,0,0,0,0,0,'0000-00-00','0000-00-00','0000-00-00',0,0,0,0,0,0,''),(394,7,10,'303','RICE ZARAFA 2 YEARS OLD',170,0,5,0,170,0,363,'Kgs',0,'','','','','','',0,0,0,0,0,0,'0000-00-00','0000-00-00','0000-00-00',0,0,0,0,0,0,''),(395,7,10,'265','SUGAR',60,0,0,0,60,0,364,'Kgs',0,'','','','','','',0,0,0,0,0,0,'0000-00-00','0000-00-00','0000-00-00',0,0,0,0,0,0,''),(396,7,10,'204','MILK PACK MILK 1 LTTER ',127.55,0,3,0,127.55102040816,0,365,'Kgs',0,'','','','','','',0,0,0,0,0,0,'0000-00-00','0000-00-00','0000-00-00',0,0,0,0,0,0,''),(397,7,10,'233','MILK PACK CREAM 200ML ',93.86,0,24,0,93.85750000002,0,366,'pcs',0,'','','','','','',0,0,0,0,0,0,'0000-00-00','0000-00-00','0000-00-00',0,0,0,0,0,0,''),(398,7,10,'201','FRESH CREAM',280,0,6,0,280,0,367,'Kgs',0,'','','','','','',0,0,0,0,0,0,'0000-00-00','0000-00-00','0000-00-00',0,0,0,0,0,0,''),(399,7,10,'850','DAAL MASH ',180,0,3,0,180,0,368,'Kgs',0,'','','','','','',0,0,0,0,0,0,'0000-00-00','0000-00-00','0000-00-00',0,0,0,0,0,0,''),(400,7,10,'371','SUFI COOKING OIL 1 LITER ',176,0,1,0,176,0,369,'Pack',0,'','','','','','',0,0,0,0,0,0,'0000-00-00','0000-00-00','0000-00-00',0,0,0,0,0,0,''),(401,7,10,'418','GREEN CHILLI',100,0,0.25,0,100,0,370,'Kgs',0,'','','','','','',0,0,0,0,0,0,'0000-00-00','0000-00-00','0000-00-00',0,0,0,0,0,0,''),(402,7,10,'401','ONION',82,0,2,0,82,0,371,'Kgs',0,'','','','','','',0,0,0,0,0,0,'0000-00-00','0000-00-00','0000-00-00',0,0,0,0,0,0,''),(403,7,10,'1100','LEMON FRESH ',200,0,1,0,200,0,372,'Kgs',0,'','','','','','',0,0,0,0,0,0,'0000-00-00','0000-00-00','0000-00-00',0,0,0,0,0,0,''),(404,7,10,'740','TOMATOES',190,0,2,0,190,0,373,'Kgs',0,'','','','','','',0,0,0,0,0,0,'0000-00-00','0000-00-00','0000-00-00',0,0,0,0,0,0,''),(405,7,10,'417','GINGER',200,0,0.25,0,200,0,374,'Kgs',0,'','','','','','',0,0,0,0,0,0,'0000-00-00','0000-00-00','0000-00-00',0,0,0,0,0,0,''),(406,7,10,'153','SHRIMPS 21/25',1300,0,1,0,1300,0,375,'Kgs',0,'','','','','','',0,0,0,0,0,0,'0000-00-00','0000-00-00','0000-00-00',0,0,0,0,0,0,''),(407,7,10,'294','BUTTON MASHROOM 400G TIN ',127.42,0,9,0,127.42193548387,0,376,'Pack',0,'','','','','','',0,0,0,0,0,0,'0000-00-00','0000-00-00','0000-00-00',0,0,0,0,0,0,''),(408,7,10,'314','SALT',20,0,1,0,20,0,377,'Pack',0,'','','','','','',0,0,0,0,0,0,'0000-00-00','0000-00-00','0000-00-00',0,0,0,0,0,0,''),(409,7,10,'800','KNOOR CHICKEN POWDER',491.91,0,2,0,491.91,0,378,'Jar',1,'','','','','','',0,0,0,0,0,0,'0000-00-00','0000-00-00','0000-00-00',0,0,0,0,0,0,''),(410,7,10,'309','PANNE REGGIA PASTA',300,0,1,0,300,0,379,'Pack',0,'','','','','','',0,0,0,0,0,0,'0000-00-00','0000-00-00','0000-00-00',0,0,0,0,0,0,''),(411,7,10,'272','CAPERS (BEN-DELS)',560,0,1,0,560,0,380,'pcs',0,'','','','','','',0,0,0,0,0,0,'0000-00-00','0000-00-00','0000-00-00',0,0,0,0,0,0,''),(412,7,10,'867','MUSTARD YELLOW FRENCHS 2.98 KG ',1400,0,1,0,1400,0,381,'Bottles',0,'','','','','','',0,0,0,0,0,0,'0000-00-00','0000-00-00','0000-00-00',0,0,0,0,0,0,''),(413,7,10,'396','RED WINE VINEGAR 500ML ',341.82,0,1,0,341.81818181818,0,382,'Bottles',0,'','','','','','',0,0,0,0,0,0,'0000-00-00','0000-00-00','0000-00-00',0,0,0,0,0,0,''),(414,7,10,'767','HOT SAUCE 470GRAMS ',250,0,1,0,250,0,383,'Bottles',0,'','','','','','',0,0,0,0,0,0,'0000-00-00','0000-00-00','0000-00-00',0,0,0,0,0,0,''),(415,7,10,'262','DRIED MASHROOM BLACK',4000,0,0.2,0,4000,0,384,'Kgs',0,'','','','','','',0,0,0,0,0,0,'0000-00-00','0000-00-00','0000-00-00',0,0,0,0,0,0,''),(416,7,10,'319','TOBASSCO SAUCE',250,0,3,0,250,0,385,'Pack',0,'','','','','','',0,0,0,0,0,0,'0000-00-00','0000-00-00','0000-00-00',0,0,0,0,0,0,''),(417,7,10,'865','TOMATO KETCHUP (KNORR) 4kg ',835,0,2,0,835,0,386,'pcs',0,'','','','','','',0,0,0,0,0,0,'0000-00-00','0000-00-00','0000-00-00',0,0,0,0,0,0,''),(418,7,10,'308','BREAD CRUMBS 1KG ',320,0,2,0,320,0,387,'Pack',0,'','','','','','',0,0,0,0,0,0,'0000-00-00','0000-00-00','0000-00-00',0,0,0,0,0,0,''),(419,7,10,'350','FRENCH FRIES Mccain 2.5kg ',716.67,0,5,0,716.66666666667,0,388,'Pack',0,'','','','','','',0,0,0,0,0,0,'0000-00-00','0000-00-00','0000-00-00',0,0,0,0,0,0,''),(420,7,10,'306','FETTUCCINE PASTA',360,0,1,0,360,0,389,'Pack',0,'','','','','','',0,0,0,0,0,0,'0000-00-00','0000-00-00','0000-00-00',0,0,0,0,0,0,''),(421,7,10,'301','EGGS',100,0,7.5,0,100,0,390,'Doz',0,'','','','','','',0,0,0,0,0,0,'0000-00-00','0000-00-00','0000-00-00',0,0,0,0,0,0,''),(422,7,10,'230','CORN FLOUR LOSSE ',96.67,0,5,0,96.666666666667,0,391,'Kgs',0,'','','','','','',0,0,0,0,0,0,'0000-00-00','0000-00-00','0000-00-00',0,0,0,0,0,0,''),(423,7,10,'868','FRY ALL 16 LITER DALDA ',2970,0,1,0,2970,0,392,'Jar',0,'','','','','','',0,0,0,0,0,0,'0000-00-00','0000-00-00','0000-00-00',0,0,0,0,0,0,''),(424,7,10,'303','RICE ZARAFA 2 YEARS OLD',170,0,2,0,170,0,393,'Kgs',0,'','','','','','',0,0,0,0,0,0,'0000-00-00','0000-00-00','0000-00-00',0,0,0,0,0,0,''),(425,8,13,'301','EGGS',100,0,4,0,100,4,213,'Doz',0,'','','','','','',0,0,0,0,0,0,'0000-00-00','0000-00-00','0000-00-00',0,0,0,0,0,0,''),(426,8,13,'372','STRAWBERRY FILLING 595GM ',392,0,1,0,392,1,214,'Bottles',0,'','','','','','',0,0,0,0,0,0,'0000-00-00','0000-00-00','0000-00-00',0,0,0,0,0,0,''),(427,8,13,'265','SUGAR',60,0,2,0,60,2,215,'Kgs',0,'','','','','','',0,0,0,0,0,0,'0000-00-00','0000-00-00','0000-00-00',0,0,0,0,0,0,''),(428,8,13,'281','ICEING SUGAR',125,0,3,0,125,3,216,'Pack',0,'','','','','','',0,0,0,0,0,0,'0000-00-00','0000-00-00','0000-00-00',0,0,0,0,0,0,''),(429,8,13,'308','BREAD CRUMBS 1KG ',77.72,0,1,0,320,1,217,'Kgs',0,'','','','','','',0,0,0,0,0,0,'0000-00-00','0000-00-00','0000-00-00',0,0,0,0,0,0,''),(430,8,13,'204','MILK PACK MILK 1 LTTER ',130,0,1,0,127.55102040816,1,218,'Kgs',0,'','','','','','',0,0,0,0,0,0,'0000-00-00','0000-00-00','0000-00-00',0,0,0,0,0,0,''),(431,8,13,'233','MILK PACK CREAM 200ML ',93.86,0,10,0,93.85750000002,10,219,'pcs',0,'','','','','','',0,0,0,0,0,0,'0000-00-00','0000-00-00','0000-00-00',0,0,0,0,0,0,''),(432,8,13,'878','STRAWBERRY TOPPING SUNDAE 3.6 KG SALMAN  ',920,0,1,0,850,1,220,'Bottles',0,'','','','','','',0,0,0,0,0,0,'0000-00-00','0000-00-00','0000-00-00',0,0,0,0,0,0,''),(433,8,10,'301','EGGS',100,0,4,0,100,0,425,'Doz',0,'','','','','','',0,0,0,0,0,0,'0000-00-00','0000-00-00','0000-00-00',0,0,0,0,0,0,''),(434,8,10,'372','STRAWBERRY FILLING 595GM ',392,0,1,0,392,0,426,'Bottles',0,'','','','','','',0,0,0,0,0,0,'0000-00-00','0000-00-00','0000-00-00',0,0,0,0,0,0,''),(435,8,10,'265','SUGAR',60,0,2,0,60,0,427,'Kgs',0,'','','','','','',0,0,0,0,0,0,'0000-00-00','0000-00-00','0000-00-00',0,0,0,0,0,0,''),(436,8,10,'281','ICEING SUGAR',125,0,3,0,125,0,428,'Pack',0,'','','','','','',0,0,0,0,0,0,'0000-00-00','0000-00-00','0000-00-00',0,0,0,0,0,0,''),(437,8,10,'308','BREAD CRUMBS 1KG ',77.72,0,1,0,320,0,429,'Kgs',0,'','','','','','',0,0,0,0,0,0,'0000-00-00','0000-00-00','0000-00-00',0,0,0,0,0,0,''),(438,8,10,'204','MILK PACK MILK 1 LTTER ',130,0,1,0,127.55102040816,0,430,'Kgs',0,'','','','','','',0,0,0,0,0,0,'0000-00-00','0000-00-00','0000-00-00',0,0,0,0,0,0,''),(439,8,10,'233','MILK PACK CREAM 200ML ',93.86,0,10,0,93.85750000002,0,431,'pcs',0,'','','','','','',0,0,0,0,0,0,'0000-00-00','0000-00-00','0000-00-00',0,0,0,0,0,0,''),(440,8,10,'878','STRAWBERRY TOPPING SUNDAE 3.6 KG SALMAN  ',920,0,1,0,850,0,432,'Bottles',0,'','','','','','',0,0,0,0,0,0,'0000-00-00','0000-00-00','0000-00-00',0,0,0,0,0,0,''),(441,9,13,'233','MILK PACK CREAM 200ML ',93.86,0,9,0,93.85750000002,9,221,'pcs',0,'','','','','','',0,0,0,0,0,0,'0000-00-00','0000-00-00','0000-00-00',0,0,0,0,0,0,''),(442,9,13,'281','ICEING SUGAR',125,0,1,0,125,1,222,'Pack',0,'','','','','','',0,0,0,0,0,0,'0000-00-00','0000-00-00','0000-00-00',0,0,0,0,0,0,''),(443,9,13,'204','MILK PACK MILK 1 LTTER ',130,0,3,0,127.55102040816,3,223,'Kgs',0,'','','','','','',0,0,0,0,0,0,'0000-00-00','0000-00-00','0000-00-00',0,0,0,0,0,0,''),(444,9,13,'301','EGGS',100,0,3.5,0,100,3.5,224,'Doz',0,'','','','','','',0,0,0,0,0,0,'0000-00-00','0000-00-00','0000-00-00',0,0,0,0,0,0,''),(445,9,13,'205','YELLOW BUTTER FRESH',500,0,3.5,0,500,3.5,225,'Kgs',0,'','','','','','',0,0,0,0,0,0,'0000-00-00','0000-00-00','0000-00-00',0,0,0,0,0,0,''),(446,9,13,'265','SUGAR',60,0,2,0,60,2,226,'Kgs',0,'','','','','','',0,0,0,0,0,0,'0000-00-00','0000-00-00','0000-00-00',0,0,0,0,0,0,''),(447,9,10,'233','MILK PACK CREAM 200ML ',93.86,0,9,0,93.85750000002,0,441,'pcs',0,'','','','','','',0,0,0,0,0,0,'0000-00-00','0000-00-00','0000-00-00',0,0,0,0,0,0,''),(448,9,10,'281','ICEING SUGAR',125,0,1,0,125,0,442,'Pack',0,'','','','','','',0,0,0,0,0,0,'0000-00-00','0000-00-00','0000-00-00',0,0,0,0,0,0,''),(449,9,10,'204','MILK PACK MILK 1 LTTER ',130,0,3,0,127.55102040816,0,443,'Kgs',0,'','','','','','',0,0,0,0,0,0,'0000-00-00','0000-00-00','0000-00-00',0,0,0,0,0,0,''),(450,9,10,'301','EGGS',100,0,3.5,0,100,0,444,'Doz',0,'','','','','','',0,0,0,0,0,0,'0000-00-00','0000-00-00','0000-00-00',0,0,0,0,0,0,''),(451,9,10,'205','YELLOW BUTTER FRESH',500,0,3.5,0,500,0,445,'Kgs',0,'','','','','','',0,0,0,0,0,0,'0000-00-00','0000-00-00','0000-00-00',0,0,0,0,0,0,''),(452,9,10,'265','SUGAR',60,0,2,0,60,0,446,'Kgs',0,'','','','','','',0,0,0,0,0,0,'0000-00-00','0000-00-00','0000-00-00',0,0,0,0,0,0,''),(453,10,13,'760','SUPERBASE 100',1800,0,1,0,1800,1,227,'Pack',0,'','','','','','',0,0,0,0,0,0,'0000-00-00','0000-00-00','0000-00-00',0,0,0,0,0,0,''),(454,10,13,'877','ICE CUBE(10KG BAG)',366.67,0,2,0,366.66666666667,2,228,'Pack',0,'','','','','','',0,0,0,0,0,0,'0000-00-00','0000-00-00','0000-00-00',0,0,0,0,0,0,''),(455,10,13,'818','NESTLE APPLE JUICE 1 LTR',140,0,2,0,140,2,229,'Pack',0,'','','','','','',0,0,0,0,0,0,'0000-00-00','0000-00-00','0000-00-00',0,0,0,0,0,0,''),(456,10,13,'204','MILK PACK MILK 1 LTTER ',127.55,0,2,0,127.55102040816,2,230,'Kgs',0,'','','','','','',0,0,0,0,0,0,'0000-00-00','0000-00-00','0000-00-00',0,0,0,0,0,0,''),(457,10,13,'823','RED BULL',195,0,6,0,195,6,231,'Bottles',0,'','','','','','',0,0,0,0,0,0,'0000-00-00','0000-00-00','0000-00-00',0,0,0,0,0,0,''),(458,10,13,'204','MILK PACK MILK 1 LTTER ',127.55,0,1,0,127.55102040816,1,232,'Kgs',0,'','','','','','',0,0,0,0,0,0,'0000-00-00','0000-00-00','0000-00-00',0,0,0,0,0,0,''),(459,10,13,'203','PREMA MILK ',135,0,2,0,135,2,233,'Kgs',0,'','','','','','',0,0,0,0,0,0,'0000-00-00','0000-00-00','0000-00-00',0,0,0,0,0,0,''),(460,10,10,'760','SUPERBASE 100',1800,0,1,0,1800,0,453,'Pack',0,'','','','','','',0,0,0,0,0,0,'0000-00-00','0000-00-00','0000-00-00',0,0,0,0,0,0,''),(461,10,10,'877','ICE CUBE(10KG BAG)',366.67,0,2,0,366.66666666667,0,454,'Pack',0,'','','','','','',0,0,0,0,0,0,'0000-00-00','0000-00-00','0000-00-00',0,0,0,0,0,0,''),(462,10,10,'818','NESTLE APPLE JUICE 1 LTR',140,0,2,0,140,0,455,'Pack',0,'','','','','','',0,0,0,0,0,0,'0000-00-00','0000-00-00','0000-00-00',0,0,0,0,0,0,''),(463,10,10,'204','MILK PACK MILK 1 LTTER ',127.55,0,2,0,127.55102040816,0,456,'Kgs',0,'','','','','','',0,0,0,0,0,0,'0000-00-00','0000-00-00','0000-00-00',0,0,0,0,0,0,''),(464,10,10,'823','RED BULL',195,0,6,0,195,0,457,'Bottles',0,'','','','','','',0,0,0,0,0,0,'0000-00-00','0000-00-00','0000-00-00',0,0,0,0,0,0,''),(465,10,10,'204','MILK PACK MILK 1 LTTER ',127.55,0,1,0,127.55102040816,0,458,'Kgs',0,'','','','','','',0,0,0,0,0,0,'0000-00-00','0000-00-00','0000-00-00',0,0,0,0,0,0,''),(466,10,10,'203','PREMA MILK ',135,0,2,0,135,0,459,'Kgs',0,'','','','','','',0,0,0,0,0,0,'0000-00-00','0000-00-00','0000-00-00',0,0,0,0,0,0,''),(467,11,13,'101','CHICKEN FILLET 110 TO 120 GMS K&amp;N&#039;S',363,0,16,0,363,16,234,'Kgs',0,'','','','','','',0,0,0,0,0,0,'0000-00-00','0000-00-00','0000-00-00',0,0,0,0,0,0,''),(468,11,10,'101','CHICKEN FILLET 110 TO 120 GMS K&amp;N&#039;S',363,0,16,0,363,0,467,'Kgs',0,'','','','','','',0,0,0,0,0,0,'0000-00-00','0000-00-00','0000-00-00',0,0,0,0,0,0,''),(469,12,13,'201','FRESH CREAM',280,0,6,0,280,6,235,'Kgs',0,'','','','','','',0,0,0,0,0,0,'0000-00-00','0000-00-00','0000-00-00',0,0,0,0,0,0,''),(470,12,13,'271','LEMON JUICE (MITCHELS)',129,0,1,0,129,1,236,'Bottles',0,'','','','','','',0,0,0,0,0,0,'0000-00-00','0000-00-00','0000-00-00',0,0,0,0,0,0,''),(471,12,13,'204','MILK PACK MILK 1 LTTER ',130.9,0,2,0,130.90266875981,2,237,'Kgs',0,'','','','','','',0,0,0,0,0,0,'0000-00-00','0000-00-00','0000-00-00',0,0,0,0,0,0,''),(472,12,13,'800','KNOOR CHICKEN POWDER',492,0,1,0,491.91,1,238,'Jar',0,'','','','','','',0,0,0,0,0,0,'0000-00-00','0000-00-00','0000-00-00',0,0,0,0,0,0,''),(473,12,13,'280','TOMATO KETCHUP 800GMS (KNORR)',120,0,1,0,120,1,239,'Bottles',0,'','','','','','',0,0,0,0,0,0,'0000-00-00','0000-00-00','0000-00-00',0,0,0,0,0,0,''),(474,12,13,'302','MAMASITTA OYSTER SAUCE 4.5 KG',2372,0,1,0,2371.4285714286,1,240,'Bottles',0,'','','','','','',0,0,0,0,0,0,'0000-00-00','0000-00-00','0000-00-00',0,0,0,0,0,0,''),(475,12,13,'232','CRUSHED CHILLI (DADER MIRCH)',285,0,1.5,0,285,1.5,241,'Kgs',0,'','','','','','',0,0,0,0,0,0,'0000-00-00','0000-00-00','0000-00-00',0,0,0,0,0,0,''),(476,12,13,'295','FRENCH MUSTARD ',300,0,1,0,300,1,242,'Bottles',0,'','','','','','',0,0,0,0,0,0,'0000-00-00','0000-00-00','0000-00-00',0,0,0,0,0,0,''),(477,12,13,'869','MUSHROOM SLICED TIN 3KG  ',670,0,3,0,670,3,243,'Jar',0,'','','','','','',0,0,0,0,0,0,'0000-00-00','0000-00-00','0000-00-00',0,0,0,0,0,0,''),(478,12,13,'104','CHICKEN NIBLETS WINGS (K&amp;N&#039;S)',290,0,2,0,290,2,244,'Kgs',0,'','','','','','',0,0,0,0,0,0,'0000-00-00','0000-00-00','0000-00-00',0,0,0,0,0,0,''),(479,12,13,'857','FISH PREGOSIUS RAW',360,0,7,0,360,7,245,'Kgs',0,'','','','','','',0,0,0,0,0,0,'0000-00-00','0000-00-00','0000-00-00',0,0,0,0,0,0,''),(480,12,13,'356','SWEET CORN TIN ',200,0,2,0,200,2,246,'Jar',0,'','','','','','',0,0,0,0,0,0,'0000-00-00','0000-00-00','0000-00-00',0,0,0,0,0,0,''),(481,12,13,'808','7UP 1.5 LTR',80,0,6,0,80,6,247,'Bottles',0,'','','','','','',0,0,0,0,0,0,'0000-00-00','0000-00-00','0000-00-00',0,0,0,0,0,0,''),(482,12,13,'265','SUGAR',60,0,5,0,60,5,248,'Bottles',0,'','','','','','',0,0,0,0,0,0,'0000-00-00','0000-00-00','0000-00-00',0,0,0,0,0,0,''),(483,12,13,'407','POTATOES',45,0,10,0,44.166666666667,10,249,'Pack',0,'','','','','','',0,0,0,0,0,0,'0000-00-00','0000-00-00','0000-00-00',0,0,0,0,0,0,''),(484,12,13,'401','ONION',85,0,3,0,84.4,3,250,'Kgs',0,'','','','','','',0,0,0,0,0,0,'0000-00-00','0000-00-00','0000-00-00',0,0,0,0,0,0,''),(485,12,13,'404','GREEN ONION',200,0,2,0,216.10169491525,2,251,'Kgs',0,'','','','','','',0,0,0,0,0,0,'0000-00-00','0000-00-00','0000-00-00',0,0,0,0,0,0,''),(486,12,13,'403','CABBAGE',90,0,1,0,60,1,252,'Kgs',0,'','','','','','',0,0,0,0,0,0,'0000-00-00','0000-00-00','0000-00-00',0,0,0,0,0,0,''),(487,12,13,'409','BROCCOLI',467,0,3,0,460,3,253,'Kgs',0,'','','','','','',0,0,0,0,0,0,'0000-00-00','0000-00-00','0000-00-00',0,0,0,0,0,0,''),(488,12,13,'411','GREEN CAPSICUM',130,0,4,0,133.33333333333,4,254,'Kgs',0,'','','','','','',0,0,0,0,0,0,'0000-00-00','0000-00-00','0000-00-00',0,0,0,0,0,0,''),(489,12,13,'406','ZUCCHINI',130,0,5,0,80,5,255,'Kgs',0,'','','','','','',0,0,0,0,0,0,'0000-00-00','0000-00-00','0000-00-00',0,0,0,0,0,0,''),(490,12,13,'297','RED BEANS',77.72,0,3,0,200,3,256,'Kgs',0,'','','','','','',0,0,0,0,0,0,'0000-00-00','0000-00-00','0000-00-00',0,0,0,0,0,0,''),(491,12,13,'739','PARSLEY',1500,0,0.2,0,1400,0.2,257,'Kgs',0,'','','','','','',0,0,0,0,0,0,'0000-00-00','0000-00-00','0000-00-00',0,0,0,0,0,0,''),(492,12,10,'201','FRESH CREAM',280,0,6,0,280,0,469,'Kgs',0,'','','','','','',0,0,0,0,0,0,'0000-00-00','0000-00-00','0000-00-00',0,0,0,0,0,0,''),(493,12,10,'271','LEMON JUICE (MITCHELS)',129,0,1,0,129,0,470,'Bottles',0,'','','','','','',0,0,0,0,0,0,'0000-00-00','0000-00-00','0000-00-00',0,0,0,0,0,0,''),(494,12,10,'204','MILK PACK MILK 1 LTTER ',130.9,0,2,0,130.90266875981,0,471,'Kgs',0,'','','','','','',0,0,0,0,0,0,'0000-00-00','0000-00-00','0000-00-00',0,0,0,0,0,0,''),(495,12,10,'800','KNOOR CHICKEN POWDER',492,0,1,0,491.91,0,472,'Jar',0,'','','','','','',0,0,0,0,0,0,'0000-00-00','0000-00-00','0000-00-00',0,0,0,0,0,0,''),(496,12,10,'280','TOMATO KETCHUP 800GMS (KNORR)',120,0,1,0,120,0,473,'Bottles',0,'','','','','','',0,0,0,0,0,0,'0000-00-00','0000-00-00','0000-00-00',0,0,0,0,0,0,''),(497,12,10,'302','MAMASITTA OYSTER SAUCE 4.5 KG',2372,0,1,0,2371.4285714286,0,474,'Bottles',0,'','','','','','',0,0,0,0,0,0,'0000-00-00','0000-00-00','0000-00-00',0,0,0,0,0,0,''),(498,12,10,'232','CRUSHED CHILLI (DADER MIRCH)',285,0,1.5,0,285,0,475,'Kgs',0,'','','','','','',0,0,0,0,0,0,'0000-00-00','0000-00-00','0000-00-00',0,0,0,0,0,0,''),(499,12,10,'295','FRENCH MUSTARD ',300,0,1,0,300,0,476,'Bottles',0,'','','','','','',0,0,0,0,0,0,'0000-00-00','0000-00-00','0000-00-00',0,0,0,0,0,0,''),(500,12,10,'869','MUSHROOM SLICED TIN 3KG  ',670,0,3,0,670,0,477,'Jar',0,'','','','','','',0,0,0,0,0,0,'0000-00-00','0000-00-00','0000-00-00',0,0,0,0,0,0,''),(501,12,10,'104','CHICKEN NIBLETS WINGS (K&amp;N&#039;S)',290,0,2,0,290,0,478,'Kgs',0,'','','','','','',0,0,0,0,0,0,'0000-00-00','0000-00-00','0000-00-00',0,0,0,0,0,0,''),(502,12,10,'857','FISH PREGOSIUS RAW',360,0,7,0,360,0,479,'Kgs',0,'','','','','','',0,0,0,0,0,0,'0000-00-00','0000-00-00','0000-00-00',0,0,0,0,0,0,''),(503,12,10,'356','SWEET CORN TIN ',200,0,2,0,200,0,480,'Jar',0,'','','','','','',0,0,0,0,0,0,'0000-00-00','0000-00-00','0000-00-00',0,0,0,0,0,0,''),(504,12,10,'808','7UP 1.5 LTR',80,0,6,0,80,0,481,'Bottles',0,'','','','','','',0,0,0,0,0,0,'0000-00-00','0000-00-00','0000-00-00',0,0,0,0,0,0,''),(505,12,10,'265','SUGAR',60,0,5,0,60,0,482,'Bottles',0,'','','','','','',0,0,0,0,0,0,'0000-00-00','0000-00-00','0000-00-00',0,0,0,0,0,0,''),(506,12,10,'407','POTATOES',45,0,10,0,44.166666666667,0,483,'Pack',0,'','','','','','',0,0,0,0,0,0,'0000-00-00','0000-00-00','0000-00-00',0,0,0,0,0,0,''),(507,12,10,'401','ONION',85,0,3,0,84.4,0,484,'Kgs',0,'','','','','','',0,0,0,0,0,0,'0000-00-00','0000-00-00','0000-00-00',0,0,0,0,0,0,''),(508,12,10,'404','GREEN ONION',200,0,2,0,216.10169491525,0,485,'Kgs',0,'','','','','','',0,0,0,0,0,0,'0000-00-00','0000-00-00','0000-00-00',0,0,0,0,0,0,''),(509,12,10,'403','CABBAGE',90,0,1,0,60,0,486,'Kgs',0,'','','','','','',0,0,0,0,0,0,'0000-00-00','0000-00-00','0000-00-00',0,0,0,0,0,0,''),(510,12,10,'409','BROCCOLI',467,0,3,0,460,0,487,'Kgs',0,'','','','','','',0,0,0,0,0,0,'0000-00-00','0000-00-00','0000-00-00',0,0,0,0,0,0,''),(511,12,10,'411','GREEN CAPSICUM',130,0,4,0,133.33333333333,0,488,'Kgs',0,'','','','','','',0,0,0,0,0,0,'0000-00-00','0000-00-00','0000-00-00',0,0,0,0,0,0,''),(512,12,10,'406','ZUCCHINI',130,0,5,0,80,0,489,'Kgs',0,'','','','','','',0,0,0,0,0,0,'0000-00-00','0000-00-00','0000-00-00',0,0,0,0,0,0,''),(513,12,10,'297','RED BEANS',77.72,0,3,0,200,0,490,'Kgs',0,'','','','','','',0,0,0,0,0,0,'0000-00-00','0000-00-00','0000-00-00',0,0,0,0,0,0,''),(514,12,10,'739','PARSLEY',1500,0,0.2,0,1400,0,491,'Kgs',0,'','','','','','',0,0,0,0,0,0,'0000-00-00','0000-00-00','0000-00-00',0,0,0,0,0,0,''),(515,13,13,'203','PREMA MILK ',135,0,4,0,133.75,4,258,'Kgs',0,'','','','','','',0,0,0,0,0,0,'0000-00-00','0000-00-00','0000-00-00',0,0,0,0,0,0,''),(516,13,13,'204','MILK PACK MILK 1 LTTER ',133.75,0,4,0,130.90266875981,4,259,'Kgs',0,'','','','','','',0,0,0,0,0,0,'0000-00-00','0000-00-00','0000-00-00',0,0,0,0,0,0,''),(517,13,13,'281','ICEING SUGAR',125,0,2,0,125,2,260,'Pack',0,'','','','','','',0,0,0,0,0,0,'0000-00-00','0000-00-00','0000-00-00',0,0,0,0,0,0,''),(518,13,13,'801','COKE 300 ML CAN',46,0,48,0,45.089473684211,48,261,'Bottles',0,'','','','','','',0,0,0,0,0,0,'0000-00-00','0000-00-00','0000-00-00',0,0,0,0,0,0,''),(519,13,13,'805','SPRITE 300ML CAN',45.09,0,48,0,44.58,48,262,'Bottles',0,'','','','','','',0,0,0,0,0,0,'0000-00-00','0000-00-00','0000-00-00',0,0,0,0,0,0,''),(520,13,13,'809','COKE DIET 250 ML CAN',31,0,12,0,31,12,263,'Bottles',0,'','','','','','',0,0,0,0,0,0,'0000-00-00','0000-00-00','0000-00-00',0,0,0,0,0,0,''),(521,13,13,'875','BODY SPRAY',250,0,1,0,250,1,264,'pcs',0,'','','','','','',0,0,0,0,0,0,'0000-00-00','0000-00-00','0000-00-00',0,0,0,0,0,0,''),(522,13,13,'880','WOOD POLISH ',195,0,1,0,195,1,265,'Bottles',0,'','','','','','',0,0,0,0,0,0,'0000-00-00','0000-00-00','0000-00-00',0,0,0,0,0,0,''),(523,13,13,'777','CESHWNUT (KAJU) LOOSE ',2500,0,0.5,0,2500,0.5,266,'Kgs',0,'','','','','','',0,0,0,0,0,0,'0000-00-00','0000-00-00','0000-00-00',0,0,0,0,0,0,''),(524,13,13,'808','7UP 1.5 LTR',80,0,6,0,80,6,267,'Kgs',0,'','','','','','',0,0,0,0,0,0,'0000-00-00','0000-00-00','0000-00-00',0,0,0,0,0,0,''),(525,13,13,'265','SUGAR',60,0,5,0,60,5,268,'Kgs',0,'','','','','','',0,0,0,0,0,0,'0000-00-00','0000-00-00','0000-00-00',0,0,0,0,0,0,''),(526,13,13,'794','KNOOR LIME SEASONING POWDER 400G',270,0,1,0,267.07692307692,1,269,'Pack',0,'','','','','','',0,0,0,0,0,0,'0000-00-00','0000-00-00','0000-00-00',0,0,0,0,0,0,''),(527,13,13,'362','MELAPINE PINEAPPLE SLICE 3KG ',632,0,1,0,631.25,1,270,'Jar',0,'','','','','','',0,0,0,0,0,0,'0000-00-00','0000-00-00','0000-00-00',0,0,0,0,0,0,''),(528,13,13,'203','PREMA MILK ',135,0,2,0,133.75,2,271,'Kgs',0,'','','','','','',0,0,0,0,0,0,'0000-00-00','0000-00-00','0000-00-00',0,0,0,0,0,0,''),(529,13,13,'204','MILK PACK MILK 1 LTTER ',145,0,4,0,130.90266875981,4,272,'Kgs',0,'','','','','','',0,0,0,0,0,0,'0000-00-00','0000-00-00','0000-00-00',0,0,0,0,0,0,''),(530,13,13,'822','AQUA FINA WATER 500ML ',25,0,12,0,21.76875,12,273,'Kgs',0,'','','','','','',0,0,0,0,0,0,'0000-00-00','0000-00-00','0000-00-00',0,0,0,0,0,0,''),(531,13,10,'203','PREMA MILK ',135,0,4,0,133.75,0,515,'Kgs',0,'','','','','','',0,0,0,0,0,0,'0000-00-00','0000-00-00','0000-00-00',0,0,0,0,0,0,''),(532,13,10,'204','MILK PACK MILK 1 LTTER ',133.75,0,4,0,130.90266875981,0,516,'Kgs',0,'','','','','','',0,0,0,0,0,0,'0000-00-00','0000-00-00','0000-00-00',0,0,0,0,0,0,''),(533,13,10,'281','ICEING SUGAR',125,0,2,0,125,0,517,'Pack',0,'','','','','','',0,0,0,0,0,0,'0000-00-00','0000-00-00','0000-00-00',0,0,0,0,0,0,''),(534,13,10,'801','COKE 300 ML CAN',46,0,48,0,45.089473684211,0,518,'Bottles',0,'','','','','','',0,0,0,0,0,0,'0000-00-00','0000-00-00','0000-00-00',0,0,0,0,0,0,''),(535,13,10,'805','SPRITE 300ML CAN',45.09,0,48,0,44.58,0,519,'Bottles',0,'','','','','','',0,0,0,0,0,0,'0000-00-00','0000-00-00','0000-00-00',0,0,0,0,0,0,''),(536,13,10,'809','COKE DIET 250 ML CAN',31,0,12,0,31,0,520,'Bottles',0,'','','','','','',0,0,0,0,0,0,'0000-00-00','0000-00-00','0000-00-00',0,0,0,0,0,0,''),(537,13,10,'875','BODY SPRAY',250,0,1,0,250,0,521,'pcs',0,'','','','','','',0,0,0,0,0,0,'0000-00-00','0000-00-00','0000-00-00',0,0,0,0,0,0,''),(538,13,10,'880','WOOD POLISH ',195,0,1,0,195,0,522,'Bottles',0,'','','','','','',0,0,0,0,0,0,'0000-00-00','0000-00-00','0000-00-00',0,0,0,0,0,0,''),(539,13,10,'777','CESHWNUT (KAJU) LOOSE ',2500,0,0.5,0,2500,0,523,'Kgs',0,'','','','','','',0,0,0,0,0,0,'0000-00-00','0000-00-00','0000-00-00',0,0,0,0,0,0,''),(540,13,10,'808','7UP 1.5 LTR',80,0,6,0,80,0,524,'Kgs',0,'','','','','','',0,0,0,0,0,0,'0000-00-00','0000-00-00','0000-00-00',0,0,0,0,0,0,''),(541,13,10,'265','SUGAR',60,0,5,0,60,0,525,'Kgs',0,'','','','','','',0,0,0,0,0,0,'0000-00-00','0000-00-00','0000-00-00',0,0,0,0,0,0,''),(542,13,10,'794','KNOOR LIME SEASONING POWDER 400G',270,0,1,0,267.07692307692,0,526,'Pack',0,'','','','','','',0,0,0,0,0,0,'0000-00-00','0000-00-00','0000-00-00',0,0,0,0,0,0,''),(543,13,10,'362','MELAPINE PINEAPPLE SLICE 3KG ',632,0,1,0,631.25,0,527,'Jar',0,'','','','','','',0,0,0,0,0,0,'0000-00-00','0000-00-00','0000-00-00',0,0,0,0,0,0,''),(544,13,10,'203','PREMA MILK ',135,0,2,0,133.75,0,528,'Kgs',0,'','','','','','',0,0,0,0,0,0,'0000-00-00','0000-00-00','0000-00-00',0,0,0,0,0,0,''),(545,13,10,'204','MILK PACK MILK 1 LTTER ',145,0,4,0,130.90266875981,0,529,'Kgs',0,'','','','','','',0,0,0,0,0,0,'0000-00-00','0000-00-00','0000-00-00',0,0,0,0,0,0,''),(546,13,10,'822','AQUA FINA WATER 500ML ',25,0,12,0,21.76875,0,530,'Kgs',0,'','','','','','',0,0,0,0,0,0,'0000-00-00','0000-00-00','0000-00-00',0,0,0,0,0,0,''),(547,14,13,'230','CORN FLOUR LOSSE ',82,0,2,0,80.066666666667,2,274,'Kgs',0,'','','','','','',0,0,0,0,0,0,'0000-00-00','0000-00-00','0000-00-00',0,0,0,0,0,0,''),(548,14,10,'230','CORN FLOUR LOSSE ',82,0,2,0,80.066666666667,0,547,'Kgs',0,'','','','','','',0,0,0,0,0,0,'0000-00-00','0000-00-00','0000-00-00',0,0,0,0,0,0,''),(549,15,13,'301','EGGS',105,0,7.5,0,102.72727272727,7.5,275,'Doz',0,'','','','','','',0,0,0,0,0,0,'0000-00-00','0000-00-00','0000-00-00',0,0,0,0,0,0,''),(550,15,10,'301','EGGS',105,0,7.5,0,102.72727272727,0,549,'Doz',0,'','','','','','',0,0,0,0,0,0,'0000-00-00','0000-00-00','0000-00-00',0,0,0,0,0,0,'');
/*!40000 ALTER TABLE `0_debtor_trans_details` ENABLE KEYS */;
UNLOCK TABLES;

--
-- Table structure for table `0_debtors_master`
--

DROP TABLE IF EXISTS `0_debtors_master`;
/*!40101 SET @saved_cs_client     = @@character_set_client */;
/*!40101 SET character_set_client = utf8 */;
CREATE TABLE `0_debtors_master` (
  `debtor_no` int(11) NOT NULL AUTO_INCREMENT,
  `name` varchar(100) COLLATE utf8_unicode_ci NOT NULL DEFAULT '',
  `debtor_ref` varchar(30) COLLATE utf8_unicode_ci NOT NULL,
  `address` tinytext COLLATE utf8_unicode_ci,
  `tax_id` varchar(55) COLLATE utf8_unicode_ci NOT NULL DEFAULT '',
  `ntn_no` varchar(55) COLLATE utf8_unicode_ci NOT NULL,
  `curr_code` char(3) COLLATE utf8_unicode_ci NOT NULL DEFAULT '',
  `sales_type` int(11) NOT NULL DEFAULT '1',
  `dimension_id` int(11) NOT NULL DEFAULT '0',
  `dimension2_id` int(11) NOT NULL DEFAULT '0',
  `credit_status` int(11) NOT NULL DEFAULT '0',
  `payment_terms` int(11) DEFAULT NULL,
  `discount` double NOT NULL DEFAULT '0',
  `pymt_discount` double NOT NULL DEFAULT '0',
  `credit_limit` float NOT NULL DEFAULT '1000',
  `notes` tinytext COLLATE utf8_unicode_ci NOT NULL,
  `credit_allowed` double NOT NULL,
  `inactive` tinyint(1) NOT NULL DEFAULT '0',
  PRIMARY KEY (`debtor_no`),
  UNIQUE KEY `debtor_ref` (`debtor_ref`),
  KEY `name` (`name`)
) ENGINE=InnoDB DEFAULT CHARSET=utf8 COLLATE=utf8_unicode_ci;
/*!40101 SET character_set_client = @saved_cs_client */;

--
-- Dumping data for table `0_debtors_master`
--

LOCK TABLES `0_debtors_master` WRITE;
/*!40000 ALTER TABLE `0_debtors_master` DISABLE KEYS */;
INSERT INTO `0_debtors_master` VALUES (1,'MAIN KITCHEN ANTIQUE','MAIN KITCHEN ANTIQUE','','','','PKR',1,0,0,1,5,0,0,0,'',0,1),(2,'FRONT OF THE HOUSE ','FRONT OF THE HOUSE ',NULL,'','','PKR',1,0,0,1,5,0,0,0,'',0,0),(3,'BAKERY SECTION ANTIQUE ','BAKERY SECTION ANTIQUE ',NULL,'','','PKR',1,0,0,1,5,0,0,0,'',0,0),(4,'BAR SECTION ANTIQUE ','BAR SECTION ANTIQUE ',NULL,'','','PKR',1,0,0,1,5,0,0,0,'',0,0),(5,'MIRCH MASALA GAS BILL ','MIRCH MASALA GAS BILL',NULL,'','','PKR',1,0,0,1,5,0,0,0,'',0,0),(6,'HOUSE KEEPING DEPARTMENT ','HOUSE KEEPING DEPARTMENT ',NULL,'','','PKR',1,0,0,1,5,0,0,0,'',0,0),(7,'Front Cutlery &amp; Crockery ','Front Cutlery &amp; Crockery ',NULL,'','','PKR',1,0,0,1,5,0,0,0,'',0,0),(10,'MAIN KITCHEN ANTIQUE CAFE','MAIN KITCHEN ANTIQUE CAFE','','','','PKR',1,0,0,1,5,0,0,0,'',0,0);
/*!40000 ALTER TABLE `0_debtors_master` ENABLE KEYS */;
UNLOCK TABLES;

--
-- Table structure for table `0_dimensions`
--

DROP TABLE IF EXISTS `0_dimensions`;
/*!40101 SET @saved_cs_client     = @@character_set_client */;
/*!40101 SET character_set_client = utf8 */;
CREATE TABLE `0_dimensions` (
  `id` int(11) NOT NULL AUTO_INCREMENT,
  `reference` varchar(60) COLLATE utf8_unicode_ci NOT NULL DEFAULT '',
  `name` varchar(60) COLLATE utf8_unicode_ci NOT NULL DEFAULT '',
  `type_` tinyint(1) NOT NULL DEFAULT '1',
  `closed` tinyint(1) NOT NULL DEFAULT '0',
  `date_` date NOT NULL DEFAULT '0000-00-00',
  `due_date` date NOT NULL DEFAULT '0000-00-00',
  `cust_name` int(11) NOT NULL,
  `sales_person` int(11) NOT NULL,
  `area` int(11) NOT NULL,
  `ref_1` varchar(50) COLLATE utf8_unicode_ci NOT NULL,
  `ref_2` varchar(50) COLLATE utf8_unicode_ci NOT NULL,
  `ref_3` varchar(50) COLLATE utf8_unicode_ci NOT NULL,
  PRIMARY KEY (`id`),
  UNIQUE KEY `reference` (`reference`),
  KEY `date_` (`date_`),
  KEY `due_date` (`due_date`),
  KEY `type_` (`type_`)
) ENGINE=InnoDB DEFAULT CHARSET=utf8 COLLATE=utf8_unicode_ci;
/*!40101 SET character_set_client = @saved_cs_client */;

--
-- Dumping data for table `0_dimensions`
--

LOCK TABLES `0_dimensions` WRITE;
/*!40000 ALTER TABLE `0_dimensions` DISABLE KEYS */;
/*!40000 ALTER TABLE `0_dimensions` ENABLE KEYS */;
UNLOCK TABLES;

--
-- Table structure for table `0_exchange_rates`
--

DROP TABLE IF EXISTS `0_exchange_rates`;
/*!40101 SET @saved_cs_client     = @@character_set_client */;
/*!40101 SET character_set_client = utf8 */;
CREATE TABLE `0_exchange_rates` (
  `id` int(11) NOT NULL AUTO_INCREMENT,
  `curr_code` char(3) COLLATE utf8_unicode_ci NOT NULL DEFAULT '',
  `rate_buy` double NOT NULL DEFAULT '0',
  `rate_sell` double NOT NULL DEFAULT '0',
  `date_` date NOT NULL DEFAULT '0000-00-00',
  PRIMARY KEY (`id`),
  UNIQUE KEY `curr_code` (`curr_code`,`date_`)
) ENGINE=InnoDB DEFAULT CHARSET=utf8 COLLATE=utf8_unicode_ci;
/*!40101 SET character_set_client = @saved_cs_client */;

--
-- Dumping data for table `0_exchange_rates`
--

LOCK TABLES `0_exchange_rates` WRITE;
/*!40000 ALTER TABLE `0_exchange_rates` DISABLE KEYS */;
/*!40000 ALTER TABLE `0_exchange_rates` ENABLE KEYS */;
UNLOCK TABLES;

--
-- Table structure for table `0_f_combo1`
--

DROP TABLE IF EXISTS `0_f_combo1`;
/*!40101 SET @saved_cs_client     = @@character_set_client */;
/*!40101 SET character_set_client = utf8 */;
CREATE TABLE `0_f_combo1` (
  `combo_code` int(11) NOT NULL AUTO_INCREMENT,
  `description` varchar(60) COLLATE utf8_unicode_ci NOT NULL DEFAULT '',
  `inactive` tinyint(1) NOT NULL DEFAULT '0',
  PRIMARY KEY (`combo_code`),
  UNIQUE KEY `description` (`description`)
) ENGINE=InnoDB DEFAULT CHARSET=utf8 COLLATE=utf8_unicode_ci;
/*!40101 SET character_set_client = @saved_cs_client */;

--
-- Dumping data for table `0_f_combo1`
--

LOCK TABLES `0_f_combo1` WRITE;
/*!40000 ALTER TABLE `0_f_combo1` DISABLE KEYS */;
/*!40000 ALTER TABLE `0_f_combo1` ENABLE KEYS */;
UNLOCK TABLES;

--
-- Table structure for table `0_f_combo2`
--

DROP TABLE IF EXISTS `0_f_combo2`;
/*!40101 SET @saved_cs_client     = @@character_set_client */;
/*!40101 SET character_set_client = utf8 */;
CREATE TABLE `0_f_combo2` (
  `combo_code` int(11) NOT NULL AUTO_INCREMENT,
  `description` varchar(60) COLLATE utf8_unicode_ci NOT NULL DEFAULT '',
  `inactive` tinyint(1) NOT NULL DEFAULT '0',
  PRIMARY KEY (`combo_code`),
  UNIQUE KEY `description` (`description`)
) ENGINE=InnoDB DEFAULT CHARSET=utf8 COLLATE=utf8_unicode_ci;
/*!40101 SET character_set_client = @saved_cs_client */;

--
-- Dumping data for table `0_f_combo2`
--

LOCK TABLES `0_f_combo2` WRITE;
/*!40000 ALTER TABLE `0_f_combo2` DISABLE KEYS */;
/*!40000 ALTER TABLE `0_f_combo2` ENABLE KEYS */;
UNLOCK TABLES;

--
-- Table structure for table `0_f_combo3`
--

DROP TABLE IF EXISTS `0_f_combo3`;
/*!40101 SET @saved_cs_client     = @@character_set_client */;
/*!40101 SET character_set_client = utf8 */;
CREATE TABLE `0_f_combo3` (
  `combo_code` int(11) NOT NULL AUTO_INCREMENT,
  `description` varchar(60) COLLATE utf8_unicode_ci NOT NULL DEFAULT '',
  `inactive` tinyint(1) NOT NULL DEFAULT '0',
  PRIMARY KEY (`combo_code`),
  UNIQUE KEY `description` (`description`)
) ENGINE=InnoDB DEFAULT CHARSET=utf8 COLLATE=utf8_unicode_ci;
/*!40101 SET character_set_client = @saved_cs_client */;

--
-- Dumping data for table `0_f_combo3`
--

LOCK TABLES `0_f_combo3` WRITE;
/*!40000 ALTER TABLE `0_f_combo3` DISABLE KEYS */;
/*!40000 ALTER TABLE `0_f_combo3` ENABLE KEYS */;
UNLOCK TABLES;

--
-- Table structure for table `0_fiscal_year`
--

DROP TABLE IF EXISTS `0_fiscal_year`;
/*!40101 SET @saved_cs_client     = @@character_set_client */;
/*!40101 SET character_set_client = utf8 */;
CREATE TABLE `0_fiscal_year` (
  `id` int(11) NOT NULL AUTO_INCREMENT,
  `begin` date DEFAULT '0000-00-00',
  `end` date DEFAULT '0000-00-00',
  `closed` tinyint(1) NOT NULL DEFAULT '0',
  PRIMARY KEY (`id`),
  UNIQUE KEY `begin` (`begin`),
  UNIQUE KEY `end` (`end`)
) ENGINE=InnoDB DEFAULT CHARSET=utf8 COLLATE=utf8_unicode_ci;
/*!40101 SET character_set_client = @saved_cs_client */;

--
-- Dumping data for table `0_fiscal_year`
--

LOCK TABLES `0_fiscal_year` WRITE;
/*!40000 ALTER TABLE `0_fiscal_year` DISABLE KEYS */;
INSERT INTO `0_fiscal_year` VALUES (1,'2015-07-01','2016-06-30',0),(2,'2016-07-01','2017-06-30',0),(3,'2017-07-01','2018-06-30',0);
/*!40000 ALTER TABLE `0_fiscal_year` ENABLE KEYS */;
UNLOCK TABLES;

--
-- Table structure for table `0_gl_trans`
--

DROP TABLE IF EXISTS `0_gl_trans`;
/*!40101 SET @saved_cs_client     = @@character_set_client */;
/*!40101 SET character_set_client = utf8 */;
CREATE TABLE `0_gl_trans` (
  `counter` int(11) NOT NULL AUTO_INCREMENT,
  `type` smallint(6) NOT NULL DEFAULT '0',
  `type_no` int(11) NOT NULL DEFAULT '0',
  `tran_date` date NOT NULL DEFAULT '0000-00-00',
  `account` varchar(15) COLLATE utf8_unicode_ci NOT NULL DEFAULT '',
  `memo_` tinytext COLLATE utf8_unicode_ci NOT NULL,
  `amount` double NOT NULL DEFAULT '0',
  `dimension_id` int(11) NOT NULL DEFAULT '0',
  `dimension2_id` int(11) NOT NULL DEFAULT '0',
  `person_type_id` int(11) DEFAULT NULL,
  `person_id` tinyblob,
  `cheque` int(11) NOT NULL,
  `inactive` tinyint(4) NOT NULL,
  `cheque_date` date DEFAULT NULL,
  `cheque_no` int(11) NOT NULL,
  `text_1` varchar(50) COLLATE utf8_unicode_ci DEFAULT NULL,
  `text_2` varchar(50) COLLATE utf8_unicode_ci DEFAULT NULL,
  `text_3` varchar(60) COLLATE utf8_unicode_ci NOT NULL,
  `opening` tinyint(4) DEFAULT NULL,
  PRIMARY KEY (`counter`),
  KEY `Type_and_Number` (`type`,`type_no`),
  KEY `dimension_id` (`dimension_id`),
  KEY `dimension2_id` (`dimension2_id`),
  KEY `tran_date` (`tran_date`),
  KEY `account_and_tran_date` (`account`,`tran_date`)
) ENGINE=InnoDB DEFAULT CHARSET=utf8 COLLATE=utf8_unicode_ci;
/*!40101 SET character_set_client = @saved_cs_client */;

--
-- Dumping data for table `0_gl_trans`
--

LOCK TABLES `0_gl_trans` WRITE;
/*!40000 ALTER TABLE `0_gl_trans` DISABLE KEYS */;
INSERT INTO `0_gl_trans` VALUES (1,17,1,'2017-10-06','5014','',-200,0,0,NULL,NULL,0,0,'0000-00-00',0,'','','',NULL),(2,17,1,'2017-10-06','1021','',200,0,0,NULL,NULL,0,0,'0000-00-00',0,'','','',NULL),(3,17,1,'2017-10-06','5014','',-500,0,0,NULL,NULL,0,0,'0000-00-00',0,'','','',NULL),(4,17,1,'2017-10-06','1021','',500,0,0,NULL,NULL,0,0,'0000-00-00',0,'','','',NULL),(5,17,1,'2017-10-06','5014','',-600,0,0,NULL,NULL,0,0,'0000-00-00',0,'','','',NULL),(6,17,1,'2017-10-06','1021','',600,0,0,NULL,NULL,0,0,'0000-00-00',0,'','','',NULL),(7,17,1,'2017-10-06','5014','',-2750,0,0,NULL,NULL,0,0,'0000-00-00',0,'','','',NULL),(8,17,1,'2017-10-06','1021','',2750,0,0,NULL,NULL,0,0,'0000-00-00',0,'','','',NULL),(9,17,1,'2017-10-06','5014','',-800,0,0,NULL,NULL,0,0,'0000-00-00',0,'','','',NULL),(10,17,1,'2017-10-06','1021','',800,0,0,NULL,NULL,0,0,'0000-00-00',0,'','','',NULL),(11,17,1,'2017-10-06','5014','',-600,0,0,NULL,NULL,0,0,'0000-00-00',0,'','','',NULL),(12,17,1,'2017-10-06','1021','',600,0,0,NULL,NULL,0,0,'0000-00-00',0,'','','',NULL),(13,17,1,'2017-10-06','5014','',-600,0,0,NULL,NULL,0,0,'0000-00-00',0,'','','',NULL),(14,17,1,'2017-10-06','1021','',600,0,0,NULL,NULL,0,0,'0000-00-00',0,'','','',NULL),(15,17,1,'2017-10-06','5014','',-500,0,0,NULL,NULL,0,0,'0000-00-00',0,'','','',NULL),(16,17,1,'2017-10-06','1021','',500,0,0,NULL,NULL,0,0,'0000-00-00',0,'','','',NULL),(17,17,1,'2017-10-06','5014','',-3600,0,0,NULL,NULL,0,0,'0000-00-00',0,'','','',NULL),(18,17,1,'2017-10-06','1021','',3600,0,0,NULL,NULL,0,0,'0000-00-00',0,'','','',NULL),(19,17,1,'2017-10-06','5014','',-300,0,0,NULL,NULL,0,0,'0000-00-00',0,'','','',NULL),(20,17,1,'2017-10-06','1021','',300,0,0,NULL,NULL,0,0,'0000-00-00',0,'','','',NULL),(21,17,1,'2017-10-06','5014','',-400,0,0,NULL,NULL,0,0,'0000-00-00',0,'','','',NULL),(22,17,1,'2017-10-06','1021','',400,0,0,NULL,NULL,0,0,'0000-00-00',0,'','','',NULL),(23,17,1,'2017-10-06','5014','',-1400,0,0,NULL,NULL,0,0,'0000-00-00',0,'','','',NULL),(24,17,1,'2017-10-06','1021','',1400,0,0,NULL,NULL,0,0,'0000-00-00',0,'','','',NULL),(25,17,1,'2017-10-06','5014','',-750,0,0,NULL,NULL,0,0,'0000-00-00',0,'','','',NULL),(26,17,1,'2017-10-06','1021','',750,0,0,NULL,NULL,0,0,'0000-00-00',0,'','','',NULL),(27,17,1,'2017-10-06','5014','',-500,0,0,NULL,NULL,0,0,'0000-00-00',0,'','','',NULL),(28,17,1,'2017-10-06','1021','',500,0,0,NULL,NULL,0,0,'0000-00-00',0,'','','',NULL),(29,17,1,'2017-10-06','5014','',-1000,0,0,NULL,NULL,0,0,'0000-00-00',0,'','','',NULL),(30,17,1,'2017-10-06','1021','',1000,0,0,NULL,NULL,0,0,'0000-00-00',0,'','','',NULL),(31,17,1,'2017-10-06','5014','',-600,0,0,NULL,NULL,0,0,'0000-00-00',0,'','','',NULL),(32,17,1,'2017-10-06','1021','',600,0,0,NULL,NULL,0,0,'0000-00-00',0,'','','',NULL),(33,17,1,'2017-10-06','5014','',-700,0,0,NULL,NULL,0,0,'0000-00-00',0,'','','',NULL),(34,17,1,'2017-10-06','1021','',700,0,0,NULL,NULL,0,0,'0000-00-00',0,'','','',NULL),(35,17,1,'2017-10-06','5014','',-350,0,0,NULL,NULL,0,0,'0000-00-00',0,'','','',NULL),(36,17,1,'2017-10-06','1021','',350,0,0,NULL,NULL,0,0,'0000-00-00',0,'','','',NULL),(37,17,2,'2017-10-06','5014','\n',-2400,0,0,NULL,NULL,0,0,'0000-00-00',0,'','','',NULL),(38,17,2,'2017-10-06','1021','\n',2400,0,0,NULL,NULL,0,0,'0000-00-00',0,'','','',NULL),(39,17,2,'2017-10-06','5014','\n',-1200,0,0,NULL,NULL,0,0,'0000-00-00',0,'','','',NULL),(40,17,2,'2017-10-06','1021','\n',1200,0,0,NULL,NULL,0,0,'0000-00-00',0,'','','',NULL),(41,17,2,'2017-10-06','5014','\n',-2000,0,0,NULL,NULL,0,0,'0000-00-00',0,'','','',NULL),(42,17,2,'2017-10-06','1021','\n',2000,0,0,NULL,NULL,0,0,'0000-00-00',0,'','','',NULL),(43,17,2,'2017-10-06','5014','\n',-1500,0,0,NULL,NULL,0,0,'0000-00-00',0,'','','',NULL),(44,17,2,'2017-10-06','1021','\n',1500,0,0,NULL,NULL,0,0,'0000-00-00',0,'','','',NULL),(45,17,2,'2017-10-06','5014','\n',-360,0,0,NULL,NULL,0,0,'0000-00-00',0,'','','',NULL),(46,17,2,'2017-10-06','1021','\n',360,0,0,NULL,NULL,0,0,'0000-00-00',0,'','','',NULL),(47,17,2,'2017-10-06','5014','\n',-600,0,0,NULL,NULL,0,0,'0000-00-00',0,'','','',NULL),(48,17,2,'2017-10-06','1021','\n',600,0,0,NULL,NULL,0,0,'0000-00-00',0,'','','',NULL),(49,17,2,'2017-10-06','5014','\n',-16500,0,0,NULL,NULL,0,0,'0000-00-00',0,'','','',NULL),(50,17,2,'2017-10-06','1021','\n',16500,0,0,NULL,NULL,0,0,'0000-00-00',0,'','','',NULL),(51,17,2,'2017-10-06','5014','\n',-2700,0,0,NULL,NULL,0,0,'0000-00-00',0,'','','',NULL),(52,17,2,'2017-10-06','1021','\n',2700,0,0,NULL,NULL,0,0,'0000-00-00',0,'','','',NULL),(53,17,2,'2017-10-06','5014','\n',-8000,0,0,NULL,NULL,0,0,'0000-00-00',0,'','','',NULL),(54,17,2,'2017-10-06','1021','\n',8000,0,0,NULL,NULL,0,0,'0000-00-00',0,'','','',NULL),(55,17,2,'2017-10-06','5014','\n',-8500,0,0,NULL,NULL,0,0,'0000-00-00',0,'','','',NULL),(56,17,2,'2017-10-06','1021','\n',8500,0,0,NULL,NULL,0,0,'0000-00-00',0,'','','',NULL),(57,17,2,'2017-10-06','5014','\n',-1750,0,0,NULL,NULL,0,0,'0000-00-00',0,'','','',NULL),(58,17,2,'2017-10-06','1021','\n',1750,0,0,NULL,NULL,0,0,'0000-00-00',0,'','','',NULL),(59,17,2,'2017-10-06','5014','\n',-7200,0,0,NULL,NULL,0,0,'0000-00-00',0,'','','',NULL),(60,17,2,'2017-10-06','1021','\n',7200,0,0,NULL,NULL,0,0,'0000-00-00',0,'','','',NULL),(61,17,2,'2017-10-06','5014','\n',-2400,0,0,NULL,NULL,0,0,'0000-00-00',0,'','','',NULL),(62,17,2,'2017-10-06','1021','\n',2400,0,0,NULL,NULL,0,0,'0000-00-00',0,'','','',NULL),(63,17,2,'2017-10-06','5014','\n',-2000,0,0,NULL,NULL,0,0,'0000-00-00',0,'','','',NULL),(64,17,2,'2017-10-06','1021','\n',2000,0,0,NULL,NULL,0,0,'0000-00-00',0,'','','',NULL),(65,17,2,'2017-10-06','5014','\n',-750,0,0,NULL,NULL,0,0,'0000-00-00',0,'','','',NULL),(66,17,2,'2017-10-06','1021','\n',750,0,0,NULL,NULL,0,0,'0000-00-00',0,'','','',NULL),(67,17,2,'2017-10-06','5014','\n',-240,0,0,NULL,NULL,0,0,'0000-00-00',0,'','','',NULL),(68,17,2,'2017-10-06','1021','\n',240,0,0,NULL,NULL,0,0,'0000-00-00',0,'','','',NULL),(69,17,2,'2017-10-06','5014','\n',-240,0,0,NULL,NULL,0,0,'0000-00-00',0,'','','',NULL),(70,17,2,'2017-10-06','1021','\n',240,0,0,NULL,NULL,0,0,'0000-00-00',0,'','','',NULL),(71,17,2,'2017-10-06','5014','\n',-240,0,0,NULL,NULL,0,0,'0000-00-00',0,'','','',NULL),(72,17,2,'2017-10-06','1021','\n',240,0,0,NULL,NULL,0,0,'0000-00-00',0,'','','',NULL),(73,17,3,'2017-10-06','5014','',-100,0,0,NULL,NULL,0,0,'0000-00-00',0,'','','',NULL),(74,17,3,'2017-10-06','1021','',100,0,0,NULL,NULL,0,0,'0000-00-00',0,'','','',NULL),(75,17,3,'2017-10-06','5014','',-150,0,0,NULL,NULL,0,0,'0000-00-00',0,'','','',NULL),(76,17,3,'2017-10-06','1021','',150,0,0,NULL,NULL,0,0,'0000-00-00',0,'','','',NULL),(77,17,3,'2017-10-06','5014','',-150,0,0,NULL,NULL,0,0,'0000-00-00',0,'','','',NULL),(78,17,3,'2017-10-06','1021','',150,0,0,NULL,NULL,0,0,'0000-00-00',0,'','','',NULL),(79,17,3,'2017-10-06','5014','',-225,0,0,NULL,NULL,0,0,'0000-00-00',0,'','','',NULL),(80,17,3,'2017-10-06','1021','',225,0,0,NULL,NULL,0,0,'0000-00-00',0,'','','',NULL),(81,17,3,'2017-10-06','5014','',-400,0,0,NULL,NULL,0,0,'0000-00-00',0,'','','',NULL),(82,17,3,'2017-10-06','1021','',400,0,0,NULL,NULL,0,0,'0000-00-00',0,'','','',NULL),(83,17,3,'2017-10-06','5014','',-1000,0,0,NULL,NULL,0,0,'0000-00-00',0,'','','',NULL),(84,17,3,'2017-10-06','1021','',1000,0,0,NULL,NULL,0,0,'0000-00-00',0,'','','',NULL),(85,17,3,'2017-10-06','5014','',-500,0,0,NULL,NULL,0,0,'0000-00-00',0,'','','',NULL),(86,17,3,'2017-10-06','1021','',500,0,0,NULL,NULL,0,0,'0000-00-00',0,'','','',NULL),(87,17,3,'2017-10-06','5014','',-6000,0,0,NULL,NULL,0,0,'0000-00-00',0,'','','',NULL),(88,17,3,'2017-10-06','1021','',6000,0,0,NULL,NULL,0,0,'0000-00-00',0,'','','',NULL),(89,17,3,'2017-10-06','5014','',-450,0,0,NULL,NULL,0,0,'0000-00-00',0,'','','',NULL),(90,17,3,'2017-10-06','1021','',450,0,0,NULL,NULL,0,0,'0000-00-00',0,'','','',NULL),(91,17,3,'2017-10-06','5014','',-2400,0,0,NULL,NULL,0,0,'0000-00-00',0,'','','',NULL),(92,17,3,'2017-10-06','1021','',2400,0,0,NULL,NULL,0,0,'0000-00-00',0,'','','',NULL),(93,17,3,'2017-10-06','5014','',-2400,0,0,NULL,NULL,0,0,'0000-00-00',0,'','','',NULL),(94,17,3,'2017-10-06','1021','',2400,0,0,NULL,NULL,0,0,'0000-00-00',0,'','','',NULL),(95,17,3,'2017-10-06','5014','',-1200,0,0,NULL,NULL,0,0,'0000-00-00',0,'','','',NULL),(96,17,3,'2017-10-06','1021','',1200,0,0,NULL,NULL,0,0,'0000-00-00',0,'','','',NULL),(97,17,3,'2017-10-06','5014','',-450,0,0,NULL,NULL,0,0,'0000-00-00',0,'','','',NULL),(98,17,3,'2017-10-06','1021','',450,0,0,NULL,NULL,0,0,'0000-00-00',0,'','','',NULL),(99,17,3,'2017-10-06','5014','',-1200,0,0,NULL,NULL,0,0,'0000-00-00',0,'','','',NULL),(100,17,3,'2017-10-06','1021','',1200,0,0,NULL,NULL,0,0,'0000-00-00',0,'','','',NULL),(101,17,3,'2017-10-06','5014','',-2700,0,0,NULL,NULL,0,0,'0000-00-00',0,'','','',NULL),(102,17,3,'2017-10-06','1021','',2700,0,0,NULL,NULL,0,0,'0000-00-00',0,'','','',NULL),(103,17,3,'2017-10-06','5014','',-3900,0,0,NULL,NULL,0,0,'0000-00-00',0,'','','',NULL),(104,17,3,'2017-10-06','1021','',3900,0,0,NULL,NULL,0,0,'0000-00-00',0,'','','',NULL),(105,17,4,'2017-10-06','5014','',-2500,0,0,NULL,NULL,0,0,'0000-00-00',0,'','','',NULL),(106,17,4,'2017-10-06','1021','',2500,0,0,NULL,NULL,0,0,'0000-00-00',0,'','','',NULL),(107,17,4,'2017-10-06','5014','',-1000,0,0,NULL,NULL,0,0,'0000-00-00',0,'','','',NULL),(108,17,4,'2017-10-06','1021','',1000,0,0,NULL,NULL,0,0,'0000-00-00',0,'','','',NULL),(109,17,4,'2017-10-06','5014','',-2000,0,0,NULL,NULL,0,0,'0000-00-00',0,'','','',NULL),(110,17,4,'2017-10-06','1021','',2000,0,0,NULL,NULL,0,0,'0000-00-00',0,'','','',NULL),(111,17,4,'2017-10-06','5014','',-380,0,0,NULL,NULL,0,0,'0000-00-00',0,'','','',NULL),(112,17,4,'2017-10-06','1021','',380,0,0,NULL,NULL,0,0,'0000-00-00',0,'','','',NULL),(113,17,4,'2017-10-06','5014','',-3000,0,0,NULL,NULL,0,0,'0000-00-00',0,'','','',NULL),(114,17,4,'2017-10-06','1021','',3000,0,0,NULL,NULL,0,0,'0000-00-00',0,'','','',NULL),(115,17,4,'2017-10-06','5014','',-500,0,0,NULL,NULL,0,0,'0000-00-00',0,'','','',NULL),(116,17,4,'2017-10-06','1021','',500,0,0,NULL,NULL,0,0,'0000-00-00',0,'','','',NULL),(117,17,4,'2017-10-06','5014','',-2256,0,0,NULL,NULL,0,0,'0000-00-00',0,'','','',NULL),(118,17,4,'2017-10-06','1021','',2256,0,0,NULL,NULL,0,0,'0000-00-00',0,'','','',NULL),(119,17,4,'2017-10-06','5014','',-564,0,0,NULL,NULL,0,0,'0000-00-00',0,'','','',NULL),(120,17,4,'2017-10-06','1021','',564,0,0,NULL,NULL,0,0,'0000-00-00',0,'','','',NULL),(121,17,4,'2017-10-06','5014','',-1692,0,0,NULL,NULL,0,0,'0000-00-00',0,'','','',NULL),(122,17,4,'2017-10-06','1021','',1692,0,0,NULL,NULL,0,0,'0000-00-00',0,'','','',NULL),(123,17,4,'2017-10-06','5014','',-1920,0,0,NULL,NULL,0,0,'0000-00-00',0,'','','',NULL),(124,17,4,'2017-10-06','1021','',1920,0,0,NULL,NULL,0,0,'0000-00-00',0,'','','',NULL),(125,17,4,'2017-10-06','5014','',-360,0,0,NULL,NULL,0,0,'0000-00-00',0,'','','',NULL),(126,17,4,'2017-10-06','1021','',360,0,0,NULL,NULL,0,0,'0000-00-00',0,'','','',NULL),(127,17,4,'2017-10-06','5014','',-5076,0,0,NULL,NULL,0,0,'0000-00-00',0,'','','',NULL),(128,17,4,'2017-10-06','1021','',5076,0,0,NULL,NULL,0,0,'0000-00-00',0,'','','',NULL),(129,17,4,'2017-10-06','5014','',-7760,0,0,NULL,NULL,0,0,'0000-00-00',0,'','','',NULL),(130,17,4,'2017-10-06','1021','',7760,0,0,NULL,NULL,0,0,'0000-00-00',0,'','','',NULL),(131,17,4,'2017-10-06','5014','',-2800,0,0,NULL,NULL,0,0,'0000-00-00',0,'','','',NULL),(132,17,4,'2017-10-06','1021','',2800,0,0,NULL,NULL,0,0,'0000-00-00',0,'','','',NULL),(133,17,4,'2017-10-06','5014','',-2159,0,0,NULL,NULL,0,0,'0000-00-00',0,'','','',NULL),(134,17,4,'2017-10-06','1021','',2159,0,0,NULL,NULL,0,0,'0000-00-00',0,'','','',NULL),(135,17,5,'2017-10-06','5014','',-500,0,0,NULL,NULL,0,0,'0000-00-00',0,'','','',NULL),(136,17,5,'2017-10-06','1021','',500,0,0,NULL,NULL,0,0,'0000-00-00',0,'','','',NULL),(137,17,5,'2017-10-06','5014','',-200,0,0,NULL,NULL,0,0,'0000-00-00',0,'','','',NULL),(138,17,5,'2017-10-06','1021','',200,0,0,NULL,NULL,0,0,'0000-00-00',0,'','','',NULL),(139,17,5,'2017-10-06','5014','',-450,0,0,NULL,NULL,0,0,'0000-00-00',0,'','','',NULL),(140,17,5,'2017-10-06','1021','',450,0,0,NULL,NULL,0,0,'0000-00-00',0,'','','',NULL),(141,17,5,'2017-10-06','5014','',-1800,0,0,NULL,NULL,0,0,'0000-00-00',0,'','','',NULL),(142,17,5,'2017-10-06','1021','',1800,0,0,NULL,NULL,0,0,'0000-00-00',0,'','','',NULL),(143,17,5,'2017-10-06','5014','',-780,0,0,NULL,NULL,0,0,'0000-00-00',0,'','','',NULL),(144,17,5,'2017-10-06','1021','',780,0,0,NULL,NULL,0,0,'0000-00-00',0,'','','',NULL),(145,17,5,'2017-10-06','5014','',-1800,0,0,NULL,NULL,0,0,'0000-00-00',0,'','','',NULL),(146,17,5,'2017-10-06','1021','',1800,0,0,NULL,NULL,0,0,'0000-00-00',0,'','','',NULL),(147,17,5,'2017-10-06','5014','',-1500,0,0,NULL,NULL,0,0,'0000-00-00',0,'','','',NULL),(148,17,5,'2017-10-06','1021','',1500,0,0,NULL,NULL,0,0,'0000-00-00',0,'','','',NULL),(149,17,5,'2017-10-06','5014','',-1000,0,0,NULL,NULL,0,0,'0000-00-00',0,'','','',NULL),(150,17,5,'2017-10-06','1021','',1000,0,0,NULL,NULL,0,0,'0000-00-00',0,'','','',NULL),(151,17,5,'2017-10-06','5014','',-1500,0,0,NULL,NULL,0,0,'0000-00-00',0,'','','',NULL),(152,17,5,'2017-10-06','1021','',1500,0,0,NULL,NULL,0,0,'0000-00-00',0,'','','',NULL),(153,17,5,'2017-10-06','5014','',-300,0,0,NULL,NULL,0,0,'0000-00-00',0,'','','',NULL),(154,17,5,'2017-10-06','1021','',300,0,0,NULL,NULL,0,0,'0000-00-00',0,'','','',NULL),(155,17,5,'2017-10-06','5014','',-9000,0,0,NULL,NULL,0,0,'0000-00-00',0,'','','',NULL),(156,17,5,'2017-10-06','1021','',9000,0,0,NULL,NULL,0,0,'0000-00-00',0,'','','',NULL),(157,17,5,'2017-10-06','5014','',-300,0,0,NULL,NULL,0,0,'0000-00-00',0,'','','',NULL),(158,17,5,'2017-10-06','1021','',300,0,0,NULL,NULL,0,0,'0000-00-00',0,'','','',NULL),(159,17,5,'2017-10-06','5014','',-500,0,0,NULL,NULL,0,0,'0000-00-00',0,'','','',NULL),(160,17,5,'2017-10-06','1021','',500,0,0,NULL,NULL,0,0,'0000-00-00',0,'','','',NULL),(161,17,5,'2017-10-06','5014','',-500,0,0,NULL,NULL,0,0,'0000-00-00',0,'','','',NULL),(162,17,5,'2017-10-06','1021','',500,0,0,NULL,NULL,0,0,'0000-00-00',0,'','','',NULL),(163,17,5,'2017-10-06','5014','',-750,0,0,NULL,NULL,0,0,'0000-00-00',0,'','','',NULL),(164,17,5,'2017-10-06','1021','',750,0,0,NULL,NULL,0,0,'0000-00-00',0,'','','',NULL),(165,17,5,'2017-10-06','5014','',-520,0,0,NULL,NULL,0,0,'0000-00-00',0,'','','',NULL),(166,17,5,'2017-10-06','1021','',520,0,0,NULL,NULL,0,0,'0000-00-00',0,'','','',NULL),(167,17,5,'2017-10-06','5014','',-1250,0,0,NULL,NULL,0,0,'0000-00-00',0,'','','',NULL),(168,17,5,'2017-10-06','1021','',1250,0,0,NULL,NULL,0,0,'0000-00-00',0,'','','',NULL),(169,17,5,'2017-10-06','5014','',-400,0,0,NULL,NULL,0,0,'0000-00-00',0,'','','',NULL),(170,17,5,'2017-10-06','1021','',400,0,0,NULL,NULL,0,0,'0000-00-00',0,'','','',NULL),(171,17,5,'2017-10-06','5014','',-600,0,0,NULL,NULL,0,0,'0000-00-00',0,'','','',NULL),(172,17,5,'2017-10-06','1021','',600,0,0,NULL,NULL,0,0,'0000-00-00',0,'','','',NULL),(173,17,6,'2017-10-06','5014','',-2250,0,0,NULL,NULL,0,0,'0000-00-00',0,'','','',NULL),(174,17,6,'2017-10-06','1021','',2250,0,0,NULL,NULL,0,0,'0000-00-00',0,'','','',NULL),(175,17,6,'2017-10-06','5014','',-1750,0,0,NULL,NULL,0,0,'0000-00-00',0,'','','',NULL),(176,17,6,'2017-10-06','1021','',1750,0,0,NULL,NULL,0,0,'0000-00-00',0,'','','',NULL),(177,17,6,'2017-10-06','5014','',-50,0,0,NULL,NULL,0,0,'0000-00-00',0,'','','',NULL),(178,17,6,'2017-10-06','1021','',50,0,0,NULL,NULL,0,0,'0000-00-00',0,'','','',NULL),(179,17,6,'2017-10-06','5014','',-1600,0,0,NULL,NULL,0,0,'0000-00-00',0,'','','',NULL),(180,17,6,'2017-10-06','1021','',1600,0,0,NULL,NULL,0,0,'0000-00-00',0,'','','',NULL),(181,17,6,'2017-10-06','5014','',-16000,0,0,NULL,NULL,0,0,'0000-00-00',0,'','','',NULL),(182,17,6,'2017-10-06','1021','',16000,0,0,NULL,NULL,0,0,'0000-00-00',0,'','','',NULL),(183,17,6,'2017-10-06','5014','',-12600,0,0,NULL,NULL,0,0,'0000-00-00',0,'','','',NULL),(184,17,6,'2017-10-06','1021','',12600,0,0,NULL,NULL,0,0,'0000-00-00',0,'','','',NULL),(185,17,6,'2017-10-06','5014','',-750,0,0,NULL,NULL,0,0,'0000-00-00',0,'','','',NULL),(186,17,6,'2017-10-06','1021','',750,0,0,NULL,NULL,0,0,'0000-00-00',0,'','','',NULL),(187,17,6,'2017-10-06','5014','',-1575,0,0,NULL,NULL,0,0,'0000-00-00',0,'','','',NULL),(188,17,6,'2017-10-06','1021','',1575,0,0,NULL,NULL,0,0,'0000-00-00',0,'','','',NULL),(189,17,6,'2017-10-06','5014','',-500,0,0,NULL,NULL,0,0,'0000-00-00',0,'','','',NULL),(190,17,6,'2017-10-06','1021','',500,0,0,NULL,NULL,0,0,'0000-00-00',0,'','','',NULL),(191,17,6,'2017-10-06','5014','',-1000,0,0,NULL,NULL,0,0,'0000-00-00',0,'','','',NULL),(192,17,6,'2017-10-06','1021','',1000,0,0,NULL,NULL,0,0,'0000-00-00',0,'','','',NULL),(193,17,6,'2017-10-06','5014','',-1000,0,0,NULL,NULL,0,0,'0000-00-00',0,'','','',NULL),(194,17,6,'2017-10-06','1021','',1000,0,0,NULL,NULL,0,0,'0000-00-00',0,'','','',NULL),(195,17,6,'2017-10-06','5014','',-2000,0,0,NULL,NULL,0,0,'0000-00-00',0,'','','',NULL),(196,17,6,'2017-10-06','1021','',2000,0,0,NULL,NULL,0,0,'0000-00-00',0,'','','',NULL),(197,17,6,'2017-10-06','5014','',-492,0,0,NULL,NULL,0,0,'0000-00-00',0,'','','',NULL),(198,17,6,'2017-10-06','1021','',492,0,0,NULL,NULL,0,0,'0000-00-00',0,'','','',NULL),(199,17,6,'2017-10-06','5014','',-654,0,0,NULL,NULL,0,0,'0000-00-00',0,'','','',NULL),(200,17,6,'2017-10-06','1021','',654,0,0,NULL,NULL,0,0,'0000-00-00',0,'','','',NULL),(201,17,7,'2017-10-06','5014','',-300,0,0,NULL,NULL,0,0,'0000-00-00',0,'','','',NULL),(202,17,7,'2017-10-06','1021','',300,0,0,NULL,NULL,0,0,'0000-00-00',0,'','','',NULL),(203,17,7,'2017-10-06','5014','',-500,0,0,NULL,NULL,0,0,'0000-00-00',0,'','','',NULL),(204,17,7,'2017-10-06','1021','',500,0,0,NULL,NULL,0,0,'0000-00-00',0,'','','',NULL),(205,17,7,'2017-10-06','5014','',-4500,0,0,NULL,NULL,0,0,'0000-00-00',0,'','','',NULL),(206,17,7,'2017-10-06','1021','',4500,0,0,NULL,NULL,0,0,'0000-00-00',0,'','','',NULL),(207,17,7,'2017-10-06','5014','',-2500,0,0,NULL,NULL,0,0,'0000-00-00',0,'','','',NULL),(208,17,7,'2017-10-06','1021','',2500,0,0,NULL,NULL,0,0,'0000-00-00',0,'','','',NULL),(209,17,7,'2017-10-06','5014','',-500,0,0,NULL,NULL,0,0,'0000-00-00',0,'','','',NULL),(210,17,7,'2017-10-06','1021','',500,0,0,NULL,NULL,0,0,'0000-00-00',0,'','','',NULL),(211,17,7,'2017-10-06','5014','',-267,0,0,NULL,NULL,0,0,'0000-00-00',0,'','','',NULL),(212,17,7,'2017-10-06','1021','',267,0,0,NULL,NULL,0,0,'0000-00-00',0,'','','',NULL),(213,17,7,'2017-10-06','5014','',-450,0,0,NULL,NULL,0,0,'0000-00-00',0,'','','',NULL),(214,17,7,'2017-10-06','1021','',450,0,0,NULL,NULL,0,0,'0000-00-00',0,'','','',NULL),(215,17,7,'2017-10-06','5014','',-125,0,0,NULL,NULL,0,0,'0000-00-00',0,'','','',NULL),(216,17,7,'2017-10-06','1021','',125,0,0,NULL,NULL,0,0,'0000-00-00',0,'','','',NULL),(217,17,7,'2017-10-06','5014','',-1400,0,0,NULL,NULL,0,0,'0000-00-00',0,'','','',NULL),(218,17,7,'2017-10-06','1021','',1400,0,0,NULL,NULL,0,0,'0000-00-00',0,'','','',NULL),(219,17,7,'2017-10-06','5014','',-700,0,0,NULL,NULL,0,0,'0000-00-00',0,'','','',NULL),(220,17,7,'2017-10-06','1021','',700,0,0,NULL,NULL,0,0,'0000-00-00',0,'','','',NULL),(221,17,7,'2017-10-06','5014','',-540,0,0,NULL,NULL,0,0,'0000-00-00',0,'','','',NULL),(222,17,7,'2017-10-06','1021','',540,0,0,NULL,NULL,0,0,'0000-00-00',0,'','','',NULL),(223,17,7,'2017-10-06','5014','',-1560,0,0,NULL,NULL,0,0,'0000-00-00',0,'','','',NULL),(224,17,7,'2017-10-06','1021','',1560,0,0,NULL,NULL,0,0,'0000-00-00',0,'','','',NULL),(225,17,7,'2017-10-06','5014','',-1170,0,0,NULL,NULL,0,0,'0000-00-00',0,'','','',NULL),(226,17,7,'2017-10-06','1021','',1170,0,0,NULL,NULL,0,0,'0000-00-00',0,'','','',NULL),(227,20,1,'2017-10-05','2011','',-36979,0,0,3,'1',0,0,'0000-00-00',0,'','','',NULL),(228,20,1,'2017-10-05','3012','',36979,0,0,NULL,NULL,0,0,'0000-00-00',0,'','','',NULL),(229,17,8,'2017-10-07','5014','',-9000,0,0,NULL,NULL,0,0,'0000-00-00',0,'','','',NULL),(230,17,8,'2017-10-07','1021','',9000,0,0,NULL,NULL,0,0,'0000-00-00',0,'','','',NULL),(231,17,8,'2017-10-07','5014','',-7200,0,0,NULL,NULL,0,0,'0000-00-00',0,'','','',NULL),(232,17,8,'2017-10-07','1021','',7200,0,0,NULL,NULL,0,0,'0000-00-00',0,'','','',NULL),(233,17,8,'2017-10-07','5014','',-9000,0,0,NULL,NULL,0,0,'0000-00-00',0,'','','',NULL),(234,17,8,'2017-10-07','1021','',9000,0,0,NULL,NULL,0,0,'0000-00-00',0,'','','',NULL),(235,17,8,'2017-10-07','5014','',-9000,0,0,NULL,NULL,0,0,'0000-00-00',0,'','','',NULL),(236,17,8,'2017-10-07','1021','',9000,0,0,NULL,NULL,0,0,'0000-00-00',0,'','','',NULL),(237,17,8,'2017-10-07','5014','',-3600,0,0,NULL,NULL,0,0,'0000-00-00',0,'','','',NULL),(238,17,8,'2017-10-07','1021','',3600,0,0,NULL,NULL,0,0,'0000-00-00',0,'','','',NULL),(239,17,8,'2017-10-07','5014','',-5400,0,0,NULL,NULL,0,0,'0000-00-00',0,'','','',NULL),(240,17,8,'2017-10-07','1021','',5400,0,0,NULL,NULL,0,0,'0000-00-00',0,'','','',NULL),(241,17,8,'2017-10-07','5014','',-9000,0,0,NULL,NULL,0,0,'0000-00-00',0,'','','',NULL),(242,17,8,'2017-10-07','1021','',9000,0,0,NULL,NULL,0,0,'0000-00-00',0,'','','',NULL),(243,17,8,'2017-10-07','5014','',-3600,0,0,NULL,NULL,0,0,'0000-00-00',0,'','','',NULL),(244,17,8,'2017-10-07','1021','',3600,0,0,NULL,NULL,0,0,'0000-00-00',0,'','','',NULL),(245,17,8,'2017-10-07','5014','',-5400,0,0,NULL,NULL,0,0,'0000-00-00',0,'','','',NULL),(246,17,8,'2017-10-07','1021','',5400,0,0,NULL,NULL,0,0,'0000-00-00',0,'','','',NULL),(247,17,8,'2017-10-07','5014','',-3600,0,0,NULL,NULL,0,0,'0000-00-00',0,'','','',NULL),(248,17,8,'2017-10-07','1021','',3600,0,0,NULL,NULL,0,0,'0000-00-00',0,'','','',NULL),(249,17,8,'2017-10-07','5014','',-5400,0,0,NULL,NULL,0,0,'0000-00-00',0,'','','',NULL),(250,17,8,'2017-10-07','1021','',5400,0,0,NULL,NULL,0,0,'0000-00-00',0,'','','',NULL),(251,17,8,'2017-10-07','5014','',-3600,0,0,NULL,NULL,0,0,'0000-00-00',0,'','','',NULL),(252,17,8,'2017-10-07','1021','',3600,0,0,NULL,NULL,0,0,'0000-00-00',0,'','','',NULL),(253,17,8,'2017-10-07','5014','',-3600,0,0,NULL,NULL,0,0,'0000-00-00',0,'','','',NULL),(254,17,8,'2017-10-07','1021','',3600,0,0,NULL,NULL,0,0,'0000-00-00',0,'','','',NULL),(255,17,8,'2017-10-07','5014','',-3600,0,0,NULL,NULL,0,0,'0000-00-00',0,'','','',NULL),(256,17,8,'2017-10-07','1021','',3600,0,0,NULL,NULL,0,0,'0000-00-00',0,'','','',NULL),(257,17,8,'2017-10-07','5014','',-9000,0,0,NULL,NULL,0,0,'0000-00-00',0,'','','',NULL),(258,17,8,'2017-10-07','1021','',9000,0,0,NULL,NULL,0,0,'0000-00-00',0,'','','',NULL),(259,17,8,'2017-10-07','5014','',-1800,0,0,NULL,NULL,0,0,'0000-00-00',0,'','','',NULL),(260,17,8,'2017-10-07','1021','',1800,0,0,NULL,NULL,0,0,'0000-00-00',0,'','','',NULL),(261,17,8,'2017-10-07','5014','',-1500,0,0,NULL,NULL,0,0,'0000-00-00',0,'','','',NULL),(262,17,8,'2017-10-07','1021','',1500,0,0,NULL,NULL,0,0,'0000-00-00',0,'','','',NULL),(263,17,8,'2017-10-07','5014','',-3000,0,0,NULL,NULL,0,0,'0000-00-00',0,'','','',NULL),(264,17,8,'2017-10-07','1021','',3000,0,0,NULL,NULL,0,0,'0000-00-00',0,'','','',NULL),(265,17,8,'2017-10-07','5014','',-3000,0,0,NULL,NULL,0,0,'0000-00-00',0,'','','',NULL),(266,17,8,'2017-10-07','1021','',3000,0,0,NULL,NULL,0,0,'0000-00-00',0,'','','',NULL),(267,17,8,'2017-10-07','5014','',-1690,0,0,NULL,NULL,0,0,'0000-00-00',0,'','','',NULL),(268,17,8,'2017-10-07','1021','',1690,0,0,NULL,NULL,0,0,'0000-00-00',0,'','','',NULL),(269,17,8,'2017-10-07','5014','',-1000,0,0,NULL,NULL,0,0,'0000-00-00',0,'','','',NULL),(270,17,8,'2017-10-07','1021','',1000,0,0,NULL,NULL,0,0,'0000-00-00',0,'','','',NULL),(271,17,9,'2017-10-07','5014','',-2400,0,0,NULL,NULL,0,0,'0000-00-00',0,'','','',NULL),(272,17,9,'2017-10-07','1021','',2400,0,0,NULL,NULL,0,0,'0000-00-00',0,'','','',NULL),(273,17,9,'2017-10-07','5014','',-400,0,0,NULL,NULL,0,0,'0000-00-00',0,'','','',NULL),(274,17,9,'2017-10-07','1021','',400,0,0,NULL,NULL,0,0,'0000-00-00',0,'','','',NULL),(275,17,9,'2017-10-07','5014','',-600,0,0,NULL,NULL,0,0,'0000-00-00',0,'','','',NULL),(276,17,9,'2017-10-07','1021','',600,0,0,NULL,NULL,0,0,'0000-00-00',0,'','','',NULL),(277,17,9,'2017-10-07','5014','',-900,0,0,NULL,NULL,0,0,'0000-00-00',0,'','','',NULL),(278,17,9,'2017-10-07','1021','',900,0,0,NULL,NULL,0,0,'0000-00-00',0,'','','',NULL),(279,17,9,'2017-10-07','5014','',-600,0,0,NULL,NULL,0,0,'0000-00-00',0,'','','',NULL),(280,17,9,'2017-10-07','1021','',600,0,0,NULL,NULL,0,0,'0000-00-00',0,'','','',NULL),(281,17,9,'2017-10-07','5014','',-900,0,0,NULL,NULL,0,0,'0000-00-00',0,'','','',NULL),(282,17,9,'2017-10-07','1021','',900,0,0,NULL,NULL,0,0,'0000-00-00',0,'','','',NULL),(283,17,9,'2017-10-07','5014','',-1200,0,0,NULL,NULL,0,0,'0000-00-00',0,'','','',NULL),(284,17,9,'2017-10-07','1021','',1200,0,0,NULL,NULL,0,0,'0000-00-00',0,'','','',NULL),(285,17,9,'2017-10-07','5014','',-10000,0,0,NULL,NULL,0,0,'0000-00-00',0,'','','',NULL),(286,17,9,'2017-10-07','1021','',10000,0,0,NULL,NULL,0,0,'0000-00-00',0,'','','',NULL),(287,17,9,'2017-10-07','5014','',-15000,0,0,NULL,NULL,0,0,'0000-00-00',0,'','','',NULL),(288,17,9,'2017-10-07','1021','',15000,0,0,NULL,NULL,0,0,'0000-00-00',0,'','','',NULL),(289,17,9,'2017-10-07','5014','',-980,0,0,NULL,NULL,0,0,'0000-00-00',0,'','','',NULL),(290,17,9,'2017-10-07','1021','',980,0,0,NULL,NULL,0,0,'0000-00-00',0,'','','',NULL),(291,17,9,'2017-10-07','5014','',-900,0,0,NULL,NULL,0,0,'0000-00-00',0,'','','',NULL),(292,17,9,'2017-10-07','1021','',900,0,0,NULL,NULL,0,0,'0000-00-00',0,'','','',NULL),(293,17,9,'2017-10-07','5014','',-800,0,0,NULL,NULL,0,0,'0000-00-00',0,'','','',NULL),(294,17,9,'2017-10-07','1021','',800,0,0,NULL,NULL,0,0,'0000-00-00',0,'','','',NULL),(295,17,9,'2017-10-07','5014','',-2000,0,0,NULL,NULL,0,0,'0000-00-00',0,'','','',NULL),(296,17,9,'2017-10-07','1021','',2000,0,0,NULL,NULL,0,0,'0000-00-00',0,'','','',NULL),(297,17,9,'2017-10-07','5014','',-600,0,0,NULL,NULL,0,0,'0000-00-00',0,'','','',NULL),(298,17,9,'2017-10-07','1021','',600,0,0,NULL,NULL,0,0,'0000-00-00',0,'','','',NULL),(299,17,9,'2017-10-07','5014','',-600,0,0,NULL,NULL,0,0,'0000-00-00',0,'','','',NULL),(300,17,9,'2017-10-07','1021','',600,0,0,NULL,NULL,0,0,'0000-00-00',0,'','','',NULL),(301,17,9,'2017-10-07','5014','',-2000,0,0,NULL,NULL,0,0,'0000-00-00',0,'','','',NULL),(302,17,9,'2017-10-07','1021','',2000,0,0,NULL,NULL,0,0,'0000-00-00',0,'','','',NULL),(303,17,9,'2017-10-07','5014','',-3000,0,0,NULL,NULL,0,0,'0000-00-00',0,'','','',NULL),(304,17,9,'2017-10-07','1021','',3000,0,0,NULL,NULL,0,0,'0000-00-00',0,'','','',NULL),(305,17,9,'2017-10-07','5014','',-4000,0,0,NULL,NULL,0,0,'0000-00-00',0,'','','',NULL),(306,17,9,'2017-10-07','1021','',4000,0,0,NULL,NULL,0,0,'0000-00-00',0,'','','',NULL),(307,17,9,'2017-10-07','5014','',-400,0,0,NULL,NULL,0,0,'0000-00-00',0,'','','',NULL),(308,17,9,'2017-10-07','1021','',400,0,0,NULL,NULL,0,0,'0000-00-00',0,'','','',NULL),(309,17,9,'2017-10-07','5014','',-5600,0,0,NULL,NULL,0,0,'0000-00-00',0,'','','',NULL),(310,17,9,'2017-10-07','1021','',5600,0,0,NULL,NULL,0,0,'0000-00-00',0,'','','',NULL),(311,17,9,'2017-10-07','5014','',-120,0,0,NULL,NULL,0,0,'0000-00-00',0,'','','',NULL),(312,17,9,'2017-10-07','1021','',120,0,0,NULL,NULL,0,0,'0000-00-00',0,'','','',NULL),(313,17,9,'2017-10-07','5014','',-1800,0,0,NULL,NULL,0,0,'0000-00-00',0,'','','',NULL),(314,17,9,'2017-10-07','1021','',1800,0,0,NULL,NULL,0,0,'0000-00-00',0,'','','',NULL),(315,17,9,'2017-10-07','5014','',-4680,0,0,NULL,NULL,0,0,'0000-00-00',0,'','','',NULL),(316,17,9,'2017-10-07','1021','',4680,0,0,NULL,NULL,0,0,'0000-00-00',0,'','','',NULL),(317,17,10,'2017-10-07','5014','',-600,0,0,NULL,NULL,0,0,'0000-00-00',0,'','','',NULL),(318,17,10,'2017-10-07','1021','',600,0,0,NULL,NULL,0,0,'0000-00-00',0,'','','',NULL),(319,17,10,'2017-10-07','5014','',-300,0,0,NULL,NULL,0,0,'0000-00-00',0,'','','',NULL),(320,17,10,'2017-10-07','1021','',300,0,0,NULL,NULL,0,0,'0000-00-00',0,'','','',NULL),(321,17,10,'2017-10-07','5014','',-1050,0,0,NULL,NULL,0,0,'0000-00-00',0,'','','',NULL),(322,17,10,'2017-10-07','1021','',1050,0,0,NULL,NULL,0,0,'0000-00-00',0,'','','',NULL),(323,17,10,'2017-10-07','5014','',-600,0,0,NULL,NULL,0,0,'0000-00-00',0,'','','',NULL),(324,17,10,'2017-10-07','1021','',600,0,0,NULL,NULL,0,0,'0000-00-00',0,'','','',NULL),(325,17,10,'2017-10-07','5014','',-200,0,0,NULL,NULL,0,0,'0000-00-00',0,'','','',NULL),(326,17,10,'2017-10-07','1021','',200,0,0,NULL,NULL,0,0,'0000-00-00',0,'','','',NULL),(327,17,10,'2017-10-07','5014','',-120,0,0,NULL,NULL,0,0,'0000-00-00',0,'','','',NULL),(328,17,10,'2017-10-07','1021','',120,0,0,NULL,NULL,0,0,'0000-00-00',0,'','','',NULL),(329,17,10,'2017-10-07','5014','',-1200,0,0,NULL,NULL,0,0,'0000-00-00',0,'','','',NULL),(330,17,10,'2017-10-07','1021','',1200,0,0,NULL,NULL,0,0,'0000-00-00',0,'','','',NULL),(331,17,10,'2017-10-07','5014','',-3000,0,0,NULL,NULL,0,0,'0000-00-00',0,'','','',NULL),(332,17,10,'2017-10-07','1021','',3000,0,0,NULL,NULL,0,0,'0000-00-00',0,'','','',NULL),(333,17,10,'2017-10-07','5014','',-100,0,0,NULL,NULL,0,0,'0000-00-00',0,'','','',NULL),(334,17,10,'2017-10-07','1021','',100,0,0,NULL,NULL,0,0,'0000-00-00',0,'','','',NULL),(335,17,10,'2017-10-07','5014','',-600,0,0,NULL,NULL,0,0,'0000-00-00',0,'','','',NULL),(336,17,10,'2017-10-07','1021','',600,0,0,NULL,NULL,0,0,'0000-00-00',0,'','','',NULL),(337,17,10,'2017-10-07','5014','',-1750,0,0,NULL,NULL,0,0,'0000-00-00',0,'','','',NULL),(338,17,10,'2017-10-07','1021','',1750,0,0,NULL,NULL,0,0,'0000-00-00',0,'','','',NULL),(339,17,10,'2017-10-07','5014','',-1050,0,0,NULL,NULL,0,0,'0000-00-00',0,'','','',NULL),(340,17,10,'2017-10-07','1021','',1050,0,0,NULL,NULL,0,0,'0000-00-00',0,'','','',NULL),(341,17,10,'2017-10-07','5014','',-500,0,0,NULL,NULL,0,0,'0000-00-00',0,'','','',NULL),(342,17,10,'2017-10-07','1021','',500,0,0,NULL,NULL,0,0,'0000-00-00',0,'','','',NULL),(343,17,10,'2017-10-07','5014','',-2250,0,0,NULL,NULL,0,0,'0000-00-00',0,'','','',NULL),(344,17,10,'2017-10-07','1021','',2250,0,0,NULL,NULL,0,0,'0000-00-00',0,'','','',NULL),(345,17,10,'2017-10-07','5014','',-400,0,0,NULL,NULL,0,0,'0000-00-00',0,'','','',NULL),(346,17,10,'2017-10-07','1021','',400,0,0,NULL,NULL,0,0,'0000-00-00',0,'','','',NULL),(347,17,10,'2017-10-07','5014','',-2500,0,0,NULL,NULL,0,0,'0000-00-00',0,'','','',NULL),(348,17,10,'2017-10-07','1021','',2500,0,0,NULL,NULL,0,0,'0000-00-00',0,'','','',NULL),(349,17,10,'2017-10-07','5014','',-300,0,0,NULL,NULL,0,0,'0000-00-00',0,'','','',NULL),(350,17,10,'2017-10-07','1021','',300,0,0,NULL,NULL,0,0,'0000-00-00',0,'','','',NULL),(351,17,10,'2017-10-07','5014','',-600,0,0,NULL,NULL,0,0,'0000-00-00',0,'','','',NULL),(352,17,10,'2017-10-07','1021','',600,0,0,NULL,NULL,0,0,'0000-00-00',0,'','','',NULL),(353,17,10,'2017-10-07','5014','',-3000,0,0,NULL,NULL,0,0,'0000-00-00',0,'','','',NULL),(354,17,10,'2017-10-07','1021','',3000,0,0,NULL,NULL,0,0,'0000-00-00',0,'','','',NULL),(355,17,10,'2017-10-07','5014','',-3600,0,0,NULL,NULL,0,0,'0000-00-00',0,'','','',NULL),(356,17,10,'2017-10-07','1021','',3600,0,0,NULL,NULL,0,0,'0000-00-00',0,'','','',NULL),(357,17,10,'2017-10-07','5014','',-500,0,0,NULL,NULL,0,0,'0000-00-00',0,'','','',NULL),(358,17,10,'2017-10-07','1021','',500,0,0,NULL,NULL,0,0,'0000-00-00',0,'','','',NULL),(359,17,10,'2017-10-07','5014','',-270,0,0,NULL,NULL,0,0,'0000-00-00',0,'','','',NULL),(360,17,10,'2017-10-07','1021','',270,0,0,NULL,NULL,0,0,'0000-00-00',0,'','','',NULL),(361,17,10,'2017-10-07','5014','',-400,0,0,NULL,NULL,0,0,'0000-00-00',0,'','','',NULL),(362,17,10,'2017-10-07','1021','',400,0,0,NULL,NULL,0,0,'0000-00-00',0,'','','',NULL),(363,17,10,'2017-10-07','5014','',-25,0,0,NULL,NULL,0,0,'0000-00-00',0,'','','',NULL),(364,17,10,'2017-10-07','1021','',25,0,0,NULL,NULL,0,0,'0000-00-00',0,'','','',NULL),(365,17,10,'2017-10-07','5014','',-4000,0,0,NULL,NULL,0,0,'0000-00-00',0,'','','',NULL),(366,17,10,'2017-10-07','1021','',4000,0,0,NULL,NULL,0,0,'0000-00-00',0,'','','',NULL),(367,17,10,'2017-10-07','5014','',-212.5,0,0,NULL,NULL,0,0,'0000-00-00',0,'','','',NULL),(368,17,10,'2017-10-07','1021','',212.5,0,0,NULL,NULL,0,0,'0000-00-00',0,'','','',NULL),(369,17,10,'2017-10-07','5014','',-1920,0,0,NULL,NULL,0,0,'0000-00-00',0,'','','',NULL),(370,17,10,'2017-10-07','1021','',1920,0,0,NULL,NULL,0,0,'0000-00-00',0,'','','',NULL),(371,17,10,'2017-10-07','5014','',-300,0,0,NULL,NULL,0,0,'0000-00-00',0,'','','',NULL),(372,17,10,'2017-10-07','1021','',300,0,0,NULL,NULL,0,0,'0000-00-00',0,'','','',NULL),(373,17,10,'2017-10-07','5014','',-1508,0,0,NULL,NULL,0,0,'0000-00-00',0,'','','',NULL),(374,17,10,'2017-10-07','1021','',1508,0,0,NULL,NULL,0,0,'0000-00-00',0,'','','',NULL),(375,17,10,'2017-10-07','5014','',-800,0,0,NULL,NULL,0,0,'0000-00-00',0,'','','',NULL),(376,17,10,'2017-10-07','1021','',800,0,0,NULL,NULL,0,0,'0000-00-00',0,'','','',NULL),(377,17,11,'2017-10-07','5014','',-800,0,0,NULL,NULL,0,0,'0000-00-00',0,'','','',NULL),(378,17,11,'2017-10-07','1021','',800,0,0,NULL,NULL,0,0,'0000-00-00',0,'','','',NULL),(379,17,11,'2017-10-07','5014','',-1000,0,0,NULL,NULL,0,0,'0000-00-00',0,'','','',NULL),(380,17,11,'2017-10-07','1021','',1000,0,0,NULL,NULL,0,0,'0000-00-00',0,'','','',NULL),(381,17,11,'2017-10-07','5014','',-680,0,0,NULL,NULL,0,0,'0000-00-00',0,'','','',NULL),(382,17,11,'2017-10-07','1021','',680,0,0,NULL,NULL,0,0,'0000-00-00',0,'','','',NULL),(383,17,11,'2017-10-07','5014','',-750,0,0,NULL,NULL,0,0,'0000-00-00',0,'','','',NULL),(384,17,11,'2017-10-07','1021','',750,0,0,NULL,NULL,0,0,'0000-00-00',0,'','','',NULL),(385,17,11,'2017-10-07','5014','',-1000,0,0,NULL,NULL,0,0,'0000-00-00',0,'','','',NULL),(386,17,11,'2017-10-07','1021','',1000,0,0,NULL,NULL,0,0,'0000-00-00',0,'','','',NULL),(387,17,11,'2017-10-07','5014','',-250,0,0,NULL,NULL,0,0,'0000-00-00',0,'','','',NULL),(388,17,11,'2017-10-07','1021','',250,0,0,NULL,NULL,0,0,'0000-00-00',0,'','','',NULL),(389,17,12,'2017-10-07','5014','',-10200,0,0,NULL,NULL,0,0,'0000-00-00',0,'','','',NULL),(390,17,12,'2017-10-07','1021','',10200,0,0,NULL,NULL,0,0,'0000-00-00',0,'','','',NULL),(391,17,12,'2017-10-07','5014','',-26400,0,0,NULL,NULL,0,0,'0000-00-00',0,'','','',NULL),(392,17,12,'2017-10-07','1021','',26400,0,0,NULL,NULL,0,0,'0000-00-00',0,'','','',NULL),(393,17,12,'2017-10-07','5014','',-1625,0,0,NULL,NULL,0,0,'0000-00-00',0,'','','',NULL),(394,17,12,'2017-10-07','1021','',1625,0,0,NULL,NULL,0,0,'0000-00-00',0,'','','',NULL),(395,17,12,'2017-10-07','5014','',-500,0,0,NULL,NULL,0,0,'0000-00-00',0,'','','',NULL),(396,17,12,'2017-10-07','1021','',500,0,0,NULL,NULL,0,0,'0000-00-00',0,'','','',NULL),(397,17,12,'2017-10-07','5014','',-1200,0,0,NULL,NULL,0,0,'0000-00-00',0,'','','',NULL),(398,17,12,'2017-10-07','1021','',1200,0,0,NULL,NULL,0,0,'0000-00-00',0,'','','',NULL),(399,20,2,'2017-10-05','2011','',0,0,0,3,'16',0,0,'0000-00-00',0,'','','',NULL),(400,20,2,'2017-10-05','3012','',0,0,0,NULL,NULL,0,0,'0000-00-00',0,'','','',NULL),(401,20,3,'2017-10-05','2011','',-22652,0,0,3,'17',0,0,'0000-00-00',0,'','','',NULL),(402,20,3,'2017-10-05','3012','',22652,0,0,NULL,NULL,0,0,'0000-00-00',0,'','','',NULL),(403,20,4,'2017-10-05','2014','',0,0,0,NULL,NULL,0,0,'0000-00-00',0,'','','',NULL),(404,20,4,'2017-10-05','2011','',0,0,0,3,'7',0,0,'0000-00-00',0,'','','',NULL),(405,20,4,'2017-10-05','3012','',0,0,0,NULL,NULL,0,0,'0000-00-00',0,'','','',NULL),(406,20,5,'2017-10-05','2014','',0,0,0,NULL,NULL,0,0,'0000-00-00',0,'','','',NULL),(407,20,5,'2017-10-05','2011','',0,0,0,3,'14',0,0,'0000-00-00',0,'','','',NULL),(408,20,5,'2017-10-05','3012','',0,0,0,NULL,NULL,0,0,'0000-00-00',0,'','','',NULL),(409,20,6,'2017-10-05','2011','',-73218,0,0,3,'3',0,0,'0000-00-00',0,'','','',NULL),(410,20,6,'2017-10-05','3012','',73218,0,0,NULL,NULL,0,0,'0000-00-00',0,'','','',NULL),(411,20,7,'2017-10-05','2011','',-33851,0,0,3,'2',0,0,'0000-00-00',0,'','','',NULL),(412,20,7,'2017-10-05','3012','',33851,0,0,NULL,NULL,0,0,'0000-00-00',0,'','','',NULL),(413,20,8,'2017-10-05','2011','',-95000,0,0,3,'6',0,0,'0000-00-00',0,'','','',NULL),(414,20,8,'2017-10-05','3012','',95000,0,0,NULL,NULL,0,0,'0000-00-00',0,'','','',NULL),(415,20,9,'2017-10-05','2011','',-10800,0,0,3,'18',0,0,'0000-00-00',0,'','','',NULL),(416,20,9,'2017-10-05','3012','',10800,0,0,NULL,NULL,0,0,'0000-00-00',0,'','','',NULL),(417,20,10,'2017-10-05','2011','',-43156,0,0,3,'8',0,0,'0000-00-00',0,'','','',NULL),(418,20,10,'2017-10-05','3012','',43156,0,0,NULL,NULL,0,0,'0000-00-00',0,'','','',NULL),(419,20,11,'2017-10-05','2011','',-855,0,0,3,'19',0,0,'0000-00-00',0,'','','',NULL),(420,20,11,'2017-10-05','3012','',855,0,0,NULL,NULL,0,0,'0000-00-00',0,'','','',NULL),(421,20,12,'2017-10-05','2014','',0,0,0,NULL,NULL,0,0,'0000-00-00',0,'','','',NULL),(422,20,12,'2017-10-05','2011','',0,0,0,3,'15',0,0,'0000-00-00',0,'','','',NULL),(423,20,12,'2017-10-05','3012','',0,0,0,NULL,NULL,0,0,'0000-00-00',0,'','','',NULL),(424,20,13,'2017-10-06','2014','',0,0,0,NULL,NULL,0,0,'0000-00-00',0,'','','',NULL),(425,20,13,'2017-10-06','2011','',-5190,0,0,3,'15',0,0,'0000-00-00',0,'','','',NULL),(426,20,13,'2017-10-06','1021','',960,0,0,NULL,NULL,0,0,'0000-00-00',0,'','','',NULL),(427,20,13,'2017-10-06','1021','',2280,0,0,NULL,NULL,0,0,'0000-00-00',0,'','','',NULL),(428,20,13,'2017-10-06','1021','',330,0,0,NULL,NULL,0,0,'0000-00-00',0,'','','',NULL),(429,20,13,'2017-10-06','1021','',670,0,0,NULL,NULL,0,0,'0000-00-00',0,'','','',NULL),(430,20,13,'2017-10-06','1021','',30,0,0,NULL,NULL,0,0,'0000-00-00',0,'','','',NULL),(431,20,13,'2017-10-06','1021','',920,0,0,NULL,NULL,0,0,'0000-00-00',0,'','','',NULL),(432,20,14,'2017-10-05','2011','',-157188,0,0,3,'16',0,0,'0000-00-00',0,'','','',NULL),(433,20,14,'2017-10-05','3012','',157188,0,0,NULL,NULL,0,0,'0000-00-00',0,'','','',NULL),(434,20,15,'2017-10-05','2011','',-20190,0,0,3,'15',0,0,'0000-00-00',0,'','','',NULL),(435,20,15,'2017-10-05','3012','',20190,0,0,NULL,NULL,0,0,'0000-00-00',0,'','','',NULL),(436,0,1,'2017-10-07','3012','',0,0,0,NULL,NULL,0,0,'0000-00-00',0,'','','',NULL),(437,0,1,'2017-10-07','10123','',0,0,0,NULL,NULL,0,0,'0000-00-00',0,'','','',NULL),(438,0,2,'2017-10-07','3012','',-106320,0,0,NULL,NULL,0,0,'0000-00-00',0,'','','',NULL),(439,0,2,'2017-10-07','10123','',106320,0,0,NULL,NULL,0,0,'0000-00-00',0,'','','',NULL),(440,20,16,'2017-10-07','2014','',0,0,0,NULL,NULL,0,0,'0000-00-00',0,'','','',NULL),(441,20,16,'2017-10-07','2011','',-39720,0,0,3,'14',0,0,'0000-00-00',0,'','','',NULL),(442,20,16,'2017-10-07','3012','',39720,0,0,NULL,NULL,0,0,'0000-00-00',0,'','','',NULL),(443,20,17,'2017-10-07','2014','',0,0,0,NULL,NULL,0,0,'0000-00-00',0,'','','',NULL),(444,20,17,'2017-10-07','2011','',-20944,0,0,3,'7',0,0,'0000-00-00',0,'','','',NULL),(445,20,17,'2017-10-07','3012','',20944,0,0,NULL,NULL,0,0,'0000-00-00',0,'','','',NULL),(446,0,3,'2017-10-07','4026','',-130495,0,0,NULL,NULL,0,0,'0000-00-00',0,'','','',NULL),(447,0,3,'2017-10-07','10111','',83265,0,0,NULL,NULL,0,0,'0000-00-00',0,'','','',NULL),(448,0,3,'2017-10-07','10123','',47230,0,0,NULL,NULL,0,0,'0000-00-00',0,'','','',NULL),(449,0,4,'2017-10-07','4026','SALES 04/10/2017',-110845,0,0,NULL,NULL,0,0,'0000-00-00',0,'','','',NULL),(450,0,4,'2017-10-07','10111','SALES 04/10/2017',80926,0,0,NULL,NULL,0,0,'0000-00-00',0,'','','',NULL),(451,0,4,'2017-10-07','10123','SALES 04/10/2017',29919,0,0,NULL,NULL,0,0,'0000-00-00',0,'','','',NULL),(452,0,5,'2017-10-07','4026','SALES 05/10/2017 CASH EXCESS 3287',-140129,0,0,NULL,NULL,0,0,'0000-00-00',0,'','','',NULL),(453,0,5,'2017-10-07','10111','SALES 05/10/2017 CASH EXCESS 3287',85663,0,0,NULL,NULL,0,0,'0000-00-00',0,'','','',NULL),(454,0,5,'2017-10-07','10123','SALES 05/10/2017 CASH EXCESS 3287',54466,0,0,NULL,NULL,0,0,'0000-00-00',0,'','','',NULL),(455,22,1,'2017-10-07','2011','0',50000,0,0,3,'3',0,0,'2017-10-07',0,'','','',NULL),(456,22,1,'2017-10-07','10123','',-50000,0,0,NULL,NULL,0,0,'2017-10-07',0,'','','',NULL),(457,17,13,'2017-10-07','5014','',-3500,0,0,NULL,NULL,0,0,'0000-00-00',0,'','','',NULL),(458,17,13,'2017-10-07','1021','',3500,0,0,NULL,NULL,0,0,'0000-00-00',0,'','','',NULL),(459,17,13,'2017-10-07','5014','',-1120,0,0,NULL,NULL,0,0,'0000-00-00',0,'','','',NULL),(460,17,13,'2017-10-07','1021','',1120,0,0,NULL,NULL,0,0,'0000-00-00',0,'','','',NULL),(461,17,13,'2017-10-07','5014','',-140,0,0,NULL,NULL,0,0,'0000-00-00',0,'','','',NULL),(462,17,13,'2017-10-07','1021','',140,0,0,NULL,NULL,0,0,'0000-00-00',0,'','','',NULL),(463,17,13,'2017-10-07','5014','',-12000,0,0,NULL,NULL,0,0,'0000-00-00',0,'','','',NULL),(464,17,13,'2017-10-07','1021','',12000,0,0,NULL,NULL,0,0,'0000-00-00',0,'','','',NULL),(465,17,13,'2017-10-07','5014','',-900,0,0,NULL,NULL,0,0,'0000-00-00',0,'','','',NULL),(466,17,13,'2017-10-07','1021','',900,0,0,NULL,NULL,0,0,'0000-00-00',0,'','','',NULL),(467,17,13,'2017-10-07','5014','',-475,0,0,NULL,NULL,0,0,'0000-00-00',0,'','','',NULL),(468,17,13,'2017-10-07','1021','',475,0,0,NULL,NULL,0,0,'0000-00-00',0,'','','',NULL),(469,17,13,'2017-10-07','5014','',-841,0,0,NULL,NULL,0,0,'0000-00-00',0,'','','',NULL),(470,17,13,'2017-10-07','1021','',841,0,0,NULL,NULL,0,0,'0000-00-00',0,'','','',NULL),(471,17,13,'2017-10-07','5014','',-5000,0,0,NULL,NULL,0,0,'0000-00-00',0,'','','',NULL),(472,17,13,'2017-10-07','1021','',5000,0,0,NULL,NULL,0,0,'0000-00-00',0,'','','',NULL),(473,17,13,'2017-10-07','5014','',-1600,0,0,NULL,NULL,0,0,'0000-00-00',0,'','','',NULL),(474,17,13,'2017-10-07','1021','',1600,0,0,NULL,NULL,0,0,'0000-00-00',0,'','','',NULL),(475,17,13,'2017-10-07','5014','',-2904,0,0,NULL,NULL,0,0,'0000-00-00',0,'','','',NULL),(476,17,13,'2017-10-07','1021','',2904,0,0,NULL,NULL,0,0,'0000-00-00',0,'','','',NULL),(477,17,13,'2017-10-07','5014','',-3600,0,0,NULL,NULL,0,0,'0000-00-00',0,'','','',NULL),(478,17,13,'2017-10-07','1021','',3600,0,0,NULL,NULL,0,0,'0000-00-00',0,'','','',NULL),(479,17,13,'2017-10-07','5014','',-1740,0,0,NULL,NULL,0,0,'0000-00-00',0,'','','',NULL),(480,17,13,'2017-10-07','1021','',1740,0,0,NULL,NULL,0,0,'0000-00-00',0,'','','',NULL),(481,17,13,'2017-10-07','5014','',-3960,0,0,NULL,NULL,0,0,'0000-00-00',0,'','','',NULL),(482,17,13,'2017-10-07','1021','',3960,0,0,NULL,NULL,0,0,'0000-00-00',0,'','','',NULL),(483,17,13,'2017-10-07','5014','',-3200,0,0,NULL,NULL,0,0,'0000-00-00',0,'','','',NULL),(484,17,13,'2017-10-07','1021','',3200,0,0,NULL,NULL,0,0,'0000-00-00',0,'','','',NULL),(485,17,13,'2017-10-07','5014','',-13910,0,0,NULL,NULL,0,0,'0000-00-00',0,'','','',NULL),(486,17,13,'2017-10-07','1021','',13910,0,0,NULL,NULL,0,0,'0000-00-00',0,'','','',NULL),(487,17,13,'2017-10-07','5014','',-4000,0,0,NULL,NULL,0,0,'0000-00-00',0,'','','',NULL),(488,17,13,'2017-10-07','1021','',4000,0,0,NULL,NULL,0,0,'0000-00-00',0,'','','',NULL),(489,17,13,'2017-10-07','5014','',-1000,0,0,NULL,NULL,0,0,'0000-00-00',0,'','','',NULL),(490,17,13,'2017-10-07','1021','',1000,0,0,NULL,NULL,0,0,'0000-00-00',0,'','','',NULL),(491,20,18,'2017-10-07','2011','',-13185.4,0,0,3,'15',0,0,'0000-00-00',0,'','','',NULL),(492,20,18,'2017-10-07','1021','',2200.08,0,0,NULL,NULL,0,0,'0000-00-00',0,'','','',NULL),(493,20,18,'2017-10-07','1021','',1120,0,0,NULL,NULL,0,0,'0000-00-00',0,'','','',NULL),(494,20,18,'2017-10-07','1021','',4480.32,0,0,NULL,NULL,0,0,'0000-00-00',0,'','','',NULL),(495,20,18,'2017-10-07','1021','',1700,0,0,NULL,NULL,0,0,'0000-00-00',0,'','','',NULL),(496,20,18,'2017-10-07','1021','',440,0,0,NULL,NULL,0,0,'0000-00-00',0,'','','',NULL),(497,20,18,'2017-10-07','1021','',1440,0,0,NULL,NULL,0,0,'0000-00-00',0,'','','',NULL),(498,20,18,'2017-10-07','1021','',145,0,0,NULL,NULL,0,0,'0000-00-00',0,'','','',NULL),(499,20,18,'2017-10-07','1021','',600,0,0,NULL,NULL,0,0,'0000-00-00',0,'','','',NULL),(500,20,18,'2017-10-07','1021','',620,0,0,NULL,NULL,0,0,'0000-00-00',0,'','','',NULL),(501,20,18,'2017-10-07','1021','',440,0,0,NULL,NULL,0,0,'0000-00-00',0,'','','',NULL),(502,17,14,'2017-10-07','5014','',-540,0,0,NULL,NULL,0,0,'0000-00-00',0,'','','',NULL),(503,17,14,'2017-10-07','1021','',540,0,0,NULL,NULL,0,0,'0000-00-00',0,'','','',NULL),(504,17,14,'2017-10-07','5014','',-1500,0,0,NULL,NULL,0,0,'0000-00-00',0,'','','',NULL),(505,17,14,'2017-10-07','1021','',1500,0,0,NULL,NULL,0,0,'0000-00-00',0,'','','',NULL),(506,17,14,'2017-10-07','5014','',-600,0,0,NULL,NULL,0,0,'0000-00-00',0,'','','',NULL),(507,17,14,'2017-10-07','1021','',600,0,0,NULL,NULL,0,0,'0000-00-00',0,'','','',NULL),(508,17,14,'2017-10-07','5014','',-1320,0,0,NULL,NULL,0,0,'0000-00-00',0,'','','',NULL),(509,17,14,'2017-10-07','1021','',1320,0,0,NULL,NULL,0,0,'0000-00-00',0,'','','',NULL),(510,17,14,'2017-10-07','5014','',-450,0,0,NULL,NULL,0,0,'0000-00-00',0,'','','',NULL),(511,17,14,'2017-10-07','1021','',450,0,0,NULL,NULL,0,0,'0000-00-00',0,'','','',NULL),(512,17,14,'2017-10-07','5014','',-450,0,0,NULL,NULL,0,0,'0000-00-00',0,'','','',NULL),(513,17,14,'2017-10-07','1021','',450,0,0,NULL,NULL,0,0,'0000-00-00',0,'','','',NULL),(514,17,14,'2017-10-07','5014','',-2200,0,0,NULL,NULL,0,0,'0000-00-00',0,'','','',NULL),(515,17,14,'2017-10-07','1021','',2200,0,0,NULL,NULL,0,0,'0000-00-00',0,'','','',NULL),(516,17,14,'2017-10-07','5014','',-360,0,0,NULL,NULL,0,0,'0000-00-00',0,'','','',NULL),(517,17,14,'2017-10-07','1021','',360,0,0,NULL,NULL,0,0,'0000-00-00',0,'','','',NULL),(518,17,14,'2017-10-07','5014','',-1200,0,0,NULL,NULL,0,0,'0000-00-00',0,'','','',NULL),(519,17,14,'2017-10-07','1021','',1200,0,0,NULL,NULL,0,0,'0000-00-00',0,'','','',NULL),(520,17,14,'2017-10-07','5014','',-2000,0,0,NULL,NULL,0,0,'0000-00-00',0,'','','',NULL),(521,17,14,'2017-10-07','1021','',2000,0,0,NULL,NULL,0,0,'0000-00-00',0,'','','',NULL),(522,17,15,'2017-10-07','5014','',-8902.17,0,0,NULL,NULL,0,0,'0000-00-00',0,'','','',NULL),(523,17,15,'2017-10-07','1021','',8902.17,0,0,NULL,NULL,0,0,'0000-00-00',0,'','','',NULL),(524,17,15,'2017-10-07','5014','',-53600,0,0,NULL,NULL,0,0,'0000-00-00',0,'','','',NULL),(525,17,15,'2017-10-07','1021','',53600,0,0,NULL,NULL,0,0,'0000-00-00',0,'','','',NULL),(526,17,15,'2017-10-07','5014','',-51750,0,0,NULL,NULL,0,0,'0000-00-00',0,'','','',NULL),(527,17,15,'2017-10-07','1021','',51750,0,0,NULL,NULL,0,0,'0000-00-00',0,'','','',NULL),(528,17,15,'2017-10-07','5014','',-12800,0,0,NULL,NULL,0,0,'0000-00-00',0,'','','',NULL),(529,17,15,'2017-10-07','1021','',12800,0,0,NULL,NULL,0,0,'0000-00-00',0,'','','',NULL),(530,17,15,'2017-10-07','5014','',-12000,0,0,NULL,NULL,0,0,'0000-00-00',0,'','','',NULL),(531,17,15,'2017-10-07','1021','',12000,0,0,NULL,NULL,0,0,'0000-00-00',0,'','','',NULL),(532,17,15,'2017-10-07','5014','',-900,0,0,NULL,NULL,0,0,'0000-00-00',0,'','','',NULL),(533,17,15,'2017-10-07','1021','',900,0,0,NULL,NULL,0,0,'0000-00-00',0,'','','',NULL),(534,17,15,'2017-10-07','5014','',-33200,0,0,NULL,NULL,0,0,'0000-00-00',0,'','','',NULL),(535,17,15,'2017-10-07','1021','',33200,0,0,NULL,NULL,0,0,'0000-00-00',0,'','','',NULL),(536,17,15,'2017-10-07','5014','',-36000,0,0,NULL,NULL,0,0,'0000-00-00',0,'','','',NULL),(537,17,15,'2017-10-07','1021','',36000,0,0,NULL,NULL,0,0,'0000-00-00',0,'','','',NULL),(538,17,15,'2017-10-07','5014','',-40500,0,0,NULL,NULL,0,0,'0000-00-00',0,'','','',NULL),(539,17,15,'2017-10-07','1021','',40500,0,0,NULL,NULL,0,0,'0000-00-00',0,'','','',NULL),(540,17,15,'2017-10-07','5014','',-52000,0,0,NULL,NULL,0,0,'0000-00-00',0,'','','',NULL),(541,17,15,'2017-10-07','1021','',52000,0,0,NULL,NULL,0,0,'0000-00-00',0,'','','',NULL),(542,17,15,'2017-10-07','5014','',-19200,0,0,NULL,NULL,0,0,'0000-00-00',0,'','','',NULL),(543,17,15,'2017-10-07','1021','',19200,0,0,NULL,NULL,0,0,'0000-00-00',0,'','','',NULL),(544,17,15,'2017-10-07','5014','',-22750,0,0,NULL,NULL,0,0,'0000-00-00',0,'','','',NULL),(545,17,15,'2017-10-07','1021','',22750,0,0,NULL,NULL,0,0,'0000-00-00',0,'','','',NULL),(546,17,15,'2017-10-07','5014','',-2800,0,0,NULL,NULL,0,0,'0000-00-00',0,'','','',NULL),(547,17,15,'2017-10-07','1021','',2800,0,0,NULL,NULL,0,0,'0000-00-00',0,'','','',NULL),(548,17,15,'2017-10-07','5014','',-96800,0,0,NULL,NULL,0,0,'0000-00-00',0,'','','',NULL),(549,17,15,'2017-10-07','1021','',96800,0,0,NULL,NULL,0,0,'0000-00-00',0,'','','',NULL),(550,17,15,'2017-10-07','5014','',-2600,0,0,NULL,NULL,0,0,'0000-00-00',0,'','','',NULL),(551,17,15,'2017-10-07','1021','',2600,0,0,NULL,NULL,0,0,'0000-00-00',0,'','','',NULL),(552,17,15,'2017-10-07','5014','',-120000,0,0,NULL,NULL,0,0,'0000-00-00',0,'','','',NULL),(553,17,15,'2017-10-07','1021','',120000,0,0,NULL,NULL,0,0,'0000-00-00',0,'','','',NULL),(554,17,15,'2017-10-07','5014','',-245000,0,0,NULL,NULL,0,0,'0000-00-00',0,'','','',NULL),(555,17,15,'2017-10-07','1021','',245000,0,0,NULL,NULL,0,0,'0000-00-00',0,'','','',NULL),(556,17,15,'2017-10-07','5014','',-14300,0,0,NULL,NULL,0,0,'0000-00-00',0,'','','',NULL),(557,17,15,'2017-10-07','1021','',14300,0,0,NULL,NULL,0,0,'0000-00-00',0,'','','',NULL),(558,17,16,'2017-10-07','5014','',-81400,0,0,NULL,NULL,0,0,'0000-00-00',0,'','','',NULL),(559,17,16,'2017-10-07','1021','',81400,0,0,NULL,NULL,0,0,'0000-00-00',0,'','','',NULL),(560,17,16,'2017-10-07','5014','',-2300,0,0,NULL,NULL,0,0,'0000-00-00',0,'','','',NULL),(561,17,16,'2017-10-07','1021','',2300,0,0,NULL,NULL,0,0,'0000-00-00',0,'','','',NULL),(562,17,16,'2017-10-07','5014','',-400,0,0,NULL,NULL,0,0,'0000-00-00',0,'','','',NULL),(563,17,16,'2017-10-07','1021','',400,0,0,NULL,NULL,0,0,'0000-00-00',0,'','','',NULL),(564,17,16,'2017-10-07','5014','',-10725,0,0,NULL,NULL,0,0,'0000-00-00',0,'','','',NULL),(565,17,16,'2017-10-07','1021','',10725,0,0,NULL,NULL,0,0,'0000-00-00',0,'','','',NULL),(566,17,16,'2017-10-07','5014','',-1800,0,0,NULL,NULL,0,0,'0000-00-00',0,'','','',NULL),(567,17,16,'2017-10-07','1021','',1800,0,0,NULL,NULL,0,0,'0000-00-00',0,'','','',NULL),(568,17,16,'2017-10-07','5014','',-2500,0,0,NULL,NULL,0,0,'0000-00-00',0,'','','',NULL),(569,17,16,'2017-10-07','1021','',2500,0,0,NULL,NULL,0,0,'0000-00-00',0,'','','',NULL),(570,17,16,'2017-10-07','5014','',-48800,0,0,NULL,NULL,0,0,'0000-00-00',0,'','','',NULL),(571,17,16,'2017-10-07','1021','',48800,0,0,NULL,NULL,0,0,'0000-00-00',0,'','','',NULL),(572,17,16,'2017-10-07','5014','',-46500,0,0,NULL,NULL,0,0,'0000-00-00',0,'','','',NULL),(573,17,16,'2017-10-07','1021','',46500,0,0,NULL,NULL,0,0,'0000-00-00',0,'','','',NULL),(574,17,16,'2017-10-07','5014','',-3400,0,0,NULL,NULL,0,0,'0000-00-00',0,'','','',NULL),(575,17,16,'2017-10-07','1021','',3400,0,0,NULL,NULL,0,0,'0000-00-00',0,'','','',NULL),(576,17,16,'2017-10-07','5014','',-37200,0,0,NULL,NULL,0,0,'0000-00-00',0,'','','',NULL),(577,17,16,'2017-10-07','1021','',37200,0,0,NULL,NULL,0,0,'0000-00-00',0,'','','',NULL),(578,17,16,'2017-10-07','5014','',-16250,0,0,NULL,NULL,0,0,'0000-00-00',0,'','','',NULL),(579,17,16,'2017-10-07','1021','',16250,0,0,NULL,NULL,0,0,'0000-00-00',0,'','','',NULL),(580,17,16,'2017-10-07','5014','',-15600,0,0,NULL,NULL,0,0,'0000-00-00',0,'','','',NULL),(581,17,16,'2017-10-07','1021','',15600,0,0,NULL,NULL,0,0,'0000-00-00',0,'','','',NULL),(582,17,16,'2017-10-07','5014','',-13500,0,0,NULL,NULL,0,0,'0000-00-00',0,'','','',NULL),(583,17,16,'2017-10-07','1021','',13500,0,0,NULL,NULL,0,0,'0000-00-00',0,'','','',NULL),(584,17,16,'2017-10-07','5014','',-22200,0,0,NULL,NULL,0,0,'0000-00-00',0,'','','',NULL),(585,17,16,'2017-10-07','1021','',22200,0,0,NULL,NULL,0,0,'0000-00-00',0,'','','',NULL),(586,17,16,'2017-10-07','5014','',-21800,0,0,NULL,NULL,0,0,'0000-00-00',0,'','','',NULL),(587,17,16,'2017-10-07','1021','',21800,0,0,NULL,NULL,0,0,'0000-00-00',0,'','','',NULL),(588,17,16,'2017-10-07','5014','',-23200,0,0,NULL,NULL,0,0,'0000-00-00',0,'','','',NULL),(589,17,16,'2017-10-07','1021','',23200,0,0,NULL,NULL,0,0,'0000-00-00',0,'','','',NULL),(590,17,16,'2017-10-07','5014','',-35200,0,0,NULL,NULL,0,0,'0000-00-00',0,'','','',NULL),(591,17,16,'2017-10-07','1021','',35200,0,0,NULL,NULL,0,0,'0000-00-00',0,'','','',NULL),(592,17,16,'2017-10-07','5014','',-53550,0,0,NULL,NULL,0,0,'0000-00-00',0,'','','',NULL),(593,17,16,'2017-10-07','1021','',53550,0,0,NULL,NULL,0,0,'0000-00-00',0,'','','',NULL),(594,17,16,'2017-10-07','5014','',-2800,0,0,NULL,NULL,0,0,'0000-00-00',0,'','','',NULL),(595,17,16,'2017-10-07','1021','',2800,0,0,NULL,NULL,0,0,'0000-00-00',0,'','','',NULL),(596,17,16,'2017-10-07','5014','',-4200,0,0,NULL,NULL,0,0,'0000-00-00',0,'','','',NULL),(597,17,16,'2017-10-07','1021','',4200,0,0,NULL,NULL,0,0,'0000-00-00',0,'','','',NULL),(598,17,17,'2017-10-07','5014','',-500,0,0,NULL,NULL,0,0,'0000-00-00',0,'','','',NULL),(599,17,17,'2017-10-07','1021','',500,0,0,NULL,NULL,0,0,'0000-00-00',0,'','','',NULL),(600,17,17,'2017-10-07','5014','',-1050,0,0,NULL,NULL,0,0,'0000-00-00',0,'','','',NULL),(601,17,17,'2017-10-07','1021','',1050,0,0,NULL,NULL,0,0,'0000-00-00',0,'','','',NULL),(602,17,18,'2017-10-07','5014','',-600,0,0,NULL,NULL,0,0,'0000-00-00',0,'','','',NULL),(603,17,18,'2017-10-07','1021','',600,0,0,NULL,NULL,0,0,'0000-00-00',0,'','','',NULL),(604,17,18,'2017-10-07','5014','',-200,0,0,NULL,NULL,0,0,'0000-00-00',0,'','','',NULL),(605,17,18,'2017-10-07','1021','',200,0,0,NULL,NULL,0,0,'0000-00-00',0,'','','',NULL),(606,17,18,'2017-10-07','5014','',-500,0,0,NULL,NULL,0,0,'0000-00-00',0,'','','',NULL),(607,17,18,'2017-10-07','1021','',500,0,0,NULL,NULL,0,0,'0000-00-00',0,'','','',NULL),(608,17,18,'2017-10-07','5014','',-500,0,0,NULL,NULL,0,0,'0000-00-00',0,'','','',NULL),(609,17,18,'2017-10-07','1021','',500,0,0,NULL,NULL,0,0,'0000-00-00',0,'','','',NULL),(610,17,18,'2017-10-07','5014','',-500,0,0,NULL,NULL,0,0,'0000-00-00',0,'','','',NULL),(611,17,18,'2017-10-07','1021','',500,0,0,NULL,NULL,0,0,'0000-00-00',0,'','','',NULL),(612,17,18,'2017-10-07','5014','',-300,0,0,NULL,NULL,0,0,'0000-00-00',0,'','','',NULL),(613,17,18,'2017-10-07','1021','',300,0,0,NULL,NULL,0,0,'0000-00-00',0,'','','',NULL),(614,17,18,'2017-10-07','5014','',-400,0,0,NULL,NULL,0,0,'0000-00-00',0,'','','',NULL),(615,17,18,'2017-10-07','1021','',400,0,0,NULL,NULL,0,0,'0000-00-00',0,'','','',NULL),(616,17,18,'2017-10-07','5014','',-2400,0,0,NULL,NULL,0,0,'0000-00-00',0,'','','',NULL),(617,17,18,'2017-10-07','1021','',2400,0,0,NULL,NULL,0,0,'0000-00-00',0,'','','',NULL),(618,17,18,'2017-10-07','5014','',-400,0,0,NULL,NULL,0,0,'0000-00-00',0,'','','',NULL),(619,17,18,'2017-10-07','1021','',400,0,0,NULL,NULL,0,0,'0000-00-00',0,'','','',NULL),(620,17,18,'2017-10-07','5014','',-800,0,0,NULL,NULL,0,0,'0000-00-00',0,'','','',NULL),(621,17,18,'2017-10-07','1021','',800,0,0,NULL,NULL,0,0,'0000-00-00',0,'','','',NULL),(622,17,18,'2017-10-07','5014','',-200,0,0,NULL,NULL,0,0,'0000-00-00',0,'','','',NULL),(623,17,18,'2017-10-07','1021','',200,0,0,NULL,NULL,0,0,'0000-00-00',0,'','','',NULL),(624,17,18,'2017-10-07','5014','',-900,0,0,NULL,NULL,0,0,'0000-00-00',0,'','','',NULL),(625,17,18,'2017-10-07','1021','',900,0,0,NULL,NULL,0,0,'0000-00-00',0,'','','',NULL),(626,17,18,'2017-10-07','5014','',-100,0,0,NULL,NULL,0,0,'0000-00-00',0,'','','',NULL),(627,17,18,'2017-10-07','1021','',100,0,0,NULL,NULL,0,0,'0000-00-00',0,'','','',NULL),(628,17,18,'2017-10-07','5014','',-300,0,0,NULL,NULL,0,0,'0000-00-00',0,'','','',NULL),(629,17,18,'2017-10-07','1021','',300,0,0,NULL,NULL,0,0,'0000-00-00',0,'','','',NULL),(630,17,18,'2017-10-07','5014','',-600,0,0,NULL,NULL,0,0,'0000-00-00',0,'','','',NULL),(631,17,18,'2017-10-07','1021','',600,0,0,NULL,NULL,0,0,'0000-00-00',0,'','','',NULL),(632,17,18,'2017-10-07','5014','',-500,0,0,NULL,NULL,0,0,'0000-00-00',0,'','','',NULL),(633,17,18,'2017-10-07','1021','',500,0,0,NULL,NULL,0,0,'0000-00-00',0,'','','',NULL),(634,17,18,'2017-10-07','5014','',-450,0,0,NULL,NULL,0,0,'0000-00-00',0,'','','',NULL),(635,17,18,'2017-10-07','1021','',450,0,0,NULL,NULL,0,0,'0000-00-00',0,'','','',NULL),(636,17,18,'2017-10-07','5014','',-750,0,0,NULL,NULL,0,0,'0000-00-00',0,'','','',NULL),(637,17,18,'2017-10-07','1021','',750,0,0,NULL,NULL,0,0,'0000-00-00',0,'','','',NULL),(638,17,18,'2017-10-07','5014','',-250,0,0,NULL,NULL,0,0,'0000-00-00',0,'','','',NULL),(639,17,18,'2017-10-07','1021','',250,0,0,NULL,NULL,0,0,'0000-00-00',0,'','','',NULL),(640,17,18,'2017-10-07','5014','',-375,0,0,NULL,NULL,0,0,'0000-00-00',0,'','','',NULL),(641,17,18,'2017-10-07','1021','',375,0,0,NULL,NULL,0,0,'0000-00-00',0,'','','',NULL),(642,17,18,'2017-10-07','5014','',-750,0,0,NULL,NULL,0,0,'0000-00-00',0,'','','',NULL),(643,17,18,'2017-10-07','1021','',750,0,0,NULL,NULL,0,0,'0000-00-00',0,'','','',NULL),(644,17,18,'2017-10-07','5014','',-60,0,0,NULL,NULL,0,0,'0000-00-00',0,'','','',NULL),(645,17,18,'2017-10-07','1021','',60,0,0,NULL,NULL,0,0,'0000-00-00',0,'','','',NULL),(646,17,18,'2017-10-07','5014','',-400,0,0,NULL,NULL,0,0,'0000-00-00',0,'','','',NULL),(647,17,18,'2017-10-07','1021','',400,0,0,NULL,NULL,0,0,'0000-00-00',0,'','','',NULL),(648,17,18,'2017-10-07','5014','',-250,0,0,NULL,NULL,0,0,'0000-00-00',0,'','','',NULL),(649,17,18,'2017-10-07','1021','',250,0,0,NULL,NULL,0,0,'0000-00-00',0,'','','',NULL),(650,17,18,'2017-10-07','5014','',-200,0,0,NULL,NULL,0,0,'0000-00-00',0,'','','',NULL),(651,17,18,'2017-10-07','1021','',200,0,0,NULL,NULL,0,0,'0000-00-00',0,'','','',NULL),(652,17,18,'2017-10-07','5014','',-4000,0,0,NULL,NULL,0,0,'0000-00-00',0,'','','',NULL),(653,17,18,'2017-10-07','1021','',4000,0,0,NULL,NULL,0,0,'0000-00-00',0,'','','',NULL),(654,17,18,'2017-10-07','5014','',-4200,0,0,NULL,NULL,0,0,'0000-00-00',0,'','','',NULL),(655,17,18,'2017-10-07','1021','',4200,0,0,NULL,NULL,0,0,'0000-00-00',0,'','','',NULL),(656,17,18,'2017-10-07','5014','',-300,0,0,NULL,NULL,0,0,'0000-00-00',0,'','','',NULL),(657,17,18,'2017-10-07','1021','',300,0,0,NULL,NULL,0,0,'0000-00-00',0,'','','',NULL),(658,17,18,'2017-10-07','5014','',-1500,0,0,NULL,NULL,0,0,'0000-00-00',0,'','','',NULL),(659,17,18,'2017-10-07','1021','',1500,0,0,NULL,NULL,0,0,'0000-00-00',0,'','','',NULL),(660,17,18,'2017-10-07','5014','',-60,0,0,NULL,NULL,0,0,'0000-00-00',0,'','','',NULL),(661,17,18,'2017-10-07','1021','',60,0,0,NULL,NULL,0,0,'0000-00-00',0,'','','',NULL),(662,17,18,'2017-10-07','5014','',-1000,0,0,NULL,NULL,0,0,'0000-00-00',0,'','','',NULL),(663,17,18,'2017-10-07','1021','',1000,0,0,NULL,NULL,0,0,'0000-00-00',0,'','','',NULL),(664,17,18,'2017-10-07','5014','',-500,0,0,NULL,NULL,0,0,'0000-00-00',0,'','','',NULL),(665,17,18,'2017-10-07','1021','',500,0,0,NULL,NULL,0,0,'0000-00-00',0,'','','',NULL),(666,17,18,'2017-10-07','5014','',-500,0,0,NULL,NULL,0,0,'0000-00-00',0,'','','',NULL),(667,17,18,'2017-10-07','1021','',500,0,0,NULL,NULL,0,0,'0000-00-00',0,'','','',NULL),(668,17,18,'2017-10-07','5014','',-1000,0,0,NULL,NULL,0,0,'0000-00-00',0,'','','',NULL),(669,17,18,'2017-10-07','1021','',1000,0,0,NULL,NULL,0,0,'0000-00-00',0,'','','',NULL),(670,17,18,'2017-10-07','5014','',-500,0,0,NULL,NULL,0,0,'0000-00-00',0,'','','',NULL),(671,17,18,'2017-10-07','1021','',500,0,0,NULL,NULL,0,0,'0000-00-00',0,'','','',NULL),(672,17,18,'2017-10-07','5014','',-200,0,0,NULL,NULL,0,0,'0000-00-00',0,'','','',NULL),(673,17,18,'2017-10-07','1021','',200,0,0,NULL,NULL,0,0,'0000-00-00',0,'','','',NULL),(674,17,18,'2017-10-07','5014','',-600,0,0,NULL,NULL,0,0,'0000-00-00',0,'','','',NULL),(675,17,18,'2017-10-07','1021','',600,0,0,NULL,NULL,0,0,'0000-00-00',0,'','','',NULL),(676,17,18,'2017-10-07','5014','',-300,0,0,NULL,NULL,0,0,'0000-00-00',0,'','','',NULL),(677,17,18,'2017-10-07','1021','',300,0,0,NULL,NULL,0,0,'0000-00-00',0,'','','',NULL),(678,17,18,'2017-10-07','5014','',-560,0,0,NULL,NULL,0,0,'0000-00-00',0,'','','',NULL),(679,17,18,'2017-10-07','1021','',560,0,0,NULL,NULL,0,0,'0000-00-00',0,'','','',NULL),(680,17,18,'2017-10-07','5014','',-200,0,0,NULL,NULL,0,0,'0000-00-00',0,'','','',NULL),(681,17,18,'2017-10-07','1021','',200,0,0,NULL,NULL,0,0,'0000-00-00',0,'','','',NULL),(682,17,18,'2017-10-07','5014','',-300,0,0,NULL,NULL,0,0,'0000-00-00',0,'','','',NULL),(683,17,18,'2017-10-07','1021','',300,0,0,NULL,NULL,0,0,'0000-00-00',0,'','','',NULL),(684,17,18,'2017-10-07','5014','',-500,0,0,NULL,NULL,0,0,'0000-00-00',0,'','','',NULL),(685,17,18,'2017-10-07','1021','',500,0,0,NULL,NULL,0,0,'0000-00-00',0,'','','',NULL),(686,17,18,'2017-10-07','5014','',-300,0,0,NULL,NULL,0,0,'0000-00-00',0,'','','',NULL),(687,17,18,'2017-10-07','1021','',300,0,0,NULL,NULL,0,0,'0000-00-00',0,'','','',NULL),(688,17,18,'2017-10-07','5014','',-600,0,0,NULL,NULL,0,0,'0000-00-00',0,'','','',NULL),(689,17,18,'2017-10-07','1021','',600,0,0,NULL,NULL,0,0,'0000-00-00',0,'','','',NULL),(690,17,18,'2017-10-07','5014','',-800,0,0,NULL,NULL,0,0,'0000-00-00',0,'','','',NULL),(691,17,18,'2017-10-07','1021','',800,0,0,NULL,NULL,0,0,'0000-00-00',0,'','','',NULL),(692,17,18,'2017-10-07','5014','',-200,0,0,NULL,NULL,0,0,'0000-00-00',0,'','','',NULL),(693,17,18,'2017-10-07','1021','',200,0,0,NULL,NULL,0,0,'0000-00-00',0,'','','',NULL),(694,17,18,'2017-10-07','5014','',-600,0,0,NULL,NULL,0,0,'0000-00-00',0,'','','',NULL),(695,17,18,'2017-10-07','1021','',600,0,0,NULL,NULL,0,0,'0000-00-00',0,'','','',NULL),(696,17,18,'2017-10-07','5014','',-500,0,0,NULL,NULL,0,0,'0000-00-00',0,'','','',NULL),(697,17,18,'2017-10-07','1021','',500,0,0,NULL,NULL,0,0,'0000-00-00',0,'','','',NULL),(698,17,18,'2017-10-07','5014','',-600,0,0,NULL,NULL,0,0,'0000-00-00',0,'','','',NULL),(699,17,18,'2017-10-07','1021','',600,0,0,NULL,NULL,0,0,'0000-00-00',0,'','','',NULL),(700,17,18,'2017-10-07','5014','',-300,0,0,NULL,NULL,0,0,'0000-00-00',0,'','','',NULL),(701,17,18,'2017-10-07','1021','',300,0,0,NULL,NULL,0,0,'0000-00-00',0,'','','',NULL),(702,17,18,'2017-10-07','5014','',-2253.44,0,0,NULL,NULL,0,0,'0000-00-00',0,'','','',NULL),(703,17,18,'2017-10-07','1021','',2253.44,0,0,NULL,NULL,0,0,'0000-00-00',0,'','','',NULL),(704,17,18,'2017-10-07','5014','',-520,0,0,NULL,NULL,0,0,'0000-00-00',0,'','','',NULL),(705,17,18,'2017-10-07','1021','',520,0,0,NULL,NULL,0,0,'0000-00-00',0,'','','',NULL),(706,17,18,'2017-10-07','5014','',-300,0,0,NULL,NULL,0,0,'0000-00-00',0,'','','',NULL),(707,17,18,'2017-10-07','1021','',300,0,0,NULL,NULL,0,0,'0000-00-00',0,'','','',NULL),(708,17,18,'2017-10-07','5014','',-25,0,0,NULL,NULL,0,0,'0000-00-00',0,'','','',NULL),(709,17,18,'2017-10-07','1021','',25,0,0,NULL,NULL,0,0,'0000-00-00',0,'','','',NULL),(710,17,18,'2017-10-07','5014','',-500,0,0,NULL,NULL,0,0,'0000-00-00',0,'','','',NULL),(711,17,18,'2017-10-07','1021','',500,0,0,NULL,NULL,0,0,'0000-00-00',0,'','','',NULL),(712,17,18,'2017-10-07','5014','',-500,0,0,NULL,NULL,0,0,'0000-00-00',0,'','','',NULL),(713,17,18,'2017-10-07','1021','',500,0,0,NULL,NULL,0,0,'0000-00-00',0,'','','',NULL),(714,17,18,'2017-10-07','5014','',-600,0,0,NULL,NULL,0,0,'0000-00-00',0,'','','',NULL),(715,17,18,'2017-10-07','1021','',600,0,0,NULL,NULL,0,0,'0000-00-00',0,'','','',NULL),(716,17,18,'2017-10-07','5014','',-150,0,0,NULL,NULL,0,0,'0000-00-00',0,'','','',NULL),(717,17,18,'2017-10-07','1021','',150,0,0,NULL,NULL,0,0,'0000-00-00',0,'','','',NULL),(718,17,18,'2017-10-07','5014','',-500,0,0,NULL,NULL,0,0,'0000-00-00',0,'','','',NULL),(719,17,18,'2017-10-07','1021','',500,0,0,NULL,NULL,0,0,'0000-00-00',0,'','','',NULL),(720,17,18,'2017-10-07','5014','',-30,0,0,NULL,NULL,0,0,'0000-00-00',0,'','','',NULL),(721,17,18,'2017-10-07','1021','',30,0,0,NULL,NULL,0,0,'0000-00-00',0,'','','',NULL),(722,17,18,'2017-10-07','5014','',-300,0,0,NULL,NULL,0,0,'0000-00-00',0,'','','',NULL),(723,17,18,'2017-10-07','1021','',300,0,0,NULL,NULL,0,0,'0000-00-00',0,'','','',NULL),(724,17,18,'2017-10-07','5014','',-20,0,0,NULL,NULL,0,0,'0000-00-00',0,'','','',NULL),(725,17,18,'2017-10-07','1021','',20,0,0,NULL,NULL,0,0,'0000-00-00',0,'','','',NULL),(726,17,18,'2017-10-07','5014','',-60,0,0,NULL,NULL,0,0,'0000-00-00',0,'','','',NULL),(727,17,18,'2017-10-07','1021','',60,0,0,NULL,NULL,0,0,'0000-00-00',0,'','','',NULL),(728,17,18,'2017-10-07','5014','',-600,0,0,NULL,NULL,0,0,'0000-00-00',0,'','','',NULL),(729,17,18,'2017-10-07','1021','',600,0,0,NULL,NULL,0,0,'0000-00-00',0,'','','',NULL),(730,17,18,'2017-10-07','5014','',-15,0,0,NULL,NULL,0,0,'0000-00-00',0,'','','',NULL),(731,17,18,'2017-10-07','1021','',15,0,0,NULL,NULL,0,0,'0000-00-00',0,'','','',NULL),(732,17,18,'2017-10-07','5014','',-800,0,0,NULL,NULL,0,0,'0000-00-00',0,'','','',NULL),(733,17,18,'2017-10-07','1021','',800,0,0,NULL,NULL,0,0,'0000-00-00',0,'','','',NULL),(734,17,18,'2017-10-07','5014','',-1620,0,0,NULL,NULL,0,0,'0000-00-00',0,'','','',NULL),(735,17,18,'2017-10-07','1021','',1620,0,0,NULL,NULL,0,0,'0000-00-00',0,'','','',NULL),(736,17,18,'2017-10-07','5014','',-29400,0,0,NULL,NULL,0,0,'0000-00-00',0,'','','',NULL),(737,17,18,'2017-10-07','1021','',29400,0,0,NULL,NULL,0,0,'0000-00-00',0,'','','',NULL),(738,17,18,'2017-10-07','5014','',-580,0,0,NULL,NULL,0,0,'0000-00-00',0,'','','',NULL),(739,17,18,'2017-10-07','1021','',580,0,0,NULL,NULL,0,0,'0000-00-00',0,'','','',NULL),(740,17,18,'2017-10-07','5014','',-9801,0,0,NULL,NULL,0,0,'0000-00-00',0,'','','',NULL),(741,17,18,'2017-10-07','1021','',9801,0,0,NULL,NULL,0,0,'0000-00-00',0,'','','',NULL),(742,17,18,'2017-10-07','5014','',-1440,0,0,NULL,NULL,0,0,'0000-00-00',0,'','','',NULL),(743,17,18,'2017-10-07','1021','',1440,0,0,NULL,NULL,0,0,'0000-00-00',0,'','','',NULL),(744,17,18,'2017-10-07','5014','',-600,0,0,NULL,NULL,0,0,'0000-00-00',0,'','','',NULL),(745,17,18,'2017-10-07','1021','',600,0,0,NULL,NULL,0,0,'0000-00-00',0,'','','',NULL),(746,17,18,'2017-10-07','5014','',-1650,0,0,NULL,NULL,0,0,'0000-00-00',0,'','','',NULL),(747,17,18,'2017-10-07','1021','',1650,0,0,NULL,NULL,0,0,'0000-00-00',0,'','','',NULL),(748,17,18,'2017-10-07','5014','',-2537.5,0,0,NULL,NULL,0,0,'0000-00-00',0,'','','',NULL),(749,17,18,'2017-10-07','1021','',2537.5,0,0,NULL,NULL,0,0,'0000-00-00',0,'','','',NULL),(750,17,18,'2017-10-07','5014','',-150,0,0,NULL,NULL,0,0,'0000-00-00',0,'','','',NULL),(751,17,18,'2017-10-07','1021','',150,0,0,NULL,NULL,0,0,'0000-00-00',0,'','','',NULL),(752,17,18,'2017-10-07','5014','',-85,0,0,NULL,NULL,0,0,'0000-00-00',0,'','','',NULL),(753,17,18,'2017-10-07','1021','',85,0,0,NULL,NULL,0,0,'0000-00-00',0,'','','',NULL),(754,17,18,'2017-10-07','5014','',-125,0,0,NULL,NULL,0,0,'0000-00-00',0,'','','',NULL),(755,17,18,'2017-10-07','1021','',125,0,0,NULL,NULL,0,0,'0000-00-00',0,'','','',NULL),(756,17,18,'2017-10-07','5014','',-15,0,0,NULL,NULL,0,0,'0000-00-00',0,'','','',NULL),(757,17,18,'2017-10-07','1021','',15,0,0,NULL,NULL,0,0,'0000-00-00',0,'','','',NULL),(758,17,19,'2017-10-08','5014','',-2200,0,0,NULL,NULL,0,0,'0000-00-00',0,'','','',NULL),(759,17,19,'2017-10-08','1021','',2200,0,0,NULL,NULL,0,0,'0000-00-00',0,'','','',NULL),(760,17,19,'2017-10-08','5014','',-200,0,0,NULL,NULL,0,0,'0000-00-00',0,'','','',NULL),(761,17,19,'2017-10-08','1021','',200,0,0,NULL,NULL,0,0,'0000-00-00',0,'','','',NULL),(762,17,19,'2017-10-08','5014','',-528,0,0,NULL,NULL,0,0,'0000-00-00',0,'','','',NULL),(763,17,19,'2017-10-08','1021','',528,0,0,NULL,NULL,0,0,'0000-00-00',0,'','','',NULL),(764,17,19,'2017-10-08','5014','',-250,0,0,NULL,NULL,0,0,'0000-00-00',0,'','','',NULL),(765,17,19,'2017-10-08','1021','',250,0,0,NULL,NULL,0,0,'0000-00-00',0,'','','',NULL),(766,17,19,'2017-10-08','5014','',-187.79,0,0,NULL,NULL,0,0,'0000-00-00',0,'','','',NULL),(767,17,19,'2017-10-08','1021','',187.79,0,0,NULL,NULL,0,0,'0000-00-00',0,'','','',NULL),(768,17,19,'2017-10-08','5014','',-400,0,0,NULL,NULL,0,0,'0000-00-00',0,'','','',NULL),(769,17,19,'2017-10-08','1021','',400,0,0,NULL,NULL,0,0,'0000-00-00',0,'','','',NULL),(770,17,19,'2017-10-08','5014','',-1200,0,0,NULL,NULL,0,0,'0000-00-00',0,'','','',NULL),(771,17,19,'2017-10-08','1021','',1200,0,0,NULL,NULL,0,0,'0000-00-00',0,'','','',NULL),(772,17,19,'2017-10-08','5014','',-920,0,0,NULL,NULL,0,0,'0000-00-00',0,'','','',NULL),(773,17,19,'2017-10-08','1021','',920,0,0,NULL,NULL,0,0,'0000-00-00',0,'','','',NULL),(774,17,19,'2017-10-08','5014','',-300,0,0,NULL,NULL,0,0,'0000-00-00',0,'','','',NULL),(775,17,19,'2017-10-08','1021','',300,0,0,NULL,NULL,0,0,'0000-00-00',0,'','','',NULL),(776,17,19,'2017-10-08','5014','',-4000,0,0,NULL,NULL,0,0,'0000-00-00',0,'','','',NULL),(777,17,19,'2017-10-08','1021','',4000,0,0,NULL,NULL,0,0,'0000-00-00',0,'','','',NULL),(778,17,19,'2017-10-08','5014','',-600,0,0,NULL,NULL,0,0,'0000-00-00',0,'','','',NULL),(779,17,19,'2017-10-08','1021','',600,0,0,NULL,NULL,0,0,'0000-00-00',0,'','','',NULL),(780,17,19,'2017-10-08','5014','',-900,0,0,NULL,NULL,0,0,'0000-00-00',0,'','','',NULL),(781,17,19,'2017-10-08','1021','',900,0,0,NULL,NULL,0,0,'0000-00-00',0,'','','',NULL),(782,17,19,'2017-10-08','5014','',-120,0,0,NULL,NULL,0,0,'0000-00-00',0,'','','',NULL),(783,17,19,'2017-10-08','1021','',120,0,0,NULL,NULL,0,0,'0000-00-00',0,'','','',NULL),(784,17,19,'2017-10-08','5014','',-500,0,0,NULL,NULL,0,0,'0000-00-00',0,'','','',NULL),(785,17,19,'2017-10-08','1021','',500,0,0,NULL,NULL,0,0,'0000-00-00',0,'','','',NULL),(786,17,19,'2017-10-08','5014','',-300,0,0,NULL,NULL,0,0,'0000-00-00',0,'','','',NULL),(787,17,19,'2017-10-08','1021','',300,0,0,NULL,NULL,0,0,'0000-00-00',0,'','','',NULL),(788,17,19,'2017-10-08','5014','',-600,0,0,NULL,NULL,0,0,'0000-00-00',0,'','','',NULL),(789,17,19,'2017-10-08','1021','',600,0,0,NULL,NULL,0,0,'0000-00-00',0,'','','',NULL),(790,17,19,'2017-10-08','5014','',-620,0,0,NULL,NULL,0,0,'0000-00-00',0,'','','',NULL),(791,17,19,'2017-10-08','1021','',620,0,0,NULL,NULL,0,0,'0000-00-00',0,'','','',NULL),(792,17,20,'2017-10-08','5014','',-300,0,0,NULL,NULL,0,0,'0000-00-00',0,'','','',NULL),(793,17,20,'2017-10-08','1021','',300,0,0,NULL,NULL,0,0,'0000-00-00',0,'','','',NULL),(794,17,20,'2017-10-08','5014','',-3500,0,0,NULL,NULL,0,0,'0000-00-00',0,'','','',NULL),(795,17,20,'2017-10-08','1021','',3500,0,0,NULL,NULL,0,0,'0000-00-00',0,'','','',NULL),(796,17,20,'2017-10-08','5014','',-500,0,0,NULL,NULL,0,0,'0000-00-00',0,'','','',NULL),(797,17,20,'2017-10-08','1021','',500,0,0,NULL,NULL,0,0,'0000-00-00',0,'','','',NULL),(798,17,20,'2017-10-08','5014','',-800,0,0,NULL,NULL,0,0,'0000-00-00',0,'','','',NULL),(799,17,20,'2017-10-08','1021','',800,0,0,NULL,NULL,0,0,'0000-00-00',0,'','','',NULL),(800,17,20,'2017-10-08','5014','',-2040,0,0,NULL,NULL,0,0,'0000-00-00',0,'','','',NULL),(801,17,20,'2017-10-08','1021','',2040,0,0,NULL,NULL,0,0,'0000-00-00',0,'','','',NULL),(802,13,1,'2017-10-08','5011','',600,0,0,NULL,NULL,0,0,'0000-00-00',0,'','','',NULL),(803,13,1,'2017-10-08','1021','',-600,0,0,NULL,NULL,0,0,'0000-00-00',0,'','','',NULL),(804,13,1,'2017-10-08','5011','',200,0,0,NULL,NULL,0,0,'0000-00-00',0,'','','',NULL),(805,13,1,'2017-10-08','1021','',-200,0,0,NULL,NULL,0,0,'0000-00-00',0,'','','',NULL),(806,13,1,'2017-10-08','5011','',500,0,0,NULL,NULL,0,0,'0000-00-00',0,'','','',NULL),(807,13,1,'2017-10-08','1021','',-500,0,0,NULL,NULL,0,0,'0000-00-00',0,'','','',NULL),(808,13,1,'2017-10-08','5011','',500,0,0,NULL,NULL,0,0,'0000-00-00',0,'','','',NULL),(809,13,1,'2017-10-08','1021','',-500,0,0,NULL,NULL,0,0,'0000-00-00',0,'','','',NULL),(810,13,1,'2017-10-08','5011','',387.5,0,0,NULL,NULL,0,0,'0000-00-00',0,'','','',NULL),(811,13,1,'2017-10-08','1021','',-387.5,0,0,NULL,NULL,0,0,'0000-00-00',0,'','','',NULL),(812,13,1,'2017-10-08','5011','',300,0,0,NULL,NULL,0,0,'0000-00-00',0,'','','',NULL),(813,13,1,'2017-10-08','1021','',-300,0,0,NULL,NULL,0,0,'0000-00-00',0,'','','',NULL),(814,13,1,'2017-10-08','5011','',400,0,0,NULL,NULL,0,0,'0000-00-00',0,'','','',NULL),(815,13,1,'2017-10-08','1021','',-400,0,0,NULL,NULL,0,0,'0000-00-00',0,'','','',NULL),(816,13,1,'2017-10-08','5011','',2400,0,0,NULL,NULL,0,0,'0000-00-00',0,'','','',NULL),(817,13,1,'2017-10-08','1021','',-2400,0,0,NULL,NULL,0,0,'0000-00-00',0,'','','',NULL),(818,13,1,'2017-10-08','5011','',400,0,0,NULL,NULL,0,0,'0000-00-00',0,'','','',NULL),(819,13,1,'2017-10-08','1021','',-400,0,0,NULL,NULL,0,0,'0000-00-00',0,'','','',NULL),(820,13,1,'2017-10-08','5011','',800,0,0,NULL,NULL,0,0,'0000-00-00',0,'','','',NULL),(821,13,1,'2017-10-08','1021','',-800,0,0,NULL,NULL,0,0,'0000-00-00',0,'','','',NULL),(822,13,1,'2017-10-08','5011','',200,0,0,NULL,NULL,0,0,'0000-00-00',0,'','','',NULL),(823,13,1,'2017-10-08','1021','',-200,0,0,NULL,NULL,0,0,'0000-00-00',0,'','','',NULL),(824,13,1,'2017-10-08','5011','',900,0,0,NULL,NULL,0,0,'0000-00-00',0,'','','',NULL),(825,13,1,'2017-10-08','1021','',-900,0,0,NULL,NULL,0,0,'0000-00-00',0,'','','',NULL),(826,13,1,'2017-10-08','5011','',100,0,0,NULL,NULL,0,0,'0000-00-00',0,'','','',NULL),(827,13,1,'2017-10-08','1021','',-100,0,0,NULL,NULL,0,0,'0000-00-00',0,'','','',NULL),(828,13,1,'2017-10-08','5011','',300,0,0,NULL,NULL,0,0,'0000-00-00',0,'','','',NULL),(829,13,1,'2017-10-08','1021','',-300,0,0,NULL,NULL,0,0,'0000-00-00',0,'','','',NULL),(830,13,1,'2017-10-08','5011','',600,0,0,NULL,NULL,0,0,'0000-00-00',0,'','','',NULL),(831,13,1,'2017-10-08','1021','',-600,0,0,NULL,NULL,0,0,'0000-00-00',0,'','','',NULL),(832,13,1,'2017-10-08','5011','',500,0,0,NULL,NULL,0,0,'0000-00-00',0,'','','',NULL),(833,13,1,'2017-10-08','1021','',-500,0,0,NULL,NULL,0,0,'0000-00-00',0,'','','',NULL),(834,13,1,'2017-10-08','5011','',450,0,0,NULL,NULL,0,0,'0000-00-00',0,'','','',NULL),(835,13,1,'2017-10-08','1021','',-450,0,0,NULL,NULL,0,0,'0000-00-00',0,'','','',NULL),(836,13,1,'2017-10-08','5011','',750,0,0,NULL,NULL,0,0,'0000-00-00',0,'','','',NULL),(837,13,1,'2017-10-08','1021','',-750,0,0,NULL,NULL,0,0,'0000-00-00',0,'','','',NULL),(838,13,1,'2017-10-08','5011','',292.86,0,0,NULL,NULL,0,0,'0000-00-00',0,'','','',NULL),(839,13,1,'2017-10-08','1021','',-292.86,0,0,NULL,NULL,0,0,'0000-00-00',0,'','','',NULL),(840,13,1,'2017-10-08','5011','',375,0,0,NULL,NULL,0,0,'0000-00-00',0,'','','',NULL),(841,13,1,'2017-10-08','1021','',-375,0,0,NULL,NULL,0,0,'0000-00-00',0,'','','',NULL),(842,13,1,'2017-10-08','5011','',750,0,0,NULL,NULL,0,0,'0000-00-00',0,'','','',NULL),(843,13,1,'2017-10-08','1021','',-750,0,0,NULL,NULL,0,0,'0000-00-00',0,'','','',NULL),(844,13,1,'2017-10-08','5011','',60,0,0,NULL,NULL,0,0,'0000-00-00',0,'','','',NULL),(845,13,1,'2017-10-08','1021','',-60,0,0,NULL,NULL,0,0,'0000-00-00',0,'','','',NULL),(846,13,1,'2017-10-08','5011','',400,0,0,NULL,NULL,0,0,'0000-00-00',0,'','','',NULL),(847,13,1,'2017-10-08','1021','',-400,0,0,NULL,NULL,0,0,'0000-00-00',0,'','','',NULL),(848,13,1,'2017-10-08','5011','',250,0,0,NULL,NULL,0,0,'0000-00-00',0,'','','',NULL),(849,13,1,'2017-10-08','1021','',-250,0,0,NULL,NULL,0,0,'0000-00-00',0,'','','',NULL),(850,13,1,'2017-10-08','5011','',162.5,0,0,NULL,NULL,0,0,'0000-00-00',0,'','','',NULL),(851,13,1,'2017-10-08','1021','',-162.5,0,0,NULL,NULL,0,0,'0000-00-00',0,'','','',NULL),(852,13,1,'2017-10-08','5011','',4000,0,0,NULL,NULL,0,0,'0000-00-00',0,'','','',NULL),(853,13,1,'2017-10-08','1021','',-4000,0,0,NULL,NULL,0,0,'0000-00-00',0,'','','',NULL),(854,13,1,'2017-10-08','5011','',4200,0,0,NULL,NULL,0,0,'0000-00-00',0,'','','',NULL),(855,13,1,'2017-10-08','1021','',-4200,0,0,NULL,NULL,0,0,'0000-00-00',0,'','','',NULL),(856,13,1,'2017-10-08','5011','',266.67,0,0,NULL,NULL,0,0,'0000-00-00',0,'','','',NULL),(857,13,1,'2017-10-08','1021','',-266.67,0,0,NULL,NULL,0,0,'0000-00-00',0,'','','',NULL),(858,13,1,'2017-10-08','5011','',1500,0,0,NULL,NULL,0,0,'0000-00-00',0,'','','',NULL),(859,13,1,'2017-10-08','1021','',-1500,0,0,NULL,NULL,0,0,'0000-00-00',0,'','','',NULL),(860,13,1,'2017-10-08','5011','',60,0,0,NULL,NULL,0,0,'0000-00-00',0,'','','',NULL),(861,13,1,'2017-10-08','1021','',-60,0,0,NULL,NULL,0,0,'0000-00-00',0,'','','',NULL),(862,13,1,'2017-10-08','5011','',1000,0,0,NULL,NULL,0,0,'0000-00-00',0,'','','',NULL),(863,13,1,'2017-10-08','1021','',-1000,0,0,NULL,NULL,0,0,'0000-00-00',0,'','','',NULL),(864,13,1,'2017-10-08','5011','',500,0,0,NULL,NULL,0,0,'0000-00-00',0,'','','',NULL),(865,13,1,'2017-10-08','1021','',-500,0,0,NULL,NULL,0,0,'0000-00-00',0,'','','',NULL),(866,13,1,'2017-10-08','5011','',500,0,0,NULL,NULL,0,0,'0000-00-00',0,'','','',NULL),(867,13,1,'2017-10-08','1021','',-500,0,0,NULL,NULL,0,0,'0000-00-00',0,'','','',NULL),(868,13,1,'2017-10-08','5011','',1000,0,0,NULL,NULL,0,0,'0000-00-00',0,'','','',NULL),(869,13,1,'2017-10-08','1021','',-1000,0,0,NULL,NULL,0,0,'0000-00-00',0,'','','',NULL),(870,13,1,'2017-10-08','5011','',500,0,0,NULL,NULL,0,0,'0000-00-00',0,'','','',NULL),(871,13,1,'2017-10-08','1021','',-500,0,0,NULL,NULL,0,0,'0000-00-00',0,'','','',NULL),(872,13,1,'2017-10-08','5011','',200,0,0,NULL,NULL,0,0,'0000-00-00',0,'','','',NULL),(873,13,1,'2017-10-08','1021','',-200,0,0,NULL,NULL,0,0,'0000-00-00',0,'','','',NULL),(874,13,1,'2017-10-08','5011','',600,0,0,NULL,NULL,0,0,'0000-00-00',0,'','','',NULL),(875,13,1,'2017-10-08','1021','',-600,0,0,NULL,NULL,0,0,'0000-00-00',0,'','','',NULL),(876,13,1,'2017-10-08','5011','',300,0,0,NULL,NULL,0,0,'0000-00-00',0,'','','',NULL),(877,13,1,'2017-10-08','1021','',-300,0,0,NULL,NULL,0,0,'0000-00-00',0,'','','',NULL),(878,13,1,'2017-10-08','5011','',560,0,0,NULL,NULL,0,0,'0000-00-00',0,'','','',NULL),(879,13,1,'2017-10-08','1021','',-560,0,0,NULL,NULL,0,0,'0000-00-00',0,'','','',NULL),(880,13,1,'2017-10-08','5011','',200,0,0,NULL,NULL,0,0,'0000-00-00',0,'','','',NULL),(881,13,1,'2017-10-08','1021','',-200,0,0,NULL,NULL,0,0,'0000-00-00',0,'','','',NULL),(882,13,1,'2017-10-08','5011','',300,0,0,NULL,NULL,0,0,'0000-00-00',0,'','','',NULL),(883,13,1,'2017-10-08','1021','',-300,0,0,NULL,NULL,0,0,'0000-00-00',0,'','','',NULL),(884,13,1,'2017-10-08','5011','',500,0,0,NULL,NULL,0,0,'0000-00-00',0,'','','',NULL),(885,13,1,'2017-10-08','1021','',-500,0,0,NULL,NULL,0,0,'0000-00-00',0,'','','',NULL),(886,13,1,'2017-10-08','5011','',300,0,0,NULL,NULL,0,0,'0000-00-00',0,'','','',NULL),(887,13,1,'2017-10-08','1021','',-300,0,0,NULL,NULL,0,0,'0000-00-00',0,'','','',NULL),(888,13,1,'2017-10-08','5011','',600,0,0,NULL,NULL,0,0,'0000-00-00',0,'','','',NULL),(889,13,1,'2017-10-08','1021','',-600,0,0,NULL,NULL,0,0,'0000-00-00',0,'','','',NULL),(890,13,1,'2017-10-08','5011','',800,0,0,NULL,NULL,0,0,'0000-00-00',0,'','','',NULL),(891,13,1,'2017-10-08','1021','',-800,0,0,NULL,NULL,0,0,'0000-00-00',0,'','','',NULL),(892,13,1,'2017-10-08','5011','',200,0,0,NULL,NULL,0,0,'0000-00-00',0,'','','',NULL),(893,13,1,'2017-10-08','1021','',-200,0,0,NULL,NULL,0,0,'0000-00-00',0,'','','',NULL),(894,13,1,'2017-10-08','5011','',600,0,0,NULL,NULL,0,0,'0000-00-00',0,'','','',NULL),(895,13,1,'2017-10-08','1021','',-600,0,0,NULL,NULL,0,0,'0000-00-00',0,'','','',NULL),(896,13,1,'2017-10-08','5011','',500,0,0,NULL,NULL,0,0,'0000-00-00',0,'','','',NULL),(897,13,1,'2017-10-08','1021','',-500,0,0,NULL,NULL,0,0,'0000-00-00',0,'','','',NULL),(898,13,1,'2017-10-08','5011','',600,0,0,NULL,NULL,0,0,'0000-00-00',0,'','','',NULL),(899,13,1,'2017-10-08','1021','',-600,0,0,NULL,NULL,0,0,'0000-00-00',0,'','','',NULL),(900,13,1,'2017-10-08','5011','',300,0,0,NULL,NULL,0,0,'0000-00-00',0,'','','',NULL),(901,13,1,'2017-10-08','1021','',-300,0,0,NULL,NULL,0,0,'0000-00-00',0,'','','',NULL),(902,13,1,'2017-10-08','5011','',2253.44,0,0,NULL,NULL,0,0,'0000-00-00',0,'','','',NULL),(903,13,1,'2017-10-08','1021','',-2253.44,0,0,NULL,NULL,0,0,'0000-00-00',0,'','','',NULL),(904,13,1,'2017-10-08','5011','',520,0,0,NULL,NULL,0,0,'0000-00-00',0,'','','',NULL),(905,13,1,'2017-10-08','1021','',-520,0,0,NULL,NULL,0,0,'0000-00-00',0,'','','',NULL),(906,13,1,'2017-10-08','5011','',300,0,0,NULL,NULL,0,0,'0000-00-00',0,'','','',NULL),(907,13,1,'2017-10-08','1021','',-300,0,0,NULL,NULL,0,0,'0000-00-00',0,'','','',NULL),(908,13,1,'2017-10-08','5011','',25,0,0,NULL,NULL,0,0,'0000-00-00',0,'','','',NULL),(909,13,1,'2017-10-08','1021','',-25,0,0,NULL,NULL,0,0,'0000-00-00',0,'','','',NULL),(910,13,1,'2017-10-08','5011','',25,0,0,NULL,NULL,0,0,'0000-00-00',0,'','','',NULL),(911,13,1,'2017-10-08','1021','',-25,0,0,NULL,NULL,0,0,'0000-00-00',0,'','','',NULL),(912,13,1,'2017-10-08','5011','',500,0,0,NULL,NULL,0,0,'0000-00-00',0,'','','',NULL),(913,13,1,'2017-10-08','1021','',-500,0,0,NULL,NULL,0,0,'0000-00-00',0,'','','',NULL),(914,13,1,'2017-10-08','5011','',600,0,0,NULL,NULL,0,0,'0000-00-00',0,'','','',NULL),(915,13,1,'2017-10-08','1021','',-600,0,0,NULL,NULL,0,0,'0000-00-00',0,'','','',NULL),(916,13,1,'2017-10-08','5011','',150,0,0,NULL,NULL,0,0,'0000-00-00',0,'','','',NULL),(917,13,1,'2017-10-08','1021','',-150,0,0,NULL,NULL,0,0,'0000-00-00',0,'','','',NULL),(918,13,1,'2017-10-08','5011','',500,0,0,NULL,NULL,0,0,'0000-00-00',0,'','','',NULL),(919,13,1,'2017-10-08','1021','',-500,0,0,NULL,NULL,0,0,'0000-00-00',0,'','','',NULL),(920,13,1,'2017-10-08','5011','',30,0,0,NULL,NULL,0,0,'0000-00-00',0,'','','',NULL),(921,13,1,'2017-10-08','1021','',-30,0,0,NULL,NULL,0,0,'0000-00-00',0,'','','',NULL),(922,13,1,'2017-10-08','5011','',300,0,0,NULL,NULL,0,0,'0000-00-00',0,'','','',NULL),(923,13,1,'2017-10-08','1021','',-300,0,0,NULL,NULL,0,0,'0000-00-00',0,'','','',NULL),(924,13,1,'2017-10-08','5011','',20,0,0,NULL,NULL,0,0,'0000-00-00',0,'','','',NULL),(925,13,1,'2017-10-08','1021','',-20,0,0,NULL,NULL,0,0,'0000-00-00',0,'','','',NULL),(926,13,1,'2017-10-08','5011','',60,0,0,NULL,NULL,0,0,'0000-00-00',0,'','','',NULL),(927,13,1,'2017-10-08','1021','',-60,0,0,NULL,NULL,0,0,'0000-00-00',0,'','','',NULL),(928,13,1,'2017-10-08','5011','',600,0,0,NULL,NULL,0,0,'0000-00-00',0,'','','',NULL),(929,13,1,'2017-10-08','1021','',-600,0,0,NULL,NULL,0,0,'0000-00-00',0,'','','',NULL),(930,13,1,'2017-10-08','5011','',15,0,0,NULL,NULL,0,0,'0000-00-00',0,'','','',NULL),(931,13,1,'2017-10-08','1021','',-15,0,0,NULL,NULL,0,0,'0000-00-00',0,'','','',NULL),(932,13,1,'2017-10-08','5011','',800,0,0,NULL,NULL,0,0,'0000-00-00',0,'','','',NULL),(933,13,1,'2017-10-08','1021','',-800,0,0,NULL,NULL,0,0,'0000-00-00',0,'','','',NULL),(934,13,1,'2017-10-08','5011','',1620,0,0,NULL,NULL,0,0,'0000-00-00',0,'','','',NULL),(935,13,1,'2017-10-08','1021','',-1620,0,0,NULL,NULL,0,0,'0000-00-00',0,'','','',NULL),(936,13,1,'2017-10-08','5011','',29400,0,0,NULL,NULL,0,0,'0000-00-00',0,'','','',NULL),(937,13,1,'2017-10-08','1021','',-29400,0,0,NULL,NULL,0,0,'0000-00-00',0,'','','',NULL),(938,13,1,'2017-10-08','5011','',580,0,0,NULL,NULL,0,0,'0000-00-00',0,'','','',NULL),(939,13,1,'2017-10-08','1021','',-580,0,0,NULL,NULL,0,0,'0000-00-00',0,'','','',NULL),(940,13,1,'2017-10-08','5011','',9801,0,0,NULL,NULL,0,0,'0000-00-00',0,'','','',NULL),(941,13,1,'2017-10-08','1021','',-9801,0,0,NULL,NULL,0,0,'0000-00-00',0,'','','',NULL),(942,13,1,'2017-10-08','5011','',1440,0,0,NULL,NULL,0,0,'0000-00-00',0,'','','',NULL),(943,13,1,'2017-10-08','1021','',-1440,0,0,NULL,NULL,0,0,'0000-00-00',0,'','','',NULL),(944,13,1,'2017-10-08','5011','',600,0,0,NULL,NULL,0,0,'0000-00-00',0,'','','',NULL),(945,13,1,'2017-10-08','1021','',-600,0,0,NULL,NULL,0,0,'0000-00-00',0,'','','',NULL),(946,13,1,'2017-10-08','5011','',1650,0,0,NULL,NULL,0,0,'0000-00-00',0,'','','',NULL),(947,13,1,'2017-10-08','1021','',-1650,0,0,NULL,NULL,0,0,'0000-00-00',0,'','','',NULL),(948,13,1,'2017-10-08','5011','',87.5,0,0,NULL,NULL,0,0,'0000-00-00',0,'','','',NULL),(949,13,1,'2017-10-08','1021','',-87.5,0,0,NULL,NULL,0,0,'0000-00-00',0,'','','',NULL),(950,13,1,'2017-10-08','5011','',150,0,0,NULL,NULL,0,0,'0000-00-00',0,'','','',NULL),(951,13,1,'2017-10-08','1021','',-150,0,0,NULL,NULL,0,0,'0000-00-00',0,'','','',NULL),(952,13,1,'2017-10-08','5011','',85,0,0,NULL,NULL,0,0,'0000-00-00',0,'','','',NULL),(953,13,1,'2017-10-08','1021','',-85,0,0,NULL,NULL,0,0,'0000-00-00',0,'','','',NULL),(954,13,1,'2017-10-08','5011','',125,0,0,NULL,NULL,0,0,'0000-00-00',0,'','','',NULL),(955,13,1,'2017-10-08','1021','',-125,0,0,NULL,NULL,0,0,'0000-00-00',0,'','','',NULL),(956,13,1,'2017-10-08','5011','',15,0,0,NULL,NULL,0,0,'0000-00-00',0,'','','',NULL),(957,13,1,'2017-10-08','1021','',-15,0,0,NULL,NULL,0,0,'0000-00-00',0,'','','',NULL),(958,10,1,'2017-10-08','4011','',-600,0,0,NULL,NULL,0,0,'0000-00-00',0,'','','',NULL),(959,10,1,'2017-10-08','4011','',-200,0,0,NULL,NULL,0,0,'0000-00-00',0,'','','',NULL),(960,10,1,'2017-10-08','4011','',-500,0,0,NULL,NULL,0,0,'0000-00-00',0,'','','',NULL),(961,10,1,'2017-10-08','4011','',-500,0,0,NULL,NULL,0,0,'0000-00-00',0,'','','',NULL),(962,10,1,'2017-10-08','4011','',-500,0,0,NULL,NULL,0,0,'0000-00-00',0,'','','',NULL),(963,10,1,'2017-10-08','4011','',-300,0,0,NULL,NULL,0,0,'0000-00-00',0,'','','',NULL),(964,10,1,'2017-10-08','4011','',-400,0,0,NULL,NULL,0,0,'0000-00-00',0,'','','',NULL),(965,10,1,'2017-10-08','4011','',-2400,0,0,NULL,NULL,0,0,'0000-00-00',0,'','','',NULL),(966,10,1,'2017-10-08','4011','',-400,0,0,NULL,NULL,0,0,'0000-00-00',0,'','','',NULL),(967,10,1,'2017-10-08','4011','',-800,0,0,NULL,NULL,0,0,'0000-00-00',0,'','','',NULL),(968,10,1,'2017-10-08','4011','',-800,0,0,NULL,NULL,0,0,'0000-00-00',0,'','','',NULL),(969,10,1,'2017-10-08','4011','',-900,0,0,NULL,NULL,0,0,'0000-00-00',0,'','','',NULL),(970,10,1,'2017-10-08','4011','',-100,0,0,NULL,NULL,0,0,'0000-00-00',0,'','','',NULL),(971,10,1,'2017-10-08','4011','',-300,0,0,NULL,NULL,0,0,'0000-00-00',0,'','','',NULL),(972,10,1,'2017-10-08','4011','',-600,0,0,NULL,NULL,0,0,'0000-00-00',0,'','','',NULL),(973,10,1,'2017-10-08','4011','',-450,0,0,NULL,NULL,0,0,'0000-00-00',0,'','','',NULL),(974,10,1,'2017-10-08','4011','',-750,0,0,NULL,NULL,0,0,'0000-00-00',0,'','','',NULL),(975,10,1,'2017-10-08','4011','',-250,0,0,NULL,NULL,0,0,'0000-00-00',0,'','','',NULL),(976,10,1,'2017-10-08','4011','',-375,0,0,NULL,NULL,0,0,'0000-00-00',0,'','','',NULL),(977,10,1,'2017-10-08','4011','',-750,0,0,NULL,NULL,0,0,'0000-00-00',0,'','','',NULL),(978,10,1,'2017-10-08','4011','',-60,0,0,NULL,NULL,0,0,'0000-00-00',0,'','','',NULL),(979,10,1,'2017-10-08','4011','',-400,0,0,NULL,NULL,0,0,'0000-00-00',0,'','','',NULL),(980,10,1,'2017-10-08','4011','',-250,0,0,NULL,NULL,0,0,'0000-00-00',0,'','','',NULL),(981,10,1,'2017-10-08','4011','',-200,0,0,NULL,NULL,0,0,'0000-00-00',0,'','','',NULL),(982,10,1,'2017-10-08','4011','',-4000,0,0,NULL,NULL,0,0,'0000-00-00',0,'','','',NULL),(983,10,1,'2017-10-08','4011','',-4200,0,0,NULL,NULL,0,0,'0000-00-00',0,'','','',NULL),(984,10,1,'2017-10-08','4011','',-300,0,0,NULL,NULL,0,0,'0000-00-00',0,'','','',NULL),(985,10,1,'2017-10-08','4011','',-1500,0,0,NULL,NULL,0,0,'0000-00-00',0,'','','',NULL),(986,10,1,'2017-10-08','4011','',-60,0,0,NULL,NULL,0,0,'0000-00-00',0,'','','',NULL),(987,10,1,'2017-10-08','4011','',-1000,0,0,NULL,NULL,0,0,'0000-00-00',0,'','','',NULL),(988,10,1,'2017-10-08','4011','',-500,0,0,NULL,NULL,0,0,'0000-00-00',0,'','','',NULL),(989,10,1,'2017-10-08','4011','',-500,0,0,NULL,NULL,0,0,'0000-00-00',0,'','','',NULL),(990,10,1,'2017-10-08','4011','',-1000,0,0,NULL,NULL,0,0,'0000-00-00',0,'','','',NULL),(991,10,1,'2017-10-08','4011','',-500,0,0,NULL,NULL,0,0,'0000-00-00',0,'','','',NULL),(992,10,1,'2017-10-08','4011','',-200,0,0,NULL,NULL,0,0,'0000-00-00',0,'','','',NULL),(993,10,1,'2017-10-08','4011','',-600,0,0,NULL,NULL,0,0,'0000-00-00',0,'','','',NULL),(994,10,1,'2017-10-08','4011','',-300,0,0,NULL,NULL,0,0,'0000-00-00',0,'','','',NULL),(995,10,1,'2017-10-08','4011','',-560,0,0,NULL,NULL,0,0,'0000-00-00',0,'','','',NULL),(996,10,1,'2017-10-08','4011','',-200,0,0,NULL,NULL,0,0,'0000-00-00',0,'','','',NULL),(997,10,1,'2017-10-08','4011','',-300,0,0,NULL,NULL,0,0,'0000-00-00',0,'','','',NULL),(998,10,1,'2017-10-08','4011','',-500,0,0,NULL,NULL,0,0,'0000-00-00',0,'','','',NULL),(999,10,1,'2017-10-08','4011','',-300,0,0,NULL,NULL,0,0,'0000-00-00',0,'','','',NULL),(1000,10,1,'2017-10-08','4011','',-600,0,0,NULL,NULL,0,0,'0000-00-00',0,'','','',NULL),(1001,10,1,'2017-10-08','4011','',-800,0,0,NULL,NULL,0,0,'0000-00-00',0,'','','',NULL),(1002,10,1,'2017-10-08','4011','',-200,0,0,NULL,NULL,0,0,'0000-00-00',0,'','','',NULL),(1003,10,1,'2017-10-08','4011','',-600,0,0,NULL,NULL,0,0,'0000-00-00',0,'','','',NULL),(1004,10,1,'2017-10-08','4011','',-500,0,0,NULL,NULL,0,0,'0000-00-00',0,'','','',NULL),(1005,10,1,'2017-10-08','4011','',-600,0,0,NULL,NULL,0,0,'0000-00-00',0,'','','',NULL),(1006,10,1,'2017-10-08','4011','',-300,0,0,NULL,NULL,0,0,'0000-00-00',0,'','','',NULL),(1007,10,1,'2017-10-08','4011','',-2253.36,0,0,NULL,NULL,0,0,'0000-00-00',0,'','','',NULL),(1008,10,1,'2017-10-08','4011','',-520,0,0,NULL,NULL,0,0,'0000-00-00',0,'','','',NULL),(1009,10,1,'2017-10-08','4011','',-300,0,0,NULL,NULL,0,0,'0000-00-00',0,'','','',NULL),(1010,10,1,'2017-10-08','4011','',-25,0,0,NULL,NULL,0,0,'0000-00-00',0,'','','',NULL),(1011,10,1,'2017-10-08','4011','',-25,0,0,NULL,NULL,0,0,'0000-00-00',0,'','','',NULL),(1012,10,1,'2017-10-08','4011','',-500,0,0,NULL,NULL,0,0,'0000-00-00',0,'','','',NULL),(1013,10,1,'2017-10-08','4011','',-600,0,0,NULL,NULL,0,0,'0000-00-00',0,'','','',NULL),(1014,10,1,'2017-10-08','4011','',-150,0,0,NULL,NULL,0,0,'0000-00-00',0,'','','',NULL),(1015,10,1,'2017-10-08','4011','',-500,0,0,NULL,NULL,0,0,'0000-00-00',0,'','','',NULL),(1016,10,1,'2017-10-08','4011','',-30,0,0,NULL,NULL,0,0,'0000-00-00',0,'','','',NULL),(1017,10,1,'2017-10-08','4011','',-300,0,0,NULL,NULL,0,0,'0000-00-00',0,'','','',NULL),(1018,10,1,'2017-10-08','4011','',-20,0,0,NULL,NULL,0,0,'0000-00-00',0,'','','',NULL),(1019,10,1,'2017-10-08','4011','',-60,0,0,NULL,NULL,0,0,'0000-00-00',0,'','','',NULL),(1020,10,1,'2017-10-08','4011','',-600,0,0,NULL,NULL,0,0,'0000-00-00',0,'','','',NULL),(1021,10,1,'2017-10-08','4011','',-15,0,0,NULL,NULL,0,0,'0000-00-00',0,'','','',NULL),(1022,10,1,'2017-10-08','4011','',-800,0,0,NULL,NULL,0,0,'0000-00-00',0,'','','',NULL),(1023,10,1,'2017-10-08','4011','',-1620,0,0,NULL,NULL,0,0,'0000-00-00',0,'','','',NULL),(1024,10,1,'2017-10-08','4011','',-29400,0,0,NULL,NULL,0,0,'0000-00-00',0,'','','',NULL),(1025,10,1,'2017-10-08','4011','',-580,0,0,NULL,NULL,0,0,'0000-00-00',0,'','','',NULL),(1026,10,1,'2017-10-08','4011','',-9801,0,0,NULL,NULL,0,0,'0000-00-00',0,'','','',NULL),(1027,10,1,'2017-10-08','4011','',-1440,0,0,NULL,NULL,0,0,'0000-00-00',0,'','','',NULL),(1028,10,1,'2017-10-08','4011','',-600,0,0,NULL,NULL,0,0,'0000-00-00',0,'','','',NULL),(1029,10,1,'2017-10-08','4011','',-1650,0,0,NULL,NULL,0,0,'0000-00-00',0,'','','',NULL),(1030,10,1,'2017-10-08','4011','',-87.5,0,0,NULL,NULL,0,0,'0000-00-00',0,'','','',NULL),(1031,10,1,'2017-10-08','4011','',-150,0,0,NULL,NULL,0,0,'0000-00-00',0,'','','',NULL),(1032,10,1,'2017-10-08','4011','',-85,0,0,NULL,NULL,0,0,'0000-00-00',0,'','','',NULL),(1033,10,1,'2017-10-08','4011','',-125,0,0,NULL,NULL,0,0,'0000-00-00',0,'','','',NULL),(1034,10,1,'2017-10-08','4011','',-15,0,0,NULL,NULL,0,0,'0000-00-00',0,'','','',NULL),(1035,10,1,'2017-10-08','1013','',85156.86,0,0,2,'10',0,0,'0000-00-00',0,'','','',NULL),(1036,13,2,'2017-10-09','5011','',2200,0,0,NULL,NULL,0,0,'0000-00-00',0,'','','',NULL),(1037,13,2,'2017-10-09','1021','',-2200,0,0,NULL,NULL,0,0,'0000-00-00',0,'','','',NULL),(1038,13,2,'2017-10-09','5011','',528,0,0,NULL,NULL,0,0,'0000-00-00',0,'','','',NULL),(1039,13,2,'2017-10-09','1021','',-528,0,0,NULL,NULL,0,0,'0000-00-00',0,'','','',NULL),(1040,13,2,'2017-10-09','5011','',250,0,0,NULL,NULL,0,0,'0000-00-00',0,'','','',NULL),(1041,13,2,'2017-10-09','1021','',-250,0,0,NULL,NULL,0,0,'0000-00-00',0,'','','',NULL),(1042,13,2,'2017-10-09','5011','',187.79,0,0,NULL,NULL,0,0,'0000-00-00',0,'','','',NULL),(1043,13,2,'2017-10-09','1021','',-187.79,0,0,NULL,NULL,0,0,'0000-00-00',0,'','','',NULL),(1044,13,2,'2017-10-09','5011','',400,0,0,NULL,NULL,0,0,'0000-00-00',0,'','','',NULL),(1045,13,2,'2017-10-09','1021','',-400,0,0,NULL,NULL,0,0,'0000-00-00',0,'','','',NULL),(1046,13,2,'2017-10-09','5011','',920,0,0,NULL,NULL,0,0,'0000-00-00',0,'','','',NULL),(1047,13,2,'2017-10-09','1021','',-920,0,0,NULL,NULL,0,0,'0000-00-00',0,'','','',NULL),(1048,13,2,'2017-10-09','5011','',300,0,0,NULL,NULL,0,0,'0000-00-00',0,'','','',NULL),(1049,13,2,'2017-10-09','1021','',-300,0,0,NULL,NULL,0,0,'0000-00-00',0,'','','',NULL),(1050,13,2,'2017-10-09','5011','',4000,0,0,NULL,NULL,0,0,'0000-00-00',0,'','','',NULL),(1051,13,2,'2017-10-09','1021','',-4000,0,0,NULL,NULL,0,0,'0000-00-00',0,'','','',NULL),(1052,13,2,'2017-10-09','5011','',600,0,0,NULL,NULL,0,0,'0000-00-00',0,'','','',NULL),(1053,13,2,'2017-10-09','1021','',-600,0,0,NULL,NULL,0,0,'0000-00-00',0,'','','',NULL),(1054,13,2,'2017-10-09','5011','',900,0,0,NULL,NULL,0,0,'0000-00-00',0,'','','',NULL),(1055,13,2,'2017-10-09','1021','',-900,0,0,NULL,NULL,0,0,'0000-00-00',0,'','','',NULL),(1056,13,2,'2017-10-09','5011','',120,0,0,NULL,NULL,0,0,'0000-00-00',0,'','','',NULL),(1057,13,2,'2017-10-09','1021','',-120,0,0,NULL,NULL,0,0,'0000-00-00',0,'','','',NULL),(1058,13,2,'2017-10-09','5011','',500,0,0,NULL,NULL,0,0,'0000-00-00',0,'','','',NULL),(1059,13,2,'2017-10-09','1021','',-500,0,0,NULL,NULL,0,0,'0000-00-00',0,'','','',NULL),(1060,13,2,'2017-10-09','5011','',300,0,0,NULL,NULL,0,0,'0000-00-00',0,'','','',NULL),(1061,13,2,'2017-10-09','1021','',-300,0,0,NULL,NULL,0,0,'0000-00-00',0,'','','',NULL),(1062,13,2,'2017-10-09','5011','',410,0,0,NULL,NULL,0,0,'0000-00-00',0,'','','',NULL),(1063,13,2,'2017-10-09','1021','',-410,0,0,NULL,NULL,0,0,'0000-00-00',0,'','','',NULL),(1064,13,2,'2017-10-09','5011','',620,0,0,NULL,NULL,0,0,'0000-00-00',0,'','','',NULL),(1065,13,2,'2017-10-09','1021','',-620,0,0,NULL,NULL,0,0,'0000-00-00',0,'','','',NULL),(1066,13,2,'2017-10-09','5011','',300,0,0,NULL,NULL,0,0,'0000-00-00',0,'','','',NULL),(1067,13,2,'2017-10-09','1021','',-300,0,0,NULL,NULL,0,0,'0000-00-00',0,'','','',NULL),(1068,13,2,'2017-10-09','5011','',3500,0,0,NULL,NULL,0,0,'0000-00-00',0,'','','',NULL),(1069,13,2,'2017-10-09','1021','',-3500,0,0,NULL,NULL,0,0,'0000-00-00',0,'','','',NULL),(1070,13,2,'2017-10-09','5011','',500,0,0,NULL,NULL,0,0,'0000-00-00',0,'','','',NULL),(1071,13,2,'2017-10-09','1021','',-500,0,0,NULL,NULL,0,0,'0000-00-00',0,'','','',NULL),(1072,13,2,'2017-10-09','5011','',800,0,0,NULL,NULL,0,0,'0000-00-00',0,'','','',NULL),(1073,13,2,'2017-10-09','1021','',-800,0,0,NULL,NULL,0,0,'0000-00-00',0,'','','',NULL),(1074,13,2,'2017-10-09','5011','',2040,0,0,NULL,NULL,0,0,'0000-00-00',0,'','','',NULL),(1075,13,2,'2017-10-09','1021','',-2040,0,0,NULL,NULL,0,0,'0000-00-00',0,'','','',NULL),(1076,10,2,'2017-10-09','4011','',-2200,0,0,NULL,NULL,0,0,'0000-00-00',0,'','','',NULL),(1077,10,2,'2017-10-09','4011','',-528,0,0,NULL,NULL,0,0,'0000-00-00',0,'','','',NULL),(1078,10,2,'2017-10-09','4011','',-250,0,0,NULL,NULL,0,0,'0000-00-00',0,'','','',NULL),(1079,10,2,'2017-10-09','4011','',-187.78,0,0,NULL,NULL,0,0,'0000-00-00',0,'','','',NULL),(1080,10,2,'2017-10-09','4011','',-400,0,0,NULL,NULL,0,0,'0000-00-00',0,'','','',NULL),(1081,10,2,'2017-10-09','4011','',-920,0,0,NULL,NULL,0,0,'0000-00-00',0,'','','',NULL),(1082,10,2,'2017-10-09','4011','',-300,0,0,NULL,NULL,0,0,'0000-00-00',0,'','','',NULL),(1083,10,2,'2017-10-09','4011','',-4000,0,0,NULL,NULL,0,0,'0000-00-00',0,'','','',NULL),(1084,10,2,'2017-10-09','4011','',-600,0,0,NULL,NULL,0,0,'0000-00-00',0,'','','',NULL),(1085,10,2,'2017-10-09','4011','',-900,0,0,NULL,NULL,0,0,'0000-00-00',0,'','','',NULL),(1086,10,2,'2017-10-09','4011','',-120,0,0,NULL,NULL,0,0,'0000-00-00',0,'','','',NULL),(1087,10,2,'2017-10-09','4011','',-500,0,0,NULL,NULL,0,0,'0000-00-00',0,'','','',NULL),(1088,10,2,'2017-10-09','4011','',-300,0,0,NULL,NULL,0,0,'0000-00-00',0,'','','',NULL),(1089,10,2,'2017-10-09','4011','',-600,0,0,NULL,NULL,0,0,'0000-00-00',0,'','','',NULL),(1090,10,2,'2017-10-09','4011','',-620,0,0,NULL,NULL,0,0,'0000-00-00',0,'','','',NULL),(1091,10,2,'2017-10-09','4011','',-300,0,0,NULL,NULL,0,0,'0000-00-00',0,'','','',NULL),(1092,10,2,'2017-10-09','4011','',-3500,0,0,NULL,NULL,0,0,'0000-00-00',0,'','','',NULL),(1093,10,2,'2017-10-09','4011','',-500,0,0,NULL,NULL,0,0,'0000-00-00',0,'','','',NULL),(1094,10,2,'2017-10-09','4011','',-800,0,0,NULL,NULL,0,0,'0000-00-00',0,'','','',NULL),(1095,10,2,'2017-10-09','4011','',-2040,0,0,NULL,NULL,0,0,'0000-00-00',0,'','','',NULL),(1096,10,2,'2017-10-09','1013','',19565.78,0,0,2,'3',0,0,'0000-00-00',0,'','','',NULL),(1097,10,2,'2017-10-09','2013','',0,0,0,NULL,NULL,0,0,'0000-00-00',0,'','','',NULL),(1098,13,3,'2017-10-09','5011','',81400,0,0,NULL,NULL,0,0,'0000-00-00',0,'','','',NULL),(1099,13,3,'2017-10-09','1021','',-81400,0,0,NULL,NULL,0,0,'0000-00-00',0,'','','',NULL),(1100,13,3,'2017-10-09','5011','',2300,0,0,NULL,NULL,0,0,'0000-00-00',0,'','','',NULL),(1101,13,3,'2017-10-09','1021','',-2300,0,0,NULL,NULL,0,0,'0000-00-00',0,'','','',NULL),(1102,13,3,'2017-10-09','5011','',400,0,0,NULL,NULL,0,0,'0000-00-00',0,'','','',NULL),(1103,13,3,'2017-10-09','1021','',-400,0,0,NULL,NULL,0,0,'0000-00-00',0,'','','',NULL),(1104,13,3,'2017-10-09','5011','',10725,0,0,NULL,NULL,0,0,'0000-00-00',0,'','','',NULL),(1105,13,3,'2017-10-09','1021','',-10725,0,0,NULL,NULL,0,0,'0000-00-00',0,'','','',NULL),(1106,13,3,'2017-10-09','5011','',1800,0,0,NULL,NULL,0,0,'0000-00-00',0,'','','',NULL),(1107,13,3,'2017-10-09','1021','',-1800,0,0,NULL,NULL,0,0,'0000-00-00',0,'','','',NULL),(1108,13,3,'2017-10-09','5011','',2500,0,0,NULL,NULL,0,0,'0000-00-00',0,'','','',NULL),(1109,13,3,'2017-10-09','1021','',-2500,0,0,NULL,NULL,0,0,'0000-00-00',0,'','','',NULL),(1110,13,3,'2017-10-09','5011','',48800,0,0,NULL,NULL,0,0,'0000-00-00',0,'','','',NULL),(1111,13,3,'2017-10-09','1021','',-48800,0,0,NULL,NULL,0,0,'0000-00-00',0,'','','',NULL),(1112,13,3,'2017-10-09','5011','',46500,0,0,NULL,NULL,0,0,'0000-00-00',0,'','','',NULL),(1113,13,3,'2017-10-09','1021','',-46500,0,0,NULL,NULL,0,0,'0000-00-00',0,'','','',NULL),(1114,13,3,'2017-10-09','5011','',3400,0,0,NULL,NULL,0,0,'0000-00-00',0,'','','',NULL),(1115,13,3,'2017-10-09','1021','',-3400,0,0,NULL,NULL,0,0,'0000-00-00',0,'','','',NULL),(1116,13,3,'2017-10-09','5011','',37200,0,0,NULL,NULL,0,0,'0000-00-00',0,'','','',NULL),(1117,13,3,'2017-10-09','1021','',-37200,0,0,NULL,NULL,0,0,'0000-00-00',0,'','','',NULL),(1118,13,3,'2017-10-09','5011','',16250,0,0,NULL,NULL,0,0,'0000-00-00',0,'','','',NULL),(1119,13,3,'2017-10-09','1021','',-16250,0,0,NULL,NULL,0,0,'0000-00-00',0,'','','',NULL),(1120,13,3,'2017-10-09','5011','',15600,0,0,NULL,NULL,0,0,'0000-00-00',0,'','','',NULL),(1121,13,3,'2017-10-09','1021','',-15600,0,0,NULL,NULL,0,0,'0000-00-00',0,'','','',NULL),(1122,13,3,'2017-10-09','5011','',13500,0,0,NULL,NULL,0,0,'0000-00-00',0,'','','',NULL),(1123,13,3,'2017-10-09','1021','',-13500,0,0,NULL,NULL,0,0,'0000-00-00',0,'','','',NULL),(1124,13,3,'2017-10-09','5011','',22200,0,0,NULL,NULL,0,0,'0000-00-00',0,'','','',NULL),(1125,13,3,'2017-10-09','1021','',-22200,0,0,NULL,NULL,0,0,'0000-00-00',0,'','','',NULL),(1126,13,3,'2017-10-09','5011','',21800,0,0,NULL,NULL,0,0,'0000-00-00',0,'','','',NULL),(1127,13,3,'2017-10-09','1021','',-21800,0,0,NULL,NULL,0,0,'0000-00-00',0,'','','',NULL),(1128,13,3,'2017-10-09','5011','',23200,0,0,NULL,NULL,0,0,'0000-00-00',0,'','','',NULL),(1129,13,3,'2017-10-09','1021','',-23200,0,0,NULL,NULL,0,0,'0000-00-00',0,'','','',NULL),(1130,13,3,'2017-10-09','5011','',35200,0,0,NULL,NULL,0,0,'0000-00-00',0,'','','',NULL),(1131,13,3,'2017-10-09','1021','',-35200,0,0,NULL,NULL,0,0,'0000-00-00',0,'','','',NULL),(1132,13,3,'2017-10-09','5011','',53550,0,0,NULL,NULL,0,0,'0000-00-00',0,'','','',NULL),(1133,13,3,'2017-10-09','1021','',-53550,0,0,NULL,NULL,0,0,'0000-00-00',0,'','','',NULL),(1134,13,3,'2017-10-09','5011','',2800,0,0,NULL,NULL,0,0,'0000-00-00',0,'','','',NULL),(1135,13,3,'2017-10-09','1021','',-2800,0,0,NULL,NULL,0,0,'0000-00-00',0,'','','',NULL),(1136,13,3,'2017-10-09','5011','',4200,0,0,NULL,NULL,0,0,'0000-00-00',0,'','','',NULL),(1137,13,3,'2017-10-09','1021','',-4200,0,0,NULL,NULL,0,0,'0000-00-00',0,'','','',NULL),(1138,13,3,'2017-10-09','5011','',500,0,0,NULL,NULL,0,0,'0000-00-00',0,'','','',NULL),(1139,13,3,'2017-10-09','1021','',-500,0,0,NULL,NULL,0,0,'0000-00-00',0,'','','',NULL),(1140,13,3,'2017-10-09','5011','',1050,0,0,NULL,NULL,0,0,'0000-00-00',0,'','','',NULL),(1141,13,3,'2017-10-09','1021','',-1050,0,0,NULL,NULL,0,0,'0000-00-00',0,'','','',NULL),(1142,10,3,'2017-10-09','4011','',-81400,0,0,NULL,NULL,0,0,'0000-00-00',0,'','','',NULL),(1143,10,3,'2017-10-09','4011','',-2300,0,0,NULL,NULL,0,0,'0000-00-00',0,'','','',NULL),(1144,10,3,'2017-10-09','4011','',-400,0,0,NULL,NULL,0,0,'0000-00-00',0,'','','',NULL),(1145,10,3,'2017-10-09','4011','',-10725,0,0,NULL,NULL,0,0,'0000-00-00',0,'','','',NULL),(1146,10,3,'2017-10-09','4011','',-1800,0,0,NULL,NULL,0,0,'0000-00-00',0,'','','',NULL),(1147,10,3,'2017-10-09','4011','',-2500,0,0,NULL,NULL,0,0,'0000-00-00',0,'','','',NULL),(1148,10,3,'2017-10-09','4011','',-48800,0,0,NULL,NULL,0,0,'0000-00-00',0,'','','',NULL),(1149,10,3,'2017-10-09','4011','',-46500,0,0,NULL,NULL,0,0,'0000-00-00',0,'','','',NULL),(1150,10,3,'2017-10-09','4011','',-3400,0,0,NULL,NULL,0,0,'0000-00-00',0,'','','',NULL),(1151,10,3,'2017-10-09','4011','',-37200,0,0,NULL,NULL,0,0,'0000-00-00',0,'','','',NULL),(1152,10,3,'2017-10-09','4011','',-16250,0,0,NULL,NULL,0,0,'0000-00-00',0,'','','',NULL),(1153,10,3,'2017-10-09','4011','',-15600,0,0,NULL,NULL,0,0,'0000-00-00',0,'','','',NULL),(1154,10,3,'2017-10-09','4011','',-13500,0,0,NULL,NULL,0,0,'0000-00-00',0,'','','',NULL),(1155,10,3,'2017-10-09','4011','',-22200,0,0,NULL,NULL,0,0,'0000-00-00',0,'','','',NULL),(1156,10,3,'2017-10-09','4011','',-21800,0,0,NULL,NULL,0,0,'0000-00-00',0,'','','',NULL),(1157,10,3,'2017-10-09','4011','',-23200,0,0,NULL,NULL,0,0,'0000-00-00',0,'','','',NULL),(1158,10,3,'2017-10-09','4011','',-35200,0,0,NULL,NULL,0,0,'0000-00-00',0,'','','',NULL),(1159,10,3,'2017-10-09','4011','',-53550,0,0,NULL,NULL,0,0,'0000-00-00',0,'','','',NULL),(1160,10,3,'2017-10-09','4011','',-2800,0,0,NULL,NULL,0,0,'0000-00-00',0,'','','',NULL),(1161,10,3,'2017-10-09','4011','',-4200,0,0,NULL,NULL,0,0,'0000-00-00',0,'','','',NULL),(1162,10,3,'2017-10-09','4011','',-500,0,0,NULL,NULL,0,0,'0000-00-00',0,'','','',NULL),(1163,10,3,'2017-10-09','4011','',-1050,0,0,NULL,NULL,0,0,'0000-00-00',0,'','','',NULL),(1164,10,3,'2017-10-09','1013','',444875,0,0,2,'7',0,0,'0000-00-00',0,'','','',NULL),(1165,10,3,'2017-10-09','2013','',0,0,0,NULL,NULL,0,0,'0000-00-00',0,'','','',NULL),(1166,20,19,'2017-10-08','2011','',-78582.84,0,0,3,'20',0,0,'0000-00-00',0,'','','',NULL),(1167,20,19,'2017-10-08','1021','',310,0,0,NULL,NULL,0,0,'0000-00-00',0,'','','',NULL),(1168,20,19,'2017-10-08','1021','',264,0,0,NULL,NULL,0,0,'0000-00-00',0,'','','',NULL),(1169,20,19,'2017-10-08','1021','',2496,0,0,NULL,NULL,0,0,'0000-00-00',0,'','','',NULL),(1170,20,19,'2017-10-08','1021','',1260,0,0,NULL,NULL,0,0,'0000-00-00',0,'','','',NULL),(1171,20,19,'2017-10-08','1021','',2310,0,0,NULL,NULL,0,0,'0000-00-00',0,'','','',NULL),(1172,20,19,'2017-10-08','1021','',2730,0,0,NULL,NULL,0,0,'0000-00-00',0,'','','',NULL),(1173,20,19,'2017-10-08','1021','',4290,0,0,NULL,NULL,0,0,'0000-00-00',0,'','','',NULL),(1174,20,19,'2017-10-08','1021','',2505,0,0,NULL,NULL,0,0,'0000-00-00',0,'','','',NULL),(1175,20,19,'2017-10-08','1021','',1100,0,0,NULL,NULL,0,0,'0000-00-00',0,'','','',NULL),(1176,20,19,'2017-10-08','1021','',1470,0,0,NULL,NULL,0,0,'0000-00-00',0,'','','',NULL),(1177,20,19,'2017-10-08','1021','',9400,0,0,NULL,NULL,0,0,'0000-00-00',0,'','','',NULL),(1178,20,19,'2017-10-08','1021','',1050,0,0,NULL,NULL,0,0,'0000-00-00',0,'','','',NULL),(1179,20,19,'2017-10-08','1021','',2340,0,0,NULL,NULL,0,0,'0000-00-00',0,'','','',NULL),(1180,20,19,'2017-10-08','1021','',2800,0,0,NULL,NULL,0,0,'0000-00-00',0,'','','',NULL),(1181,20,19,'2017-10-08','1021','',14850,0,0,NULL,NULL,0,0,'0000-00-00',0,'','','',NULL),(1182,20,19,'2017-10-08','1021','',11805.84,0,0,NULL,NULL,0,0,'0000-00-00',0,'','','',NULL),(1183,20,19,'2017-10-08','1021','',1060,0,0,NULL,NULL,0,0,'0000-00-00',0,'','','',NULL),(1184,20,19,'2017-10-08','1021','',660,0,0,NULL,NULL,0,0,'0000-00-00',0,'','','',NULL),(1185,20,19,'2017-10-08','1021','',4020,0,0,NULL,NULL,0,0,'0000-00-00',0,'','','',NULL),(1186,20,19,'2017-10-08','1021','',1725,0,0,NULL,NULL,0,0,'0000-00-00',0,'','','',NULL),(1187,20,19,'2017-10-08','1021','',2100,0,0,NULL,NULL,0,0,'0000-00-00',0,'','','',NULL),(1188,20,19,'2017-10-08','1021','',2000,0,0,NULL,NULL,0,0,'0000-00-00',0,'','','',NULL),(1189,20,19,'2017-10-08','1021','',1580,0,0,NULL,NULL,0,0,'0000-00-00',0,'','','',NULL),(1190,20,19,'2017-10-08','1021','',1580,0,0,NULL,NULL,0,0,'0000-00-00',0,'','','',NULL),(1191,20,19,'2017-10-08','1021','',2052,0,0,NULL,NULL,0,0,'0000-00-00',0,'','','',NULL),(1192,20,19,'2017-10-08','1021','',825,0,0,NULL,NULL,0,0,'0000-00-00',0,'','','',NULL),(1193,22,2,'2017-10-12','2011','0',40000,0,0,3,'14',0,0,'2017-10-12',0,'','','',NULL),(1194,22,2,'2017-10-12','10123','',-40000,0,0,NULL,NULL,0,0,'2017-10-12',0,'','','',NULL),(1195,0,6,'2017-10-09','4026','sale of 06 and 07 OCT 2017',-340690,0,0,NULL,NULL,0,0,'0000-00-00',0,'','','',NULL),(1196,0,6,'2017-10-09','10111','sale of 06 and 07 OCT 2017',234823,0,0,NULL,NULL,0,0,'0000-00-00',0,'','','',NULL),(1197,0,6,'2017-10-09','10123','sale of 06 and 07 OCT 2017',105867,0,0,NULL,NULL,0,0,'0000-00-00',0,'','','',NULL),(1198,0,7,'2017-10-09','4026','',-152550,0,0,NULL,NULL,0,0,'0000-00-00',0,'','','',NULL),(1199,0,7,'2017-10-09','10111','Cash Received 114430, Adv Adj 4000,  Cashier account 235',118665,0,0,NULL,NULL,0,0,'0000-00-00',0,'','','',NULL),(1200,0,7,'2017-10-09','10123','',33885,0,0,NULL,NULL,0,0,'0000-00-00',0,'','','',NULL),(1201,22,3,'2017-10-08','2011','0',78582.84,0,0,3,'20',0,0,'2017-10-08',0,'','','',NULL),(1202,22,3,'2017-10-08','10111','',-78582.84,0,0,NULL,NULL,0,0,'2017-10-08',0,'','','',NULL),(1203,22,4,'2017-10-07','2011','0',38565.4,0,0,3,'15',0,0,'2017-10-29',0,'','','',NULL),(1204,22,4,'2017-10-07','10111','',-38565.4,0,0,NULL,NULL,0,0,'2017-10-29',0,'','','',NULL),(1205,17,21,'2017-10-09','5014','',-175,0,0,NULL,NULL,0,0,'0000-00-00',0,'','','',NULL),(1206,17,21,'2017-10-09','1021','',175,0,0,NULL,NULL,0,0,'0000-00-00',0,'','','',NULL),(1207,17,21,'2017-10-09','5014','',-1400,0,0,NULL,NULL,0,0,'0000-00-00',0,'','','',NULL),(1208,17,21,'2017-10-09','1021','',1400,0,0,NULL,NULL,0,0,'0000-00-00',0,'','','',NULL),(1209,17,21,'2017-10-09','5014','',-400,0,0,NULL,NULL,0,0,'0000-00-00',0,'','','',NULL),(1210,17,21,'2017-10-09','1021','',400,0,0,NULL,NULL,0,0,'0000-00-00',0,'','','',NULL),(1211,17,21,'2017-10-09','5014','',-70,0,0,NULL,NULL,0,0,'0000-00-00',0,'','','',NULL),(1212,17,21,'2017-10-09','1021','',70,0,0,NULL,NULL,0,0,'0000-00-00',0,'','','',NULL),(1213,17,21,'2017-10-09','5014','',-245,0,0,NULL,NULL,0,0,'0000-00-00',0,'','','',NULL),(1214,17,21,'2017-10-09','1021','',245,0,0,NULL,NULL,0,0,'0000-00-00',0,'','','',NULL),(1215,13,4,'2017-10-09','5011','',175,0,0,NULL,NULL,0,0,'0000-00-00',0,'','','',NULL),(1216,13,4,'2017-10-09','1021','',-175,0,0,NULL,NULL,0,0,'0000-00-00',0,'','','',NULL),(1217,13,4,'2017-10-09','5011','',1400,0,0,NULL,NULL,0,0,'0000-00-00',0,'','','',NULL),(1218,13,4,'2017-10-09','1021','',-1400,0,0,NULL,NULL,0,0,'0000-00-00',0,'','','',NULL),(1219,13,4,'2017-10-09','5011','',70,0,0,NULL,NULL,0,0,'0000-00-00',0,'','','',NULL),(1220,13,4,'2017-10-09','1021','',-70,0,0,NULL,NULL,0,0,'0000-00-00',0,'','','',NULL),(1221,13,4,'2017-10-09','5011','',245,0,0,NULL,NULL,0,0,'0000-00-00',0,'','','',NULL),(1222,13,4,'2017-10-09','1021','',-245,0,0,NULL,NULL,0,0,'0000-00-00',0,'','','',NULL),(1223,10,4,'2017-10-09','4011','',-175,0,0,NULL,NULL,0,0,'0000-00-00',0,'','','',NULL),(1224,10,4,'2017-10-09','4011','',-1400,0,0,NULL,NULL,0,0,'0000-00-00',0,'','','',NULL),(1225,10,4,'2017-10-09','4011','',-70,0,0,NULL,NULL,0,0,'0000-00-00',0,'','','',NULL),(1226,10,4,'2017-10-09','4011','',-245,0,0,NULL,NULL,0,0,'0000-00-00',0,'','','',NULL),(1227,10,4,'2017-10-09','1013','',1890,0,0,2,'10',0,0,'0000-00-00',0,'','','',NULL),(1228,41,1,'2017-10-09','5019','PART PPAYMENT OF 3 LAC,',75000,0,0,NULL,NULL,0,0,'0000-00-00',0,'','','',NULL),(1229,41,1,'2017-10-09','10111','',-75000,0,0,NULL,NULL,0,0,'0000-00-00',0,'','','',NULL),(1230,20,20,'2017-10-08','2011','',-1100,0,0,3,'2',0,0,'0000-00-00',0,'','','',NULL),(1231,20,20,'2017-10-08','1021','',750,0,0,NULL,NULL,0,0,'0000-00-00',0,'','','',NULL),(1232,20,20,'2017-10-08','1021','',350,0,0,NULL,NULL,0,0,'0000-00-00',0,'','','',NULL),(1233,20,21,'2017-10-07','2011','',-11160,0,0,3,'2',0,0,'0000-00-00',0,'','','',NULL),(1234,20,21,'2017-10-07','1021','',270,0,0,NULL,NULL,0,0,'0000-00-00',0,'','','',NULL),(1235,20,21,'2017-10-07','1021','',8500,0,0,NULL,NULL,0,0,'0000-00-00',0,'','','',NULL),(1236,20,21,'2017-10-07','1021','',540,0,0,NULL,NULL,0,0,'0000-00-00',0,'','','',NULL),(1237,20,21,'2017-10-07','1021','',500,0,0,NULL,NULL,0,0,'0000-00-00',0,'','','',NULL),(1238,20,21,'2017-10-07','1021','',60,0,0,NULL,NULL,0,0,'0000-00-00',0,'','','',NULL),(1239,20,21,'2017-10-07','1021','',750,0,0,NULL,NULL,0,0,'0000-00-00',0,'','','',NULL),(1240,20,21,'2017-10-07','1021','',240,0,0,NULL,NULL,0,0,'0000-00-00',0,'','','',NULL),(1241,20,21,'2017-10-07','1021','',300,0,0,NULL,NULL,0,0,'0000-00-00',0,'','','',NULL),(1242,20,22,'2017-10-06','2011','',-600,0,0,3,'18',0,0,'0000-00-00',0,'','','',NULL),(1243,20,22,'2017-10-06','1021','',600,0,0,NULL,NULL,0,0,'0000-00-00',0,'','','',NULL),(1244,20,23,'2017-10-09','2011','',-1500,0,0,3,'18',0,0,'0000-00-00',0,'','','',NULL),(1245,20,23,'2017-10-09','1021','',1500,0,0,NULL,NULL,0,0,'0000-00-00',0,'','','',NULL),(1246,20,24,'2017-10-07','2011','',-1200,0,0,3,'18',0,0,'0000-00-00',0,'','','',NULL),(1247,20,24,'2017-10-07','1021','',1200,0,0,NULL,NULL,0,0,'0000-00-00',0,'','','',NULL),(1248,20,25,'2017-10-08','2011','',-3250,0,0,3,'21',0,0,'0000-00-00',0,'','','',NULL),(1249,20,25,'2017-10-08','1021','',3250,0,0,NULL,NULL,0,0,'0000-00-00',0,'','','',NULL),(1250,20,26,'2017-10-09','2011','',-6880,0,0,3,'2',0,0,'0000-00-00',0,'','','',NULL),(1251,20,26,'2017-10-09','1021','',1100,0,0,NULL,NULL,0,0,'0000-00-00',0,'','','',NULL),(1252,20,26,'2017-10-09','1021','',1250,0,0,NULL,NULL,0,0,'0000-00-00',0,'','','',NULL),(1253,20,26,'2017-10-09','1021','',600,0,0,NULL,NULL,0,0,'0000-00-00',0,'','','',NULL),(1254,20,26,'2017-10-09','1021','',3120,0,0,NULL,NULL,0,0,'0000-00-00',0,'','','',NULL),(1255,20,26,'2017-10-09','1021','',810,0,0,NULL,NULL,0,0,'0000-00-00',0,'','','',NULL),(1256,20,27,'2017-10-06','2014','',0,0,0,NULL,NULL,0,0,'0000-00-00',0,'','','',NULL),(1257,20,27,'2017-10-06','2011','',-5600,0,0,3,'14',0,0,'0000-00-00',0,'','','',NULL),(1258,20,27,'2017-10-06','1021','',5600,0,0,NULL,NULL,0,0,'0000-00-00',0,'','','',NULL),(1259,20,28,'2017-10-09','2014','',0,0,0,NULL,NULL,0,0,'0000-00-00',0,'','','',NULL),(1260,20,28,'2017-10-09','2011','',-280,0,0,3,'14',0,0,'0000-00-00',0,'','','',NULL),(1261,20,28,'2017-10-09','1021','',280,0,0,NULL,NULL,0,0,'0000-00-00',0,'','','',NULL),(1262,20,29,'2017-10-07','2011','',-2520,0,0,3,'17',0,0,'0000-00-00',0,'','','',NULL),(1263,20,29,'2017-10-07','1021','',400,0,0,NULL,NULL,0,0,'0000-00-00',0,'','','',NULL),(1264,20,29,'2017-10-07','1021','',500,0,0,NULL,NULL,0,0,'0000-00-00',0,'','','',NULL),(1265,20,29,'2017-10-07','1021','',480,0,0,NULL,NULL,0,0,'0000-00-00',0,'','','',NULL),(1266,20,29,'2017-10-07','1021','',240,0,0,NULL,NULL,0,0,'0000-00-00',0,'','','',NULL),(1267,20,29,'2017-10-07','1021','',700,0,0,NULL,NULL,0,0,'0000-00-00',0,'','','',NULL),(1268,20,29,'2017-10-07','1021','',200,0,0,NULL,NULL,0,0,'0000-00-00',0,'','','',NULL),(1269,20,30,'2017-10-07','2011','',-945,0,0,3,'17',0,0,'0000-00-00',0,'','','',NULL),(1270,20,30,'2017-10-07','1021','',160,0,0,NULL,NULL,0,0,'0000-00-00',0,'','','',NULL),(1271,20,30,'2017-10-07','1021','',240,0,0,NULL,NULL,0,0,'0000-00-00',0,'','','',NULL),(1272,20,30,'2017-10-07','1021','',25,0,0,NULL,NULL,0,0,'0000-00-00',0,'','','',NULL),(1273,20,30,'2017-10-07','1021','',240,0,0,NULL,NULL,0,0,'0000-00-00',0,'','','',NULL),(1274,20,30,'2017-10-07','1021','',280,0,0,NULL,NULL,0,0,'0000-00-00',0,'','','',NULL),(1275,20,31,'2017-10-08','2011','',-250,0,0,3,'17',0,0,'0000-00-00',0,'','','',NULL),(1276,20,31,'2017-10-08','1021','',50,0,0,NULL,NULL,0,0,'0000-00-00',0,'','','',NULL),(1277,20,31,'2017-10-08','1021','',200,0,0,NULL,NULL,0,0,'0000-00-00',0,'','','',NULL),(1278,20,32,'2017-10-08','2011','',-335,0,0,3,'17',0,0,'0000-00-00',0,'','','',NULL),(1279,20,32,'2017-10-08','1021','',170,0,0,NULL,NULL,0,0,'0000-00-00',0,'','','',NULL),(1280,20,32,'2017-10-08','1021','',140,0,0,NULL,NULL,0,0,'0000-00-00',0,'','','',NULL),(1281,20,32,'2017-10-08','1021','',25,0,0,NULL,NULL,0,0,'0000-00-00',0,'','','',NULL),(1282,0,8,'2017-10-09','20111','AGAINST BILL 1 TOTAL BILL 4000 EVENT DATE 10-10-17',-2000,0,0,NULL,NULL,0,0,'0000-00-00',0,'','','',NULL),(1283,0,8,'2017-10-09','10111','AGAINST BILL 1 TOTAL BILL 4000 EVENT DATE 10-10-17',2000,0,0,NULL,NULL,0,0,'0000-00-00',0,'','','',NULL),(1284,0,9,'2017-10-09','20111','BOOKING DATE 04',-1000,0,0,NULL,NULL,0,0,'0000-00-00',0,'','','',NULL),(1285,0,9,'2017-10-09','20111','BOOKING DATE 03-10-17',-3000,0,0,NULL,NULL,0,0,'0000-00-00',0,'','','',NULL),(1286,0,9,'2017-10-09','10111','0',4000,0,0,NULL,NULL,0,0,'0000-00-00',0,'','','',NULL),(1287,20,33,'2017-10-06','2011','',-1225,0,0,3,'12',0,0,'0000-00-00',0,'','','',NULL),(1288,20,33,'2017-10-06','1021','',375,0,0,NULL,NULL,0,0,'0000-00-00',0,'','','',NULL),(1289,20,33,'2017-10-06','1021','',850,0,0,NULL,NULL,0,0,'0000-00-00',0,'','','',NULL),(1290,22,5,'2017-10-06','2011','0',1225,0,0,3,'12',0,0,'0000-00-00',0,'','','',NULL),(1291,22,5,'2017-10-06','10111','',-1225,0,0,NULL,NULL,0,0,'0000-00-00',0,'','','',NULL),(1292,0,10,'2017-10-09','5017','',50,0,0,NULL,NULL,0,0,'0000-00-00',0,'','','',NULL),(1293,0,10,'2017-10-09','5048','',900,0,0,NULL,NULL,0,0,'0000-00-00',0,'','','',NULL),(1294,0,10,'2017-10-09','5055','',70,0,0,NULL,NULL,0,0,'0000-00-00',0,'','','',NULL),(1295,0,10,'2017-10-09','5054','',2500,0,0,NULL,NULL,0,0,'0000-00-00',0,'','','',NULL),(1296,0,10,'2017-10-09','10113','',255,0,0,NULL,NULL,0,0,'0000-00-00',0,'','','',NULL),(1297,0,10,'2017-10-09','10111','',-3775,0,0,NULL,NULL,0,0,'0000-00-00',0,'','','',NULL),(1298,41,2,'2017-10-09','5046','SERVICE CHARGES ',15000,0,0,NULL,NULL,0,0,'0000-00-00',0,'','','',NULL),(1299,41,2,'2017-10-09','10111','',-15000,0,0,NULL,NULL,0,0,'0000-00-00',0,'','','',NULL),(1300,41,3,'2017-10-04','5019','PART PAYMENT 300000',125000,0,0,NULL,NULL,0,0,'0000-00-00',0,'','','',NULL),(1301,41,3,'2017-10-04','10111','',-125000,0,0,NULL,NULL,0,0,'0000-00-00',0,'','','',NULL),(1302,41,4,'2017-10-06','2011','',7300,0,0,3,'1',0,0,'0000-00-00',0,'','','',NULL),(1303,41,4,'2017-10-06','10111','',-7300,0,0,NULL,NULL,0,0,'0000-00-00',0,'','','',NULL),(1304,41,5,'2017-10-04','10113','HAND OVER TO MR. SABBIH ABASS ',5000,0,0,NULL,NULL,0,0,'0000-00-00',0,'','','',NULL),(1305,41,5,'2017-10-04','10111','',-5000,0,0,NULL,NULL,0,0,'0000-00-00',0,'','','',NULL),(1306,41,6,'2017-10-05','10152','ADVANCE PAYMENT THROUGH HAROON SAB ',10000,0,0,NULL,NULL,0,0,'0000-00-00',0,'','','',NULL),(1307,41,6,'2017-10-05','10111','',-10000,0,0,NULL,NULL,0,0,'0000-00-00',0,'','','',NULL),(1308,41,7,'2017-10-06','5019','PART PAYMENT 300000',100000,0,0,NULL,NULL,0,0,'0000-00-00',0,'','','',NULL),(1309,41,7,'2017-10-06','10111','',-100000,0,0,NULL,NULL,0,0,'0000-00-00',0,'','','',NULL),(1310,22,6,'2017-10-09','2011','0',9000,0,0,3,'17',0,0,'2017-10-29',0,'','','',NULL),(1311,22,6,'2017-10-09','10111','',-9000,0,0,NULL,NULL,0,0,'2017-10-29',0,'','','',NULL),(1312,20,34,'2017-10-07','2011','',0,0,0,3,'22',0,0,'0000-00-00',0,'','','',NULL),(1313,20,34,'2017-10-07','1021','',0,0,0,NULL,NULL,0,0,'0000-00-00',0,'','','',NULL),(1314,20,34,'2017-10-07','1021','',0,0,0,NULL,NULL,0,0,'0000-00-00',0,'','','',NULL),(1315,20,34,'2017-10-07','1021','',0,0,0,NULL,NULL,0,0,'0000-00-00',0,'','','',NULL),(1316,20,34,'2017-10-07','1021','',0,0,0,NULL,NULL,0,0,'0000-00-00',0,'','','',NULL),(1317,22,7,'2017-10-07','2011','0',17892.6,0,0,3,'22',0,0,'0000-00-00',0,'','','',NULL),(1318,22,7,'2017-10-07','10111','',-17892.6,0,0,NULL,NULL,0,0,'0000-00-00',0,'','','',NULL),(1319,20,35,'2017-10-06','2011','',-3819.6,0,0,3,'23',0,0,'0000-00-00',0,'','','',NULL),(1320,20,35,'2017-10-06','1021','',3819.6,0,0,NULL,NULL,0,0,'0000-00-00',0,'','','',NULL),(1321,22,8,'2017-10-06','2011','0',3819.6,0,0,3,'23',0,0,'0000-00-00',0,'','','',NULL),(1322,22,8,'2017-10-06','10111','',-3819.6,0,0,NULL,NULL,0,0,'0000-00-00',0,'','','',NULL),(1323,0,11,'2017-10-09','10113','',5000,0,0,NULL,NULL,0,0,'0000-00-00',0,'','','',NULL),(1324,0,11,'2017-10-09','10111','',-5000,0,0,NULL,NULL,0,0,'0000-00-00',0,'','','',NULL),(1325,0,12,'2017-10-09','4026','',-136842,0,0,NULL,NULL,0,0,'0000-00-00',0,'','','',NULL),(1326,0,12,'2017-10-09','10111','',82376,0,0,NULL,NULL,0,0,'0000-00-00',0,'','','',NULL),(1327,0,12,'2017-10-09','10123','',54466,0,0,NULL,NULL,0,0,'0000-00-00',0,'','','',NULL),(1328,20,36,'2017-10-09','2011','',-3880,0,0,3,'15',0,0,'0000-00-00',0,'','','',NULL),(1329,20,36,'2017-10-09','1021','',40,0,0,NULL,NULL,0,0,'0000-00-00',0,'','','',NULL),(1330,20,36,'2017-10-09','1021','',140,0,0,NULL,NULL,0,0,'0000-00-00',0,'','','',NULL),(1331,20,36,'2017-10-09','1021','',180,0,0,NULL,NULL,0,0,'0000-00-00',0,'','','',NULL),(1332,20,36,'2017-10-09','1021','',280,0,0,NULL,NULL,0,0,'0000-00-00',0,'','','',NULL),(1333,20,36,'2017-10-09','1021','',2250,0,0,NULL,NULL,0,0,'0000-00-00',0,'','','',NULL),(1334,20,36,'2017-10-09','1021','',600,0,0,NULL,NULL,0,0,'0000-00-00',0,'','','',NULL),(1335,20,36,'2017-10-09','1021','',390,0,0,NULL,NULL,0,0,'0000-00-00',0,'','','',NULL),(1336,22,9,'2017-10-09','2011','0',3880,0,0,3,'15',0,0,'0000-00-00',0,'','','',NULL),(1337,22,9,'2017-10-09','10111','',-3880,0,0,NULL,NULL,0,0,'0000-00-00',0,'','','',NULL),(1338,0,13,'2017-10-09','5017','',150,0,0,NULL,NULL,0,0,'0000-00-00',0,'','','',NULL),(1339,0,13,'2017-10-09','10111','BABA LATIF STORE INV 819',-150,0,0,NULL,NULL,0,0,'0000-00-00',0,'','','',NULL),(1340,0,14,'2017-10-09','5058','24-09-2017 TO 09-10-2017',2800,0,0,NULL,NULL,0,0,'0000-00-00',0,'','','',NULL),(1341,0,14,'2017-10-09','10111','24-09-2017 TO 09-10-2017',-2800,0,0,NULL,NULL,0,0,'0000-00-00',0,'','','',NULL),(1342,20,37,'2017-10-07','2011','',-17892.6,0,0,3,'22',0,0,'0000-00-00',0,'','','',NULL),(1343,20,37,'2017-10-07','1021','',8024.4,0,0,NULL,NULL,0,0,'0000-00-00',0,'','','',NULL),(1344,20,37,'2017-10-07','1021','',8024.4,0,0,NULL,NULL,0,0,'0000-00-00',0,'','','',NULL),(1345,20,37,'2017-10-07','1021','',744,0,0,NULL,NULL,0,0,'0000-00-00',0,'','','',NULL),(1346,20,37,'2017-10-07','1021','',1099.8,0,0,NULL,NULL,0,0,'0000-00-00',0,'','','',NULL),(1347,41,8,'2017-10-09','5031','FOR THE MONTH OF AUGEST',55000,0,0,NULL,NULL,0,0,'0000-00-00',0,'','','',NULL),(1348,41,8,'2017-10-09','10111','',-55000,0,0,NULL,NULL,0,0,'0000-00-00',0,'','','',NULL),(1349,17,22,'2017-10-09','5014','',-5400,0,0,NULL,NULL,0,0,'0000-00-00',0,'','','',NULL),(1350,17,22,'2017-10-09','1021','',5400,0,0,NULL,NULL,0,0,'0000-00-00',0,'','','',NULL),(1351,13,5,'2017-10-09','5011','',850,0,0,NULL,NULL,0,0,'0000-00-00',0,'','','',NULL),(1352,13,5,'2017-10-09','1021','',-850,0,0,NULL,NULL,0,0,'0000-00-00',0,'','','',NULL),(1353,13,5,'2017-10-09','5011','',600,0,0,NULL,NULL,0,0,'0000-00-00',0,'','','',NULL),(1354,13,5,'2017-10-09','1021','',-600,0,0,NULL,NULL,0,0,'0000-00-00',0,'','','',NULL),(1355,13,5,'2017-10-09','5011','',200,0,0,NULL,NULL,0,0,'0000-00-00',0,'','','',NULL),(1356,13,5,'2017-10-09','1021','',-200,0,0,NULL,NULL,0,0,'0000-00-00',0,'','','',NULL),(1357,13,5,'2017-10-09','5011','',560,0,0,NULL,NULL,0,0,'0000-00-00',0,'','','',NULL),(1358,13,5,'2017-10-09','1021','',-560,0,0,NULL,NULL,0,0,'0000-00-00',0,'','','',NULL),(1359,13,5,'2017-10-09','5011','',360,0,0,NULL,NULL,0,0,'0000-00-00',0,'','','',NULL),(1360,13,5,'2017-10-09','1021','',-360,0,0,NULL,NULL,0,0,'0000-00-00',0,'','','',NULL),(1361,13,5,'2017-10-09','5011','',1680,0,0,NULL,NULL,0,0,'0000-00-00',0,'','','',NULL),(1362,13,5,'2017-10-09','1021','',-1680,0,0,NULL,NULL,0,0,'0000-00-00',0,'','','',NULL),(1363,13,5,'2017-10-09','5011','',600,0,0,NULL,NULL,0,0,'0000-00-00',0,'','','',NULL),(1364,13,5,'2017-10-09','1021','',-600,0,0,NULL,NULL,0,0,'0000-00-00',0,'','','',NULL),(1365,13,5,'2017-10-09','5011','',400,0,0,NULL,NULL,0,0,'0000-00-00',0,'','','',NULL),(1366,13,5,'2017-10-09','1021','',-400,0,0,NULL,NULL,0,0,'0000-00-00',0,'','','',NULL),(1367,13,5,'2017-10-09','5011','',250,0,0,NULL,NULL,0,0,'0000-00-00',0,'','','',NULL),(1368,13,5,'2017-10-09','1021','',-250,0,0,NULL,NULL,0,0,'0000-00-00',0,'','','',NULL),(1369,13,5,'2017-10-09','5011','',258,0,0,NULL,NULL,0,0,'0000-00-00',0,'','','',NULL),(1370,13,5,'2017-10-09','1021','',-258,0,0,NULL,NULL,0,0,'0000-00-00',0,'','','',NULL),(1371,13,5,'2017-10-09','5011','',400,0,0,NULL,NULL,0,0,'0000-00-00',0,'','','',NULL),(1372,13,5,'2017-10-09','1021','',-400,0,0,NULL,NULL,0,0,'0000-00-00',0,'','','',NULL),(1373,13,5,'2017-10-09','5011','',160,0,0,NULL,NULL,0,0,'0000-00-00',0,'','','',NULL),(1374,13,5,'2017-10-09','1021','',-160,0,0,NULL,NULL,0,0,'0000-00-00',0,'','','',NULL),(1375,13,5,'2017-10-09','5011','',127.55,0,0,NULL,NULL,0,0,'0000-00-00',0,'','','',NULL),(1376,13,5,'2017-10-09','1021','',-127.55,0,0,NULL,NULL,0,0,'0000-00-00',0,'','','',NULL),(1377,13,5,'2017-10-09','5011','',2160,0,0,NULL,NULL,0,0,'0000-00-00',0,'','','',NULL),(1378,13,5,'2017-10-09','1021','',-2160,0,0,NULL,NULL,0,0,'0000-00-00',0,'','','',NULL),(1379,13,5,'2017-10-09','5011','',1604.88,0,0,NULL,NULL,0,0,'0000-00-00',0,'','','',NULL),(1380,13,5,'2017-10-09','1021','',-1604.88,0,0,NULL,NULL,0,0,'0000-00-00',0,'','','',NULL),(1381,13,5,'2017-10-09','5011','',261.23,0,0,NULL,NULL,0,0,'0000-00-00',0,'','','',NULL),(1382,13,5,'2017-10-09','1021','',-261.23,0,0,NULL,NULL,0,0,'0000-00-00',0,'','','',NULL),(1383,13,5,'2017-10-09','5011','',541.07,0,0,NULL,NULL,0,0,'0000-00-00',0,'','','',NULL),(1384,13,5,'2017-10-09','1021','',-541.07,0,0,NULL,NULL,0,0,'0000-00-00',0,'','','',NULL),(1385,13,5,'2017-10-09','5011','',250,0,0,NULL,NULL,0,0,'0000-00-00',0,'','','',NULL),(1386,13,5,'2017-10-09','1021','',-250,0,0,NULL,NULL,0,0,'0000-00-00',0,'','','',NULL),(1387,13,5,'2017-10-09','5011','',1433.33,0,0,NULL,NULL,0,0,'0000-00-00',0,'','','',NULL),(1388,13,5,'2017-10-09','1021','',-1433.33,0,0,NULL,NULL,0,0,'0000-00-00',0,'','','',NULL),(1389,13,5,'2017-10-09','5011','',2160,0,0,NULL,NULL,0,0,'0000-00-00',0,'','','',NULL),(1390,13,5,'2017-10-09','1021','',-2160,0,0,NULL,NULL,0,0,'0000-00-00',0,'','','',NULL),(1391,13,5,'2017-10-09','5011','',938.58,0,0,NULL,NULL,0,0,'0000-00-00',0,'','','',NULL),(1392,13,5,'2017-10-09','1021','',-938.58,0,0,NULL,NULL,0,0,'0000-00-00',0,'','','',NULL),(1393,13,5,'2017-10-09','5011','',1760,0,0,NULL,NULL,0,0,'0000-00-00',0,'','','',NULL),(1394,13,5,'2017-10-09','1021','',-1760,0,0,NULL,NULL,0,0,'0000-00-00',0,'','','',NULL),(1395,13,5,'2017-10-09','5011','',891.95,0,0,NULL,NULL,0,0,'0000-00-00',0,'','','',NULL),(1396,13,5,'2017-10-09','1021','',-891.95,0,0,NULL,NULL,0,0,'0000-00-00',0,'','','',NULL),(1397,13,5,'2017-10-09','5011','',580,0,0,NULL,NULL,0,0,'0000-00-00',0,'','','',NULL),(1398,13,5,'2017-10-09','1021','',-580,0,0,NULL,NULL,0,0,'0000-00-00',0,'','','',NULL),(1399,13,5,'2017-10-09','5011','',1080,0,0,NULL,NULL,0,0,'0000-00-00',0,'','','',NULL),(1400,13,5,'2017-10-09','1021','',-1080,0,0,NULL,NULL,0,0,'0000-00-00',0,'','','',NULL),(1401,13,5,'2017-10-09','5011','',580,0,0,NULL,NULL,0,0,'0000-00-00',0,'','','',NULL),(1402,13,5,'2017-10-09','1021','',-580,0,0,NULL,NULL,0,0,'0000-00-00',0,'','','',NULL),(1403,13,5,'2017-10-09','5011','',560,0,0,NULL,NULL,0,0,'0000-00-00',0,'','','',NULL),(1404,13,5,'2017-10-09','1021','',-560,0,0,NULL,NULL,0,0,'0000-00-00',0,'','','',NULL),(1405,13,5,'2017-10-09','5011','',563.15,0,0,NULL,NULL,0,0,'0000-00-00',0,'','','',NULL),(1406,13,5,'2017-10-09','1021','',-563.15,0,0,NULL,NULL,0,0,'0000-00-00',0,'','','',NULL),(1407,13,5,'2017-10-09','5011','',750,0,0,NULL,NULL,0,0,'0000-00-00',0,'','','',NULL),(1408,13,5,'2017-10-09','1021','',-750,0,0,NULL,NULL,0,0,'0000-00-00',0,'','','',NULL),(1409,13,5,'2017-10-09','5011','',270,0,0,NULL,NULL,0,0,'0000-00-00',0,'','','',NULL),(1410,13,5,'2017-10-09','1021','',-270,0,0,NULL,NULL,0,0,'0000-00-00',0,'','','',NULL),(1411,13,5,'2017-10-09','5011','',142.5,0,0,NULL,NULL,0,0,'0000-00-00',0,'','','',NULL),(1412,13,5,'2017-10-09','1021','',-142.5,0,0,NULL,NULL,0,0,'0000-00-00',0,'','','',NULL),(1413,10,5,'2017-10-09','4011','',-850,0,0,NULL,NULL,0,0,'0000-00-00',0,'','','',NULL),(1414,10,5,'2017-10-09','4011','',-600,0,0,NULL,NULL,0,0,'0000-00-00',0,'','','',NULL),(1415,10,5,'2017-10-09','4011','',-200,0,0,NULL,NULL,0,0,'0000-00-00',0,'','','',NULL),(1416,10,5,'2017-10-09','4011','',-560,0,0,NULL,NULL,0,0,'0000-00-00',0,'','','',NULL),(1417,10,5,'2017-10-09','4011','',-360,0,0,NULL,NULL,0,0,'0000-00-00',0,'','','',NULL),(1418,10,5,'2017-10-09','4011','',-1680,0,0,NULL,NULL,0,0,'0000-00-00',0,'','','',NULL),(1419,10,5,'2017-10-09','4011','',-600,0,0,NULL,NULL,0,0,'0000-00-00',0,'','','',NULL),(1420,10,5,'2017-10-09','4011','',-400,0,0,NULL,NULL,0,0,'0000-00-00',0,'','','',NULL),(1421,10,5,'2017-10-09','4011','',-250,0,0,NULL,NULL,0,0,'0000-00-00',0,'','','',NULL),(1422,10,5,'2017-10-09','4011','',-258,0,0,NULL,NULL,0,0,'0000-00-00',0,'','','',NULL),(1423,10,5,'2017-10-09','4011','',-400,0,0,NULL,NULL,0,0,'0000-00-00',0,'','','',NULL),(1424,10,5,'2017-10-09','4011','',-160,0,0,NULL,NULL,0,0,'0000-00-00',0,'','','',NULL),(1425,10,5,'2017-10-09','4011','',-127.55,0,0,NULL,NULL,0,0,'0000-00-00',0,'','','',NULL),(1426,10,5,'2017-10-09','4011','',-2160,0,0,NULL,NULL,0,0,'0000-00-00',0,'','','',NULL),(1427,10,5,'2017-10-09','4011','',-1604.88,0,0,NULL,NULL,0,0,'0000-00-00',0,'','','',NULL),(1428,10,5,'2017-10-09','4011','',-261.24,0,0,NULL,NULL,0,0,'0000-00-00',0,'','','',NULL),(1429,10,5,'2017-10-09','4011','',-541.08,0,0,NULL,NULL,0,0,'0000-00-00',0,'','','',NULL),(1430,10,5,'2017-10-09','4011','',-250,0,0,NULL,NULL,0,0,'0000-00-00',0,'','','',NULL),(1431,10,5,'2017-10-09','4011','',-1433.34,0,0,NULL,NULL,0,0,'0000-00-00',0,'','','',NULL),(1432,10,5,'2017-10-09','4011','',-2178,0,0,NULL,NULL,0,0,'0000-00-00',0,'','','',NULL),(1433,10,5,'2017-10-09','4011','',-938.6,0,0,NULL,NULL,0,0,'0000-00-00',0,'','','',NULL),(1434,10,5,'2017-10-09','4011','',-1760,0,0,NULL,NULL,0,0,'0000-00-00',0,'','','',NULL),(1435,10,5,'2017-10-09','4011','',-891.94,0,0,NULL,NULL,0,0,'0000-00-00',0,'','','',NULL),(1436,10,5,'2017-10-09','4011','',-580,0,0,NULL,NULL,0,0,'0000-00-00',0,'','','',NULL),(1437,10,5,'2017-10-09','4011','',-1080,0,0,NULL,NULL,0,0,'0000-00-00',0,'','','',NULL),(1438,10,5,'2017-10-09','4011','',-580.02,0,0,NULL,NULL,0,0,'0000-00-00',0,'','','',NULL),(1439,10,5,'2017-10-09','4011','',-560,0,0,NULL,NULL,0,0,'0000-00-00',0,'','','',NULL),(1440,10,5,'2017-10-09','4011','',-563.16,0,0,NULL,NULL,0,0,'0000-00-00',0,'','','',NULL),(1441,10,5,'2017-10-09','4011','',-750,0,0,NULL,NULL,0,0,'0000-00-00',0,'','','',NULL),(1442,10,5,'2017-10-09','4011','',-270,0,0,NULL,NULL,0,0,'0000-00-00',0,'','','',NULL),(1443,10,5,'2017-10-09','4011','',-142.5,0,0,NULL,NULL,0,0,'0000-00-00',0,'','','',NULL),(1444,10,5,'2017-10-09','1013','',22990.31,0,0,2,'10',0,0,'0000-00-00',0,'','','',NULL),(1445,13,6,'2017-10-08','5011','',292.86,0,0,NULL,NULL,0,0,'0000-00-00',0,'','','',NULL),(1446,13,6,'2017-10-08','1021','',-292.86,0,0,NULL,NULL,0,0,'0000-00-00',0,'','','',NULL),(1447,13,6,'2017-10-08','5011','',891.95,0,0,NULL,NULL,0,0,'0000-00-00',0,'','','',NULL),(1448,13,6,'2017-10-08','1021','',-891.95,0,0,NULL,NULL,0,0,'0000-00-00',0,'','','',NULL),(1449,13,6,'2017-10-08','5011','',332,0,0,NULL,NULL,0,0,'0000-00-00',0,'','','',NULL),(1450,13,6,'2017-10-08','1021','',-332,0,0,NULL,NULL,0,0,'0000-00-00',0,'','','',NULL),(1451,13,6,'2017-10-08','5011','',1120,0,0,NULL,NULL,0,0,'0000-00-00',0,'','','',NULL),(1452,13,6,'2017-10-08','1021','',-1120,0,0,NULL,NULL,0,0,'0000-00-00',0,'','','',NULL),(1453,13,6,'2017-10-08','5011','',360,0,0,NULL,NULL,0,0,'0000-00-00',0,'','','',NULL),(1454,13,6,'2017-10-08','1021','',-360,0,0,NULL,NULL,0,0,'0000-00-00',0,'','','',NULL),(1455,13,6,'2017-10-08','5011','',320,0,0,NULL,NULL,0,0,'0000-00-00',0,'','','',NULL),(1456,13,6,'2017-10-08','1021','',-320,0,0,NULL,NULL,0,0,'0000-00-00',0,'','','',NULL),(1457,13,6,'2017-10-08','5011','',750,0,0,NULL,NULL,0,0,'0000-00-00',0,'','','',NULL),(1458,13,6,'2017-10-08','1021','',-750,0,0,NULL,NULL,0,0,'0000-00-00',0,'','','',NULL),(1459,13,6,'2017-10-08','5011','',650,0,0,NULL,NULL,0,0,'0000-00-00',0,'','','',NULL),(1460,13,6,'2017-10-08','1021','',-650,0,0,NULL,NULL,0,0,'0000-00-00',0,'','','',NULL),(1461,13,6,'2017-10-08','5011','',2000,0,0,NULL,NULL,0,0,'0000-00-00',0,'','','',NULL),(1462,13,6,'2017-10-08','1021','',-2000,0,0,NULL,NULL,0,0,'0000-00-00',0,'','','',NULL),(1463,13,6,'2017-10-08','5011','',1500,0,0,NULL,NULL,0,0,'0000-00-00',0,'','','',NULL),(1464,13,6,'2017-10-08','1021','',-1500,0,0,NULL,NULL,0,0,'0000-00-00',0,'','','',NULL),(1465,13,6,'2017-10-08','5011','',300,0,0,NULL,NULL,0,0,'0000-00-00',0,'','','',NULL),(1466,13,6,'2017-10-08','1021','',-300,0,0,NULL,NULL,0,0,'0000-00-00',0,'','','',NULL),(1467,13,6,'2017-10-08','5011','',1300,0,0,NULL,NULL,0,0,'0000-00-00',0,'','','',NULL),(1468,13,6,'2017-10-08','1021','',-1300,0,0,NULL,NULL,0,0,'0000-00-00',0,'','','',NULL),(1469,13,6,'2017-10-08','5011','',400,0,0,NULL,NULL,0,0,'0000-00-00',0,'','','',NULL),(1470,13,6,'2017-10-08','1021','',-400,0,0,NULL,NULL,0,0,'0000-00-00',0,'','','',NULL),(1471,13,6,'2017-10-08','5011','',400,0,0,NULL,NULL,0,0,'0000-00-00',0,'','','',NULL),(1472,13,6,'2017-10-08','1021','',-400,0,0,NULL,NULL,0,0,'0000-00-00',0,'','','',NULL),(1473,13,6,'2017-10-08','5011','',520,0,0,NULL,NULL,0,0,'0000-00-00',0,'','','',NULL),(1474,13,6,'2017-10-08','1021','',-520,0,0,NULL,NULL,0,0,'0000-00-00',0,'','','',NULL),(1475,13,6,'2017-10-08','5011','',240,0,0,NULL,NULL,0,0,'0000-00-00',0,'','','',NULL),(1476,13,6,'2017-10-08','1021','',-240,0,0,NULL,NULL,0,0,'0000-00-00',0,'','','',NULL),(1477,13,6,'2017-10-08','5011','',50,0,0,NULL,NULL,0,0,'0000-00-00',0,'','','',NULL),(1478,13,6,'2017-10-08','1021','',-50,0,0,NULL,NULL,0,0,'0000-00-00',0,'','','',NULL),(1479,13,6,'2017-10-08','5011','',120,0,0,NULL,NULL,0,0,'0000-00-00',0,'','','',NULL),(1480,13,6,'2017-10-08','1021','',-120,0,0,NULL,NULL,0,0,'0000-00-00',0,'','','',NULL),(1481,13,6,'2017-10-08','5011','',2164.29,0,0,NULL,NULL,0,0,'0000-00-00',0,'','','',NULL),(1482,13,6,'2017-10-08','1021','',-2164.29,0,0,NULL,NULL,0,0,'0000-00-00',0,'','','',NULL),(1483,13,6,'2017-10-08','5011','',2139.84,0,0,NULL,NULL,0,0,'0000-00-00',0,'','','',NULL),(1484,13,6,'2017-10-08','1021','',-2139.84,0,0,NULL,NULL,0,0,'0000-00-00',0,'','','',NULL),(1485,13,6,'2017-10-08','5011','',879.84,0,0,NULL,NULL,0,0,'0000-00-00',0,'','','',NULL),(1486,13,6,'2017-10-08','1021','',-879.84,0,0,NULL,NULL,0,0,'0000-00-00',0,'','','',NULL),(1487,13,6,'2017-10-08','5011','',983.82,0,0,NULL,NULL,0,0,'0000-00-00',0,'','','',NULL),(1488,13,6,'2017-10-08','1021','',-983.82,0,0,NULL,NULL,0,0,'0000-00-00',0,'','','',NULL),(1489,10,6,'2017-10-08','4011','',-292.86,0,0,NULL,NULL,0,0,'0000-00-00',0,'','','',NULL),(1490,10,6,'2017-10-08','4011','',-891.94,0,0,NULL,NULL,0,0,'0000-00-00',0,'','','',NULL),(1491,10,6,'2017-10-08','4011','',-332,0,0,NULL,NULL,0,0,'0000-00-00',0,'','','',NULL),(1492,10,6,'2017-10-08','4011','',-1120,0,0,NULL,NULL,0,0,'0000-00-00',0,'','','',NULL),(1493,10,6,'2017-10-08','4011','',-360,0,0,NULL,NULL,0,0,'0000-00-00',0,'','','',NULL),(1494,10,6,'2017-10-08','4011','',-320,0,0,NULL,NULL,0,0,'0000-00-00',0,'','','',NULL),(1495,10,6,'2017-10-08','4011','',-750,0,0,NULL,NULL,0,0,'0000-00-00',0,'','','',NULL),(1496,10,6,'2017-10-08','4011','',-650,0,0,NULL,NULL,0,0,'0000-00-00',0,'','','',NULL),(1497,10,6,'2017-10-08','4011','',-2000,0,0,NULL,NULL,0,0,'0000-00-00',0,'','','',NULL),(1498,10,6,'2017-10-08','4011','',-1500,0,0,NULL,NULL,0,0,'0000-00-00',0,'','','',NULL),(1499,10,6,'2017-10-08','4011','',-300,0,0,NULL,NULL,0,0,'0000-00-00',0,'','','',NULL),(1500,10,6,'2017-10-08','4011','',-1300,0,0,NULL,NULL,0,0,'0000-00-00',0,'','','',NULL),(1501,10,6,'2017-10-08','4011','',-400,0,0,NULL,NULL,0,0,'0000-00-00',0,'','','',NULL),(1502,10,6,'2017-10-08','4011','',-400,0,0,NULL,NULL,0,0,'0000-00-00',0,'','','',NULL),(1503,10,6,'2017-10-08','4011','',-520,0,0,NULL,NULL,0,0,'0000-00-00',0,'','','',NULL),(1504,10,6,'2017-10-08','4011','',-240,0,0,NULL,NULL,0,0,'0000-00-00',0,'','','',NULL),(1505,10,6,'2017-10-08','4011','',-77.72,0,0,NULL,NULL,0,0,'0000-00-00',0,'','','',NULL),(1506,10,6,'2017-10-08','4011','',-233.16,0,0,NULL,NULL,0,0,'0000-00-00',0,'','','',NULL),(1507,10,6,'2017-10-08','4011','',-2164.32,0,0,NULL,NULL,0,0,'0000-00-00',0,'','','',NULL),(1508,10,6,'2017-10-08','4011','',-2139.84,0,0,NULL,NULL,0,0,'0000-00-00',0,'','','',NULL),(1509,10,6,'2017-10-08','4011','',-3730.56,0,0,NULL,NULL,0,0,'0000-00-00',0,'','','',NULL),(1510,10,6,'2017-10-08','4011','',-155.44,0,0,NULL,NULL,0,0,'0000-00-00',0,'','','',NULL),(1511,10,6,'2017-10-08','1013','',19877.84,0,0,2,'10',0,0,'0000-00-00',0,'','','',NULL),(1512,13,7,'2017-10-09','5011','',850,0,0,NULL,NULL,0,0,'0000-00-00',0,'','','',NULL),(1513,13,7,'2017-10-09','1021','',-850,0,0,NULL,NULL,0,0,'0000-00-00',0,'','','',NULL),(1514,13,7,'2017-10-09','5011','',382.65,0,0,NULL,NULL,0,0,'0000-00-00',0,'','','',NULL),(1515,13,7,'2017-10-09','1021','',-382.65,0,0,NULL,NULL,0,0,'0000-00-00',0,'','','',NULL),(1516,13,7,'2017-10-09','5011','',2252.58,0,0,NULL,NULL,0,0,'0000-00-00',0,'','','',NULL),(1517,13,7,'2017-10-09','1021','',-2252.58,0,0,NULL,NULL,0,0,'0000-00-00',0,'','','',NULL),(1518,13,7,'2017-10-09','5011','',1680,0,0,NULL,NULL,0,0,'0000-00-00',0,'','','',NULL),(1519,13,7,'2017-10-09','1021','',-1680,0,0,NULL,NULL,0,0,'0000-00-00',0,'','','',NULL),(1520,13,7,'2017-10-09','5011','',540,0,0,NULL,NULL,0,0,'0000-00-00',0,'','','',NULL),(1521,13,7,'2017-10-09','1021','',-540,0,0,NULL,NULL,0,0,'0000-00-00',0,'','','',NULL),(1522,13,7,'2017-10-09','5011','',176,0,0,NULL,NULL,0,0,'0000-00-00',0,'','','',NULL),(1523,13,7,'2017-10-09','1021','',-176,0,0,NULL,NULL,0,0,'0000-00-00',0,'','','',NULL),(1524,13,7,'2017-10-09','5011','',25,0,0,NULL,NULL,0,0,'0000-00-00',0,'','','',NULL),(1525,13,7,'2017-10-09','1021','',-25,0,0,NULL,NULL,0,0,'0000-00-00',0,'','','',NULL),(1526,13,7,'2017-10-09','5011','',164,0,0,NULL,NULL,0,0,'0000-00-00',0,'','','',NULL),(1527,13,7,'2017-10-09','1021','',-164,0,0,NULL,NULL,0,0,'0000-00-00',0,'','','',NULL),(1528,13,7,'2017-10-09','5011','',200,0,0,NULL,NULL,0,0,'0000-00-00',0,'','','',NULL),(1529,13,7,'2017-10-09','1021','',-200,0,0,NULL,NULL,0,0,'0000-00-00',0,'','','',NULL),(1530,13,7,'2017-10-09','5011','',380,0,0,NULL,NULL,0,0,'0000-00-00',0,'','','',NULL),(1531,13,7,'2017-10-09','1021','',-380,0,0,NULL,NULL,0,0,'0000-00-00',0,'','','',NULL),(1532,13,7,'2017-10-09','5011','',50,0,0,NULL,NULL,0,0,'0000-00-00',0,'','','',NULL),(1533,13,7,'2017-10-09','1021','',-50,0,0,NULL,NULL,0,0,'0000-00-00',0,'','','',NULL),(1534,13,7,'2017-10-09','5011','',1300,0,0,NULL,NULL,0,0,'0000-00-00',0,'','','',NULL),(1535,13,7,'2017-10-09','1021','',-1300,0,0,NULL,NULL,0,0,'0000-00-00',0,'','','',NULL),(1536,13,7,'2017-10-09','5011','',1146.8,0,0,NULL,NULL,0,0,'0000-00-00',0,'','','',NULL),(1537,13,7,'2017-10-09','1021','',-1146.8,0,0,NULL,NULL,0,0,'0000-00-00',0,'','','',NULL),(1538,13,7,'2017-10-09','5011','',20,0,0,NULL,NULL,0,0,'0000-00-00',0,'','','',NULL),(1539,13,7,'2017-10-09','1021','',-20,0,0,NULL,NULL,0,0,'0000-00-00',0,'','','',NULL),(1540,13,7,'2017-10-09','5011','',983.82,0,0,NULL,NULL,0,0,'0000-00-00',0,'','','',NULL),(1541,13,7,'2017-10-09','1021','',-983.82,0,0,NULL,NULL,0,0,'0000-00-00',0,'','','',NULL),(1542,13,7,'2017-10-09','5011','',300,0,0,NULL,NULL,0,0,'0000-00-00',0,'','','',NULL),(1543,13,7,'2017-10-09','1021','',-300,0,0,NULL,NULL,0,0,'0000-00-00',0,'','','',NULL),(1544,13,7,'2017-10-09','5011','',560,0,0,NULL,NULL,0,0,'0000-00-00',0,'','','',NULL),(1545,13,7,'2017-10-09','1021','',-560,0,0,NULL,NULL,0,0,'0000-00-00',0,'','','',NULL),(1546,13,7,'2017-10-09','5011','',1400,0,0,NULL,NULL,0,0,'0000-00-00',0,'','','',NULL),(1547,13,7,'2017-10-09','1021','',-1400,0,0,NULL,NULL,0,0,'0000-00-00',0,'','','',NULL),(1548,13,7,'2017-10-09','5011','',341.82,0,0,NULL,NULL,0,0,'0000-00-00',0,'','','',NULL),(1549,13,7,'2017-10-09','1021','',-341.82,0,0,NULL,NULL,0,0,'0000-00-00',0,'','','',NULL),(1550,13,7,'2017-10-09','5011','',250,0,0,NULL,NULL,0,0,'0000-00-00',0,'','','',NULL),(1551,13,7,'2017-10-09','1021','',-250,0,0,NULL,NULL,0,0,'0000-00-00',0,'','','',NULL),(1552,13,7,'2017-10-09','5011','',800,0,0,NULL,NULL,0,0,'0000-00-00',0,'','','',NULL),(1553,13,7,'2017-10-09','1021','',-800,0,0,NULL,NULL,0,0,'0000-00-00',0,'','','',NULL),(1554,13,7,'2017-10-09','5011','',750,0,0,NULL,NULL,0,0,'0000-00-00',0,'','','',NULL),(1555,13,7,'2017-10-09','1021','',-750,0,0,NULL,NULL,0,0,'0000-00-00',0,'','','',NULL),(1556,13,7,'2017-10-09','5011','',1670,0,0,NULL,NULL,0,0,'0000-00-00',0,'','','',NULL),(1557,13,7,'2017-10-09','1021','',-1670,0,0,NULL,NULL,0,0,'0000-00-00',0,'','','',NULL),(1558,13,7,'2017-10-09','5011','',640,0,0,NULL,NULL,0,0,'0000-00-00',0,'','','',NULL),(1559,13,7,'2017-10-09','1021','',-640,0,0,NULL,NULL,0,0,'0000-00-00',0,'','','',NULL),(1560,13,7,'2017-10-09','5011','',3583.33,0,0,NULL,NULL,0,0,'0000-00-00',0,'','','',NULL),(1561,13,7,'2017-10-09','1021','',-3583.33,0,0,NULL,NULL,0,0,'0000-00-00',0,'','','',NULL),(1562,13,7,'2017-10-09','5011','',360,0,0,NULL,NULL,0,0,'0000-00-00',0,'','','',NULL),(1563,13,7,'2017-10-09','1021','',-360,0,0,NULL,NULL,0,0,'0000-00-00',0,'','','',NULL),(1564,13,7,'2017-10-09','5011','',750,0,0,NULL,NULL,0,0,'0000-00-00',0,'','','',NULL),(1565,13,7,'2017-10-09','1021','',-750,0,0,NULL,NULL,0,0,'0000-00-00',0,'','','',NULL),(1566,13,7,'2017-10-09','5011','',483.33,0,0,NULL,NULL,0,0,'0000-00-00',0,'','','',NULL),(1567,13,7,'2017-10-09','1021','',-483.33,0,0,NULL,NULL,0,0,'0000-00-00',0,'','','',NULL),(1568,13,7,'2017-10-09','5011','',2970,0,0,NULL,NULL,0,0,'0000-00-00',0,'','','',NULL),(1569,13,7,'2017-10-09','1021','',-2970,0,0,NULL,NULL,0,0,'0000-00-00',0,'','','',NULL),(1570,13,7,'2017-10-09','5011','',340,0,0,NULL,NULL,0,0,'0000-00-00',0,'','','',NULL),(1571,13,7,'2017-10-09','1021','',-340,0,0,NULL,NULL,0,0,'0000-00-00',0,'','','',NULL),(1572,10,7,'2017-10-09','4011','',-850,0,0,NULL,NULL,0,0,'0000-00-00',0,'','','',NULL),(1573,10,7,'2017-10-09','4011','',-382.65,0,0,NULL,NULL,0,0,'0000-00-00',0,'','','',NULL),(1574,10,7,'2017-10-09','4011','',-2252.64,0,0,NULL,NULL,0,0,'0000-00-00',0,'','','',NULL),(1575,10,7,'2017-10-09','4011','',-1680,0,0,NULL,NULL,0,0,'0000-00-00',0,'','','',NULL),(1576,10,7,'2017-10-09','4011','',-540,0,0,NULL,NULL,0,0,'0000-00-00',0,'','','',NULL),(1577,10,7,'2017-10-09','4011','',-176,0,0,NULL,NULL,0,0,'0000-00-00',0,'','','',NULL),(1578,10,7,'2017-10-09','4011','',-25,0,0,NULL,NULL,0,0,'0000-00-00',0,'','','',NULL),(1579,10,7,'2017-10-09','4011','',-164,0,0,NULL,NULL,0,0,'0000-00-00',0,'','','',NULL),(1580,10,7,'2017-10-09','4011','',-200,0,0,NULL,NULL,0,0,'0000-00-00',0,'','','',NULL),(1581,10,7,'2017-10-09','4011','',-380,0,0,NULL,NULL,0,0,'0000-00-00',0,'','','',NULL),(1582,10,7,'2017-10-09','4011','',-50,0,0,NULL,NULL,0,0,'0000-00-00',0,'','','',NULL),(1583,10,7,'2017-10-09','4011','',-1300,0,0,NULL,NULL,0,0,'0000-00-00',0,'','','',NULL),(1584,10,7,'2017-10-09','4011','',-1146.78,0,0,NULL,NULL,0,0,'0000-00-00',0,'','','',NULL),(1585,10,7,'2017-10-09','4011','',-20,0,0,NULL,NULL,0,0,'0000-00-00',0,'','','',NULL),(1586,10,7,'2017-10-09','4011','',-983.82,0,0,NULL,NULL,0,0,'0000-00-00',0,'','','',NULL),(1587,10,7,'2017-10-09','4011','',-300,0,0,NULL,NULL,0,0,'0000-00-00',0,'','','',NULL),(1588,10,7,'2017-10-09','4011','',-560,0,0,NULL,NULL,0,0,'0000-00-00',0,'','','',NULL),(1589,10,7,'2017-10-09','4011','',-1400,0,0,NULL,NULL,0,0,'0000-00-00',0,'','','',NULL),(1590,10,7,'2017-10-09','4011','',-341.82,0,0,NULL,NULL,0,0,'0000-00-00',0,'','','',NULL),(1591,10,7,'2017-10-09','4011','',-250,0,0,NULL,NULL,0,0,'0000-00-00',0,'','','',NULL),(1592,10,7,'2017-10-09','4011','',-800,0,0,NULL,NULL,0,0,'0000-00-00',0,'','','',NULL),(1593,10,7,'2017-10-09','4011','',-750,0,0,NULL,NULL,0,0,'0000-00-00',0,'','','',NULL),(1594,10,7,'2017-10-09','4011','',-1670,0,0,NULL,NULL,0,0,'0000-00-00',0,'','','',NULL),(1595,10,7,'2017-10-09','4011','',-640,0,0,NULL,NULL,0,0,'0000-00-00',0,'','','',NULL),(1596,10,7,'2017-10-09','4011','',-3583.35,0,0,NULL,NULL,0,0,'0000-00-00',0,'','','',NULL),(1597,10,7,'2017-10-09','4011','',-360,0,0,NULL,NULL,0,0,'0000-00-00',0,'','','',NULL),(1598,10,7,'2017-10-09','4011','',-750,0,0,NULL,NULL,0,0,'0000-00-00',0,'','','',NULL),(1599,10,7,'2017-10-09','4011','',-483.35,0,0,NULL,NULL,0,0,'0000-00-00',0,'','','',NULL),(1600,10,7,'2017-10-09','4011','',-2970,0,0,NULL,NULL,0,0,'0000-00-00',0,'','','',NULL),(1601,10,7,'2017-10-09','4011','',-340,0,0,NULL,NULL,0,0,'0000-00-00',0,'','','',NULL),(1602,10,7,'2017-10-09','1013','',25349.41,0,0,2,'10',0,0,'0000-00-00',0,'','','',NULL),(1603,13,8,'2017-10-08','5011','',400,0,0,NULL,NULL,0,0,'0000-00-00',0,'','','',NULL),(1604,13,8,'2017-10-08','1021','',-400,0,0,NULL,NULL,0,0,'0000-00-00',0,'','','',NULL),(1605,13,8,'2017-10-08','5011','',392,0,0,NULL,NULL,0,0,'0000-00-00',0,'','','',NULL),(1606,13,8,'2017-10-08','1021','',-392,0,0,NULL,NULL,0,0,'0000-00-00',0,'','','',NULL),(1607,13,8,'2017-10-08','5011','',120,0,0,NULL,NULL,0,0,'0000-00-00',0,'','','',NULL),(1608,13,8,'2017-10-08','1021','',-120,0,0,NULL,NULL,0,0,'0000-00-00',0,'','','',NULL),(1609,13,8,'2017-10-08','5011','',375,0,0,NULL,NULL,0,0,'0000-00-00',0,'','','',NULL),(1610,13,8,'2017-10-08','1021','',-375,0,0,NULL,NULL,0,0,'0000-00-00',0,'','','',NULL),(1611,13,8,'2017-10-08','5011','',320,0,0,NULL,NULL,0,0,'0000-00-00',0,'','','',NULL),(1612,13,8,'2017-10-08','1021','',-320,0,0,NULL,NULL,0,0,'0000-00-00',0,'','','',NULL),(1613,13,8,'2017-10-08','5011','',127.55,0,0,NULL,NULL,0,0,'0000-00-00',0,'','','',NULL),(1614,13,8,'2017-10-08','1021','',-127.55,0,0,NULL,NULL,0,0,'0000-00-00',0,'','','',NULL),(1615,13,8,'2017-10-08','5011','',938.58,0,0,NULL,NULL,0,0,'0000-00-00',0,'','','',NULL),(1616,13,8,'2017-10-08','1021','',-938.58,0,0,NULL,NULL,0,0,'0000-00-00',0,'','','',NULL),(1617,13,8,'2017-10-08','5011','',850,0,0,NULL,NULL,0,0,'0000-00-00',0,'','','',NULL),(1618,13,8,'2017-10-08','1021','',-850,0,0,NULL,NULL,0,0,'0000-00-00',0,'','','',NULL),(1619,10,8,'2017-10-08','4011','',-400,0,0,NULL,NULL,0,0,'0000-00-00',0,'','','',NULL),(1620,10,8,'2017-10-08','4011','',-392,0,0,NULL,NULL,0,0,'0000-00-00',0,'','','',NULL),(1621,10,8,'2017-10-08','4011','',-120,0,0,NULL,NULL,0,0,'0000-00-00',0,'','','',NULL),(1622,10,8,'2017-10-08','4011','',-375,0,0,NULL,NULL,0,0,'0000-00-00',0,'','','',NULL),(1623,10,8,'2017-10-08','4011','',-77.72,0,0,NULL,NULL,0,0,'0000-00-00',0,'','','',NULL),(1624,10,8,'2017-10-08','4011','',-130,0,0,NULL,NULL,0,0,'0000-00-00',0,'','','',NULL),(1625,10,8,'2017-10-08','4011','',-938.6,0,0,NULL,NULL,0,0,'0000-00-00',0,'','','',NULL),(1626,10,8,'2017-10-08','4011','',-920,0,0,NULL,NULL,0,0,'0000-00-00',0,'','','',NULL),(1627,10,8,'2017-10-08','1013','',3353.32,0,0,2,'3',0,0,'0000-00-00',0,'','','',NULL),(1628,10,8,'2017-10-08','2013','',0,0,0,NULL,NULL,0,0,'0000-00-00',0,'','','',NULL),(1629,13,9,'2017-10-09','5011','',844.72,0,0,NULL,NULL,0,0,'0000-00-00',0,'','','',NULL),(1630,13,9,'2017-10-09','1021','',-844.72,0,0,NULL,NULL,0,0,'0000-00-00',0,'','','',NULL),(1631,13,9,'2017-10-09','5011','',125,0,0,NULL,NULL,0,0,'0000-00-00',0,'','','',NULL),(1632,13,9,'2017-10-09','1021','',-125,0,0,NULL,NULL,0,0,'0000-00-00',0,'','','',NULL),(1633,13,9,'2017-10-09','5011','',382.65,0,0,NULL,NULL,0,0,'0000-00-00',0,'','','',NULL),(1634,13,9,'2017-10-09','1021','',-382.65,0,0,NULL,NULL,0,0,'0000-00-00',0,'','','',NULL),(1635,13,9,'2017-10-09','5011','',350,0,0,NULL,NULL,0,0,'0000-00-00',0,'','','',NULL),(1636,13,9,'2017-10-09','1021','',-350,0,0,NULL,NULL,0,0,'0000-00-00',0,'','','',NULL),(1637,13,9,'2017-10-09','5011','',1750,0,0,NULL,NULL,0,0,'0000-00-00',0,'','','',NULL),(1638,13,9,'2017-10-09','1021','',-1750,0,0,NULL,NULL,0,0,'0000-00-00',0,'','','',NULL),(1639,13,9,'2017-10-09','5011','',120,0,0,NULL,NULL,0,0,'0000-00-00',0,'','','',NULL),(1640,13,9,'2017-10-09','1021','',-120,0,0,NULL,NULL,0,0,'0000-00-00',0,'','','',NULL),(1641,10,9,'2017-10-09','4011','',-844.74,0,0,NULL,NULL,0,0,'0000-00-00',0,'','','',NULL),(1642,10,9,'2017-10-09','4011','',-125,0,0,NULL,NULL,0,0,'0000-00-00',0,'','','',NULL),(1643,10,9,'2017-10-09','4011','',-390,0,0,NULL,NULL,0,0,'0000-00-00',0,'','','',NULL),(1644,10,9,'2017-10-09','4011','',-350,0,0,NULL,NULL,0,0,'0000-00-00',0,'','','',NULL),(1645,10,9,'2017-10-09','4011','',-1750,0,0,NULL,NULL,0,0,'0000-00-00',0,'','','',NULL),(1646,10,9,'2017-10-09','4011','',-120,0,0,NULL,NULL,0,0,'0000-00-00',0,'','','',NULL),(1647,10,9,'2017-10-09','1013','',3579.74,0,0,2,'3',0,0,'0000-00-00',0,'','','',NULL),(1648,10,9,'2017-10-09','2013','',0,0,0,NULL,NULL,0,0,'0000-00-00',0,'','','',NULL),(1649,13,10,'2017-10-09','5011','',1800,0,0,NULL,NULL,0,0,'0000-00-00',0,'','','',NULL),(1650,13,10,'2017-10-09','1021','',-1800,0,0,NULL,NULL,0,0,'0000-00-00',0,'','','',NULL),(1651,13,10,'2017-10-09','5011','',733.33,0,0,NULL,NULL,0,0,'0000-00-00',0,'','','',NULL),(1652,13,10,'2017-10-09','1021','',-733.33,0,0,NULL,NULL,0,0,'0000-00-00',0,'','','',NULL),(1653,13,10,'2017-10-09','5011','',280,0,0,NULL,NULL,0,0,'0000-00-00',0,'','','',NULL),(1654,13,10,'2017-10-09','1021','',-280,0,0,NULL,NULL,0,0,'0000-00-00',0,'','','',NULL),(1655,13,10,'2017-10-09','5011','',255.1,0,0,NULL,NULL,0,0,'0000-00-00',0,'','','',NULL),(1656,13,10,'2017-10-09','1021','',-255.1,0,0,NULL,NULL,0,0,'0000-00-00',0,'','','',NULL),(1657,13,10,'2017-10-09','5011','',1170,0,0,NULL,NULL,0,0,'0000-00-00',0,'','','',NULL),(1658,13,10,'2017-10-09','1021','',-1170,0,0,NULL,NULL,0,0,'0000-00-00',0,'','','',NULL),(1659,13,10,'2017-10-09','5011','',127.55,0,0,NULL,NULL,0,0,'0000-00-00',0,'','','',NULL),(1660,13,10,'2017-10-09','1021','',-127.55,0,0,NULL,NULL,0,0,'0000-00-00',0,'','','',NULL),(1661,13,10,'2017-10-09','5011','',270,0,0,NULL,NULL,0,0,'0000-00-00',0,'','','',NULL),(1662,13,10,'2017-10-09','1021','',-270,0,0,NULL,NULL,0,0,'0000-00-00',0,'','','',NULL),(1663,10,10,'2017-10-09','4011','',-1800,0,0,NULL,NULL,0,0,'0000-00-00',0,'','','',NULL),(1664,10,10,'2017-10-09','4011','',-733.34,0,0,NULL,NULL,0,0,'0000-00-00',0,'','','',NULL),(1665,10,10,'2017-10-09','4011','',-280,0,0,NULL,NULL,0,0,'0000-00-00',0,'','','',NULL),(1666,10,10,'2017-10-09','4011','',-255.1,0,0,NULL,NULL,0,0,'0000-00-00',0,'','','',NULL),(1667,10,10,'2017-10-09','4011','',-1170,0,0,NULL,NULL,0,0,'0000-00-00',0,'','','',NULL),(1668,10,10,'2017-10-09','4011','',-127.55,0,0,NULL,NULL,0,0,'0000-00-00',0,'','','',NULL),(1669,10,10,'2017-10-09','4011','',-270,0,0,NULL,NULL,0,0,'0000-00-00',0,'','','',NULL),(1670,10,10,'2017-10-09','1013','',4635.99,0,0,2,'4',0,0,'0000-00-00',0,'','','',NULL),(1671,10,10,'2017-10-09','2013','',0,0,0,NULL,NULL,0,0,'0000-00-00',0,'','','',NULL),(1672,20,38,'2017-10-09','2011','',-414,0,0,3,'12',0,0,'0000-00-00',0,'','','',NULL),(1673,20,38,'2017-10-09','1021','',414,0,0,NULL,NULL,0,0,'0000-00-00',0,'','','',NULL),(1674,22,10,'2017-10-09','2011','0',414,0,0,3,'12',0,0,'0000-00-00',0,'','','',NULL),(1675,22,10,'2017-10-09','10111','',-414,0,0,NULL,NULL,0,0,'0000-00-00',0,'','','',NULL),(1676,20,39,'2017-10-09','2011','',-780,0,0,3,'12',0,0,'0000-00-00',0,'','','',NULL),(1677,20,39,'2017-10-09','1021','',520,0,0,NULL,NULL,0,0,'0000-00-00',0,'','','',NULL),(1678,20,39,'2017-10-09','1021','',260,0,0,NULL,NULL,0,0,'0000-00-00',0,'','','',NULL),(1679,22,11,'2017-10-09','2011','0',780,0,0,3,'12',0,0,'0000-00-00',0,'','','',NULL),(1680,22,11,'2017-10-09','10111','',-780,0,0,NULL,NULL,0,0,'0000-00-00',0,'','','',NULL),(1681,0,15,'2017-10-10','5055','Roti for previous 4 days',2700,0,0,NULL,NULL,0,0,'0000-00-00',0,'','','',NULL),(1682,0,15,'2017-10-10','5048','',900,0,0,NULL,NULL,0,0,'0000-00-00',0,'','','',NULL),(1683,0,15,'2017-10-10','5059','',800,0,0,NULL,NULL,0,0,'0000-00-00',0,'','','',NULL),(1684,0,15,'2017-10-10','5060','bike Petrol, LCD loading rent, ',1845,0,0,NULL,NULL,0,0,'0000-00-00',0,'','','',NULL),(1685,0,15,'2017-10-10','10113','',-6245,0,0,NULL,NULL,0,0,'0000-00-00',0,'','','',NULL),(1686,20,40,'2017-10-07','2011','',-200,0,0,3,'12',0,0,'0000-00-00',0,'','','',NULL),(1687,20,40,'2017-10-07','1021','',200,0,0,NULL,NULL,0,0,'0000-00-00',0,'','','',NULL),(1688,22,12,'2017-10-07','2011','0',200,0,0,3,'12',0,0,'0000-00-00',0,'','','',NULL),(1689,22,12,'2017-10-07','10111','',-200,0,0,NULL,NULL,0,0,'0000-00-00',0,'','','',NULL),(1690,0,16,'2017-10-10','4026','',-82189,0,0,NULL,NULL,0,0,'0000-00-00',0,'','','',NULL),(1691,0,16,'2017-10-10','10111','',48730,0,0,NULL,NULL,0,0,'0000-00-00',0,'','','',NULL),(1692,0,16,'2017-10-10','5036','',642.76,0,0,NULL,NULL,0,0,'0000-00-00',0,'','','',NULL),(1693,0,16,'2017-10-10','10123','',29253.24,0,0,NULL,NULL,0,0,'0000-00-00',0,'','','',NULL),(1694,0,16,'2017-10-10','10300','',584,0,0,NULL,NULL,0,0,'0000-00-00',0,'','','',NULL),(1695,0,16,'2017-10-10','20111','',3000,0,0,NULL,NULL,0,0,'0000-00-00',0,'','','',NULL),(1696,0,16,'2017-10-10','4027','',-21,0,0,NULL,NULL,0,0,'0000-00-00',0,'','','',NULL),(1697,17,23,'2017-10-05','5014','',-5808,0,0,NULL,NULL,0,0,'0000-00-00',0,'','','',NULL),(1698,17,23,'2017-10-05','1021','',5808,0,0,NULL,NULL,0,0,'0000-00-00',0,'','','',NULL),(1699,13,11,'2017-10-05','5011','',5808,0,0,NULL,NULL,0,0,'0000-00-00',0,'','','',NULL),(1700,13,11,'2017-10-05','1021','',-5808,0,0,NULL,NULL,0,0,'0000-00-00',0,'','','',NULL),(1701,10,11,'2017-10-05','4011','',-5808,0,0,NULL,NULL,0,0,'0000-00-00',0,'','','',NULL),(1702,10,11,'2017-10-05','1013','',5808,0,0,2,'10',0,0,'0000-00-00',0,'','','',NULL),(1703,0,17,'2017-10-10','10111','',3000,0,0,NULL,NULL,0,0,'0000-00-00',0,'','','',NULL),(1704,0,17,'2017-10-10','20111','Event Date 12-10-17, Remaning Balance 6960',-3000,0,0,NULL,NULL,0,0,'0000-00-00',0,'','','',NULL),(1705,1,1,'2017-10-10','5046','',100000,0,0,NULL,NULL,0,0,'2017-10-17',0,'','','',NULL),(1706,1,1,'2017-10-10','10123','',-100000,0,0,NULL,NULL,0,0,'2017-10-17',0,'','','',NULL),(1707,0,18,'2017-10-10','5017','AGAINST INOICE 418 ND 820 OF LATIF STORE',150,0,0,NULL,NULL,0,0,'0000-00-00',0,'','','',NULL),(1708,0,18,'2017-10-10','10111','AGAINST INOICE 418 ND 820 OF LATIF STORE',-150,0,0,NULL,NULL,0,0,'0000-00-00',0,'','','',NULL),(1709,20,41,'2017-10-10','2011','',-25035,0,0,3,'15',0,0,'0000-00-00',0,'','','',NULL),(1710,20,41,'2017-10-10','1021','',930,0,0,NULL,NULL,0,0,'0000-00-00',0,'','','',NULL),(1711,20,41,'2017-10-10','1021','',4300,0,0,NULL,NULL,0,0,'0000-00-00',0,'','','',NULL),(1712,20,41,'2017-10-10','1021','',2680,0,0,NULL,NULL,0,0,'0000-00-00',0,'','','',NULL),(1713,20,41,'2017-10-10','1021','',4460,0,0,NULL,NULL,0,0,'0000-00-00',0,'','','',NULL),(1714,20,41,'2017-10-10','1021','',880,0,0,NULL,NULL,0,0,'0000-00-00',0,'','','',NULL),(1715,20,41,'2017-10-10','1021','',820,0,0,NULL,NULL,0,0,'0000-00-00',0,'','','',NULL),(1716,20,41,'2017-10-10','1021','',1110,0,0,NULL,NULL,0,0,'0000-00-00',0,'','','',NULL),(1717,20,41,'2017-10-10','1021','',1410,0,0,NULL,NULL,0,0,'0000-00-00',0,'','','',NULL),(1718,20,41,'2017-10-10','1021','',1575,0,0,NULL,NULL,0,0,'0000-00-00',0,'','','',NULL),(1719,20,41,'2017-10-10','1021','',230,0,0,NULL,NULL,0,0,'0000-00-00',0,'','','',NULL),(1720,20,41,'2017-10-10','1021','',910,0,0,NULL,NULL,0,0,'0000-00-00',0,'','','',NULL),(1721,20,41,'2017-10-10','1021','',840,0,0,NULL,NULL,0,0,'0000-00-00',0,'','','',NULL),(1722,20,41,'2017-10-10','1021','',360,0,0,NULL,NULL,0,0,'0000-00-00',0,'','','',NULL),(1723,20,41,'2017-10-10','1021','',1950,0,0,NULL,NULL,0,0,'0000-00-00',0,'','','',NULL),(1724,20,41,'2017-10-10','1021','',120,0,0,NULL,NULL,0,0,'0000-00-00',0,'','','',NULL),(1725,20,41,'2017-10-10','1021','',780,0,0,NULL,NULL,0,0,'0000-00-00',0,'','','',NULL),(1726,20,41,'2017-10-10','1021','',1440,0,0,NULL,NULL,0,0,'0000-00-00',0,'','','',NULL),(1727,20,41,'2017-10-10','1021','',240,0,0,NULL,NULL,0,0,'0000-00-00',0,'','','',NULL),(1728,22,13,'2017-10-10','2011','0',25035,0,0,3,'15',0,0,'2017-10-10',0,'','','',NULL),(1729,22,13,'2017-10-10','10111','',-25035,0,0,NULL,NULL,0,0,'2017-10-10',0,'','','',NULL),(1730,0,19,'2017-10-10','5017','LATIF STORE AGAINST INVOICE NO 820',150,0,0,NULL,NULL,0,0,'0000-00-00',0,'','','',NULL),(1731,0,19,'2017-10-10','10111','LATIF STORE AGAINST INVOICE NO 820',-150,0,0,NULL,NULL,0,0,'0000-00-00',0,'','','',NULL),(1732,41,9,'2017-10-11','5046','',85000,0,0,NULL,NULL,0,0,'0000-00-00',0,'','','',NULL),(1733,41,9,'2017-10-11','10111','',-85000,0,0,NULL,NULL,0,0,'0000-00-00',0,'','','',NULL),(1734,0,20,'2017-10-11','10112','',5000,0,0,NULL,NULL,0,0,'0000-00-00',0,'','','',NULL),(1735,0,20,'2017-10-11','10111','',-5000,0,0,NULL,NULL,0,0,'0000-00-00',0,'','','',NULL),(1736,0,21,'2017-10-11','5061','inoice Number 0-0111',4015,0,0,NULL,NULL,0,0,'0000-00-00',0,'','','',NULL),(1737,0,21,'2017-10-11','10112','inoice Number 0-0111',-4015,0,0,NULL,NULL,0,0,'0000-00-00',0,'','','',NULL),(1738,41,10,'2017-10-11','5046','',15000,0,0,NULL,NULL,0,0,'0000-00-00',0,'','','',NULL),(1739,41,10,'2017-10-11','10111','',-15000,0,0,NULL,NULL,0,0,'0000-00-00',0,'','','',NULL),(1740,0,22,'2017-10-11','4026','including Salman Rizwi party bill 79750',-151841,0,0,NULL,NULL,0,0,'0000-00-00',0,'','','',NULL),(1741,0,22,'2017-10-11','10111','',83810,0,0,NULL,NULL,0,0,'0000-00-00',0,'','','',NULL),(1742,0,22,'2017-10-11','5036','',490.59,0,0,NULL,NULL,0,0,'0000-00-00',0,'','','',NULL),(1743,0,22,'2017-10-11','10123','',22327.41,0,0,NULL,NULL,0,0,'0000-00-00',0,'','','',NULL),(1744,0,22,'2017-10-11','1013','From Sabih Shib',39790,0,0,2,'2',0,0,'0000-00-00',0,'','','',NULL),(1745,0,22,'2017-10-11','10158','',342,0,0,NULL,NULL,0,0,'0000-00-00',0,'','','',NULL),(1746,0,22,'2017-10-11','5060','cake outsource',4000,0,0,NULL,NULL,0,0,'0000-00-00',0,'','','',NULL),(1747,0,22,'2017-10-11','10134','',1000,0,0,NULL,NULL,0,0,'0000-00-00',0,'','','',NULL),(1748,0,22,'2017-10-11','4027','',81,0,0,NULL,NULL,0,0,'0000-00-00',0,'','','',NULL),(1749,0,23,'2017-10-11','5051','Chamber of Commerce',2500,0,0,NULL,NULL,0,0,'0000-00-00',0,'','','',NULL),(1750,0,23,'2017-10-11','10138','same day',2000,0,0,NULL,NULL,0,0,'0000-00-00',0,'','','',NULL),(1751,0,23,'2017-10-11','10155','PETROL ETC NEED  TO BE VARIFY FROM Mr. SABIH ',390,0,0,NULL,NULL,0,0,'0000-00-00',0,'','','',NULL),(1752,0,23,'2017-10-11','10111','',-4890,0,0,NULL,NULL,0,0,'0000-00-00',0,'','','',NULL),(1753,20,42,'2017-10-11','2011','',0,0,0,3,'1',0,0,'0000-00-00',0,'','','',NULL),(1754,20,42,'2017-10-11','5011','',0,0,0,NULL,NULL,0,0,'0000-00-00',0,'','','',NULL),(1755,20,42,'2017-10-11','1021','',0,0,0,NULL,NULL,0,0,'0000-00-00',0,'','','',NULL),(1756,41,11,'2017-10-11','2011','',14593,0,0,3,'1',0,0,'0000-00-00',0,'','','',NULL),(1757,41,11,'2017-10-11','10111','',-14593,0,0,NULL,NULL,0,0,'0000-00-00',0,'','','',NULL),(1758,20,43,'2017-10-11','2011','',-14592.6,0,0,3,'1',0,0,'0000-00-00',0,'','','',NULL),(1759,20,43,'2017-10-11','1021','',14592.6,0,0,NULL,NULL,0,0,'0000-00-00',0,'','','',NULL),(1760,22,14,'2017-10-11','2011','0',14592.6,0,0,3,'1',0,0,'2017-10-31',0,'','','',NULL),(1761,22,14,'2017-10-11','10122','',-14592.6,0,0,NULL,NULL,0,0,'2017-10-31',0,'','','',NULL),(1762,41,12,'2017-10-11','5039','WALLPAPERS ETC',2500,0,0,NULL,NULL,0,0,'0000-00-00',0,'','','',NULL),(1763,41,12,'2017-10-11','10111','',-2500,0,0,NULL,NULL,0,0,'0000-00-00',0,'','','',NULL),(1764,20,44,'2017-10-09','2011','',0,0,0,3,'10',0,0,'0000-00-00',0,'','','',NULL),(1765,20,44,'2017-10-09','1021','',0,0,0,NULL,NULL,0,0,'0000-00-00',0,'','','',NULL),(1766,20,44,'2017-10-09','1021','',0,0,0,NULL,NULL,0,0,'0000-00-00',0,'','','',NULL),(1767,20,44,'2017-10-09','1021','',0,0,0,NULL,NULL,0,0,'0000-00-00',0,'','','',NULL),(1768,20,44,'2017-10-09','1021','',0,0,0,NULL,NULL,0,0,'0000-00-00',0,'','','',NULL),(1769,20,44,'2017-10-09','1021','',0,0,0,NULL,NULL,0,0,'0000-00-00',0,'','','',NULL),(1770,20,44,'2017-10-09','1021','',0,0,0,NULL,NULL,0,0,'0000-00-00',0,'','','',NULL),(1771,20,44,'2017-10-09','1021','',0,0,0,NULL,NULL,0,0,'0000-00-00',0,'','','',NULL),(1772,20,44,'2017-10-09','1021','',0,0,0,NULL,NULL,0,0,'0000-00-00',0,'','','',NULL),(1773,20,44,'2017-10-09','1021','',0,0,0,NULL,NULL,0,0,'0000-00-00',0,'','','',NULL),(1774,0,24,'2017-10-11','4026','decorate 2000 adnvance and 2000 balance receive today',-4000,0,0,NULL,NULL,0,0,'0000-00-00',0,'','','',NULL),(1775,0,24,'2017-10-11','10111','decorate 2000 adnvance and 2000 balance receive today',2000,0,0,NULL,NULL,0,0,'0000-00-00',0,'','','',NULL),(1776,0,24,'2017-10-11','20111','decorate 2000 adnvance and 2000 balance receive today',2000,0,0,NULL,NULL,0,0,'0000-00-00',0,'','','',NULL),(1777,20,45,'2017-10-09','2011','',-4020,0,0,3,'17',0,0,'0000-00-00',0,'','','',NULL),(1778,20,45,'2017-10-09','1021','',450,0,0,NULL,NULL,0,0,'0000-00-00',0,'','','',NULL),(1779,20,45,'2017-10-09','1021','',510,0,0,NULL,NULL,0,0,'0000-00-00',0,'','','',NULL),(1780,20,45,'2017-10-09','1021','',400,0,0,NULL,NULL,0,0,'0000-00-00',0,'','','',NULL),(1781,20,45,'2017-10-09','1021','',60,0,0,NULL,NULL,0,0,'0000-00-00',0,'','','',NULL),(1782,20,45,'2017-10-09','1021','',720,0,0,NULL,NULL,0,0,'0000-00-00',0,'','','',NULL),(1783,20,45,'2017-10-09','1021','',100,0,0,NULL,NULL,0,0,'0000-00-00',0,'','','',NULL),(1784,20,45,'2017-10-09','1021','',900,0,0,NULL,NULL,0,0,'0000-00-00',0,'','','',NULL),(1785,20,45,'2017-10-09','1021','',320,0,0,NULL,NULL,0,0,'0000-00-00',0,'','','',NULL),(1786,20,45,'2017-10-09','1021','',560,0,0,NULL,NULL,0,0,'0000-00-00',0,'','','',NULL),(1787,13,12,'2017-10-09','5011','',1680,0,0,NULL,NULL,0,0,'0000-00-00',0,'','','',NULL),(1788,13,12,'2017-10-09','1021','',-1680,0,0,NULL,NULL,0,0,'0000-00-00',0,'','','',NULL),(1789,13,12,'2017-10-09','5011','',129,0,0,NULL,NULL,0,0,'0000-00-00',0,'','','',NULL),(1790,13,12,'2017-10-09','1021','',-129,0,0,NULL,NULL,0,0,'0000-00-00',0,'','','',NULL),(1791,13,12,'2017-10-09','5011','',261.81,0,0,NULL,NULL,0,0,'0000-00-00',0,'','','',NULL),(1792,13,12,'2017-10-09','1021','',-261.81,0,0,NULL,NULL,0,0,'0000-00-00',0,'','','',NULL),(1793,13,12,'2017-10-09','5011','',491.91,0,0,NULL,NULL,0,0,'0000-00-00',0,'','','',NULL),(1794,13,12,'2017-10-09','1021','',-491.91,0,0,NULL,NULL,0,0,'0000-00-00',0,'','','',NULL),(1795,13,12,'2017-10-09','5011','',120,0,0,NULL,NULL,0,0,'0000-00-00',0,'','','',NULL),(1796,13,12,'2017-10-09','1021','',-120,0,0,NULL,NULL,0,0,'0000-00-00',0,'','','',NULL),(1797,13,12,'2017-10-09','5011','',2371.43,0,0,NULL,NULL,0,0,'0000-00-00',0,'','','',NULL),(1798,13,12,'2017-10-09','1021','',-2371.43,0,0,NULL,NULL,0,0,'0000-00-00',0,'','','',NULL),(1799,13,12,'2017-10-09','5011','',427.5,0,0,NULL,NULL,0,0,'0000-00-00',0,'','','',NULL),(1800,13,12,'2017-10-09','1021','',-427.5,0,0,NULL,NULL,0,0,'0000-00-00',0,'','','',NULL),(1801,13,12,'2017-10-09','5011','',300,0,0,NULL,NULL,0,0,'0000-00-00',0,'','','',NULL),(1802,13,12,'2017-10-09','1021','',-300,0,0,NULL,NULL,0,0,'0000-00-00',0,'','','',NULL),(1803,13,12,'2017-10-09','5011','',2010,0,0,NULL,NULL,0,0,'0000-00-00',0,'','','',NULL),(1804,13,12,'2017-10-09','1021','',-2010,0,0,NULL,NULL,0,0,'0000-00-00',0,'','','',NULL),(1805,13,12,'2017-10-09','5011','',580,0,0,NULL,NULL,0,0,'0000-00-00',0,'','','',NULL),(1806,13,12,'2017-10-09','1021','',-580,0,0,NULL,NULL,0,0,'0000-00-00',0,'','','',NULL),(1807,13,12,'2017-10-09','5011','',2520,0,0,NULL,NULL,0,0,'0000-00-00',0,'','','',NULL),(1808,13,12,'2017-10-09','1021','',-2520,0,0,NULL,NULL,0,0,'0000-00-00',0,'','','',NULL),(1809,13,12,'2017-10-09','5011','',400,0,0,NULL,NULL,0,0,'0000-00-00',0,'','','',NULL),(1810,13,12,'2017-10-09','1021','',-400,0,0,NULL,NULL,0,0,'0000-00-00',0,'','','',NULL),(1811,13,12,'2017-10-09','5011','',480,0,0,NULL,NULL,0,0,'0000-00-00',0,'','','',NULL),(1812,13,12,'2017-10-09','1021','',-480,0,0,NULL,NULL,0,0,'0000-00-00',0,'','','',NULL),(1813,13,12,'2017-10-09','5011','',300,0,0,NULL,NULL,0,0,'0000-00-00',0,'','','',NULL),(1814,13,12,'2017-10-09','1021','',-300,0,0,NULL,NULL,0,0,'0000-00-00',0,'','','',NULL),(1815,13,12,'2017-10-09','5011','',441.67,0,0,NULL,NULL,0,0,'0000-00-00',0,'','','',NULL),(1816,13,12,'2017-10-09','1021','',-441.67,0,0,NULL,NULL,0,0,'0000-00-00',0,'','','',NULL),(1817,13,12,'2017-10-09','5011','',253.2,0,0,NULL,NULL,0,0,'0000-00-00',0,'','','',NULL),(1818,13,12,'2017-10-09','1021','',-253.2,0,0,NULL,NULL,0,0,'0000-00-00',0,'','','',NULL),(1819,13,12,'2017-10-09','5011','',432.2,0,0,NULL,NULL,0,0,'0000-00-00',0,'','','',NULL),(1820,13,12,'2017-10-09','1021','',-432.2,0,0,NULL,NULL,0,0,'0000-00-00',0,'','','',NULL),(1821,13,12,'2017-10-09','5011','',60,0,0,NULL,NULL,0,0,'0000-00-00',0,'','','',NULL),(1822,13,12,'2017-10-09','1021','',-60,0,0,NULL,NULL,0,0,'0000-00-00',0,'','','',NULL),(1823,13,12,'2017-10-09','5011','',1380,0,0,NULL,NULL,0,0,'0000-00-00',0,'','','',NULL),(1824,13,12,'2017-10-09','1021','',-1380,0,0,NULL,NULL,0,0,'0000-00-00',0,'','','',NULL),(1825,13,12,'2017-10-09','5011','',533.33,0,0,NULL,NULL,0,0,'0000-00-00',0,'','','',NULL),(1826,13,12,'2017-10-09','1021','',-533.33,0,0,NULL,NULL,0,0,'0000-00-00',0,'','','',NULL),(1827,13,12,'2017-10-09','5011','',400,0,0,NULL,NULL,0,0,'0000-00-00',0,'','','',NULL),(1828,13,12,'2017-10-09','1021','',-400,0,0,NULL,NULL,0,0,'0000-00-00',0,'','','',NULL),(1829,13,12,'2017-10-09','5011','',600,0,0,NULL,NULL,0,0,'0000-00-00',0,'','','',NULL),(1830,13,12,'2017-10-09','1021','',-600,0,0,NULL,NULL,0,0,'0000-00-00',0,'','','',NULL),(1831,13,12,'2017-10-09','5011','',280,0,0,NULL,NULL,0,0,'0000-00-00',0,'','','',NULL),(1832,13,12,'2017-10-09','1021','',-280,0,0,NULL,NULL,0,0,'0000-00-00',0,'','','',NULL),(1833,10,12,'2017-10-09','4011','',-1680,0,0,NULL,NULL,0,0,'0000-00-00',0,'','','',NULL),(1834,10,12,'2017-10-09','4011','',-129,0,0,NULL,NULL,0,0,'0000-00-00',0,'','','',NULL),(1835,10,12,'2017-10-09','4011','',-261.8,0,0,NULL,NULL,0,0,'0000-00-00',0,'','','',NULL),(1836,10,12,'2017-10-09','4011','',-492,0,0,NULL,NULL,0,0,'0000-00-00',0,'','','',NULL),(1837,10,12,'2017-10-09','4011','',-120,0,0,NULL,NULL,0,0,'0000-00-00',0,'','','',NULL),(1838,10,12,'2017-10-09','4011','',-2372,0,0,NULL,NULL,0,0,'0000-00-00',0,'','','',NULL),(1839,10,12,'2017-10-09','4011','',-427.5,0,0,NULL,NULL,0,0,'0000-00-00',0,'','','',NULL),(1840,10,12,'2017-10-09','4011','',-300,0,0,NULL,NULL,0,0,'0000-00-00',0,'','','',NULL),(1841,10,12,'2017-10-09','4011','',-2010,0,0,NULL,NULL,0,0,'0000-00-00',0,'','','',NULL),(1842,10,12,'2017-10-09','4011','',-580,0,0,NULL,NULL,0,0,'0000-00-00',0,'','','',NULL),(1843,10,12,'2017-10-09','4011','',-2520,0,0,NULL,NULL,0,0,'0000-00-00',0,'','','',NULL),(1844,10,12,'2017-10-09','4011','',-400,0,0,NULL,NULL,0,0,'0000-00-00',0,'','','',NULL),(1845,10,12,'2017-10-09','4011','',-480,0,0,NULL,NULL,0,0,'0000-00-00',0,'','','',NULL),(1846,10,12,'2017-10-09','4011','',-300,0,0,NULL,NULL,0,0,'0000-00-00',0,'','','',NULL),(1847,10,12,'2017-10-09','4011','',-450,0,0,NULL,NULL,0,0,'0000-00-00',0,'','','',NULL),(1848,10,12,'2017-10-09','4011','',-255,0,0,NULL,NULL,0,0,'0000-00-00',0,'','','',NULL),(1849,10,12,'2017-10-09','4011','',-400,0,0,NULL,NULL,0,0,'0000-00-00',0,'','','',NULL),(1850,10,12,'2017-10-09','4011','',-90,0,0,NULL,NULL,0,0,'0000-00-00',0,'','','',NULL),(1851,10,12,'2017-10-09','4011','',-1401,0,0,NULL,NULL,0,0,'0000-00-00',0,'','','',NULL),(1852,10,12,'2017-10-09','4011','',-520,0,0,NULL,NULL,0,0,'0000-00-00',0,'','','',NULL),(1853,10,12,'2017-10-09','4011','',-650,0,0,NULL,NULL,0,0,'0000-00-00',0,'','','',NULL),(1854,10,12,'2017-10-09','4011','',-233.16,0,0,NULL,NULL,0,0,'0000-00-00',0,'','','',NULL),(1855,10,12,'2017-10-09','4011','',-300,0,0,NULL,NULL,0,0,'0000-00-00',0,'','','',NULL),(1856,10,12,'2017-10-09','1013','',16371.46,0,0,2,'10',0,0,'0000-00-00',0,'','','',NULL),(1857,20,46,'2017-10-10','2011','',-4224,0,0,3,'17',0,0,'0000-00-00',0,'','','',NULL),(1858,20,46,'2017-10-10','1021','',450,0,0,NULL,NULL,0,0,'0000-00-00',0,'','','',NULL),(1859,20,46,'2017-10-10','1021','',510,0,0,NULL,NULL,0,0,'0000-00-00',0,'','','',NULL),(1860,20,46,'2017-10-10','1021','',400,0,0,NULL,NULL,0,0,'0000-00-00',0,'','','',NULL),(1861,20,46,'2017-10-10','1021','',30,0,0,NULL,NULL,0,0,'0000-00-00',0,'','','',NULL),(1862,20,46,'2017-10-10','1021','',595,0,0,NULL,NULL,0,0,'0000-00-00',0,'','','',NULL),(1863,20,46,'2017-10-10','1021','',120,0,0,NULL,NULL,0,0,'0000-00-00',0,'','','',NULL),(1864,20,46,'2017-10-10','1021','',45,0,0,NULL,NULL,0,0,'0000-00-00',0,'','','',NULL),(1865,20,46,'2017-10-10','1021','',200,0,0,NULL,NULL,0,0,'0000-00-00',0,'','','',NULL),(1866,20,46,'2017-10-10','1021','',450,0,0,NULL,NULL,0,0,'0000-00-00',0,'','','',NULL),(1867,20,46,'2017-10-10','1021','',150,0,0,NULL,NULL,0,0,'0000-00-00',0,'','','',NULL),(1868,20,46,'2017-10-10','1021','',520,0,0,NULL,NULL,0,0,'0000-00-00',0,'','','',NULL),(1869,20,46,'2017-10-10','1021','',320,0,0,NULL,NULL,0,0,'0000-00-00',0,'','','',NULL),(1870,20,46,'2017-10-10','1021','',54,0,0,NULL,NULL,0,0,'0000-00-00',0,'','','',NULL),(1871,20,46,'2017-10-10','1021','',80,0,0,NULL,NULL,0,0,'0000-00-00',0,'','','',NULL),(1872,20,46,'2017-10-10','1021','',300,0,0,NULL,NULL,0,0,'0000-00-00',0,'','','',NULL),(1873,13,13,'2017-10-11','5011','',535,0,0,NULL,NULL,0,0,'0000-00-00',0,'','','',NULL),(1874,13,13,'2017-10-11','1021','',-535,0,0,NULL,NULL,0,0,'0000-00-00',0,'','','',NULL),(1875,13,13,'2017-10-11','5011','',523.61,0,0,NULL,NULL,0,0,'0000-00-00',0,'','','',NULL),(1876,13,13,'2017-10-11','1021','',-523.61,0,0,NULL,NULL,0,0,'0000-00-00',0,'','','',NULL),(1877,13,13,'2017-10-11','5011','',250,0,0,NULL,NULL,0,0,'0000-00-00',0,'','','',NULL),(1878,13,13,'2017-10-11','1021','',-250,0,0,NULL,NULL,0,0,'0000-00-00',0,'','','',NULL),(1879,13,13,'2017-10-11','5011','',2164.29,0,0,NULL,NULL,0,0,'0000-00-00',0,'','','',NULL),(1880,13,13,'2017-10-11','1021','',-2164.29,0,0,NULL,NULL,0,0,'0000-00-00',0,'','','',NULL),(1881,13,13,'2017-10-11','5011','',2139.84,0,0,NULL,NULL,0,0,'0000-00-00',0,'','','',NULL),(1882,13,13,'2017-10-11','1021','',-2139.84,0,0,NULL,NULL,0,0,'0000-00-00',0,'','','',NULL),(1883,13,13,'2017-10-11','5011','',372,0,0,NULL,NULL,0,0,'0000-00-00',0,'','','',NULL),(1884,13,13,'2017-10-11','1021','',-372,0,0,NULL,NULL,0,0,'0000-00-00',0,'','','',NULL),(1885,13,13,'2017-10-11','5011','',250,0,0,NULL,NULL,0,0,'0000-00-00',0,'','','',NULL),(1886,13,13,'2017-10-11','1021','',-250,0,0,NULL,NULL,0,0,'0000-00-00',0,'','','',NULL),(1887,13,13,'2017-10-11','5011','',195,0,0,NULL,NULL,0,0,'0000-00-00',0,'','','',NULL),(1888,13,13,'2017-10-11','1021','',-195,0,0,NULL,NULL,0,0,'0000-00-00',0,'','','',NULL),(1889,13,13,'2017-10-11','5011','',1250,0,0,NULL,NULL,0,0,'0000-00-00',0,'','','',NULL),(1890,13,13,'2017-10-11','1021','',-1250,0,0,NULL,NULL,0,0,'0000-00-00',0,'','','',NULL),(1891,13,13,'2017-10-11','5011','',480,0,0,NULL,NULL,0,0,'0000-00-00',0,'','','',NULL),(1892,13,13,'2017-10-11','1021','',-480,0,0,NULL,NULL,0,0,'0000-00-00',0,'','','',NULL),(1893,13,13,'2017-10-11','5011','',300,0,0,NULL,NULL,0,0,'0000-00-00',0,'','','',NULL),(1894,13,13,'2017-10-11','1021','',-300,0,0,NULL,NULL,0,0,'0000-00-00',0,'','','',NULL),(1895,13,13,'2017-10-11','5011','',267.08,0,0,NULL,NULL,0,0,'0000-00-00',0,'','','',NULL),(1896,13,13,'2017-10-11','1021','',-267.08,0,0,NULL,NULL,0,0,'0000-00-00',0,'','','',NULL),(1897,13,13,'2017-10-11','5011','',631.25,0,0,NULL,NULL,0,0,'0000-00-00',0,'','','',NULL),(1898,13,13,'2017-10-11','1021','',-631.25,0,0,NULL,NULL,0,0,'0000-00-00',0,'','','',NULL),(1899,13,13,'2017-10-11','5011','',267.5,0,0,NULL,NULL,0,0,'0000-00-00',0,'','','',NULL),(1900,13,13,'2017-10-11','1021','',-267.5,0,0,NULL,NULL,0,0,'0000-00-00',0,'','','',NULL),(1901,13,13,'2017-10-11','5011','',523.61,0,0,NULL,NULL,0,0,'0000-00-00',0,'','','',NULL),(1902,13,13,'2017-10-11','1021','',-523.61,0,0,NULL,NULL,0,0,'0000-00-00',0,'','','',NULL),(1903,13,13,'2017-10-11','5011','',261.23,0,0,NULL,NULL,0,0,'0000-00-00',0,'','','',NULL),(1904,13,13,'2017-10-11','1021','',-261.23,0,0,NULL,NULL,0,0,'0000-00-00',0,'','','',NULL),(1905,10,13,'2017-10-11','4011','',-540,0,0,NULL,NULL,0,0,'0000-00-00',0,'','','',NULL),(1906,10,13,'2017-10-11','4011','',-535,0,0,NULL,NULL,0,0,'0000-00-00',0,'','','',NULL),(1907,10,13,'2017-10-11','4011','',-250,0,0,NULL,NULL,0,0,'0000-00-00',0,'','','',NULL),(1908,10,13,'2017-10-11','4011','',-2208,0,0,NULL,NULL,0,0,'0000-00-00',0,'','','',NULL),(1909,10,13,'2017-10-11','4011','',-2164.32,0,0,NULL,NULL,0,0,'0000-00-00',0,'','','',NULL),(1910,10,13,'2017-10-11','4011','',-372,0,0,NULL,NULL,0,0,'0000-00-00',0,'','','',NULL),(1911,10,13,'2017-10-11','4011','',-250,0,0,NULL,NULL,0,0,'0000-00-00',0,'','','',NULL),(1912,10,13,'2017-10-11','4011','',-195,0,0,NULL,NULL,0,0,'0000-00-00',0,'','','',NULL),(1913,10,13,'2017-10-11','4011','',-1250,0,0,NULL,NULL,0,0,'0000-00-00',0,'','','',NULL),(1914,10,13,'2017-10-11','4011','',-480,0,0,NULL,NULL,0,0,'0000-00-00',0,'','','',NULL),(1915,10,13,'2017-10-11','4011','',-300,0,0,NULL,NULL,0,0,'0000-00-00',0,'','','',NULL),(1916,10,13,'2017-10-11','4011','',-270,0,0,NULL,NULL,0,0,'0000-00-00',0,'','','',NULL),(1917,10,13,'2017-10-11','4011','',-632,0,0,NULL,NULL,0,0,'0000-00-00',0,'','','',NULL),(1918,10,13,'2017-10-11','4011','',-270,0,0,NULL,NULL,0,0,'0000-00-00',0,'','','',NULL),(1919,10,13,'2017-10-11','4011','',-580,0,0,NULL,NULL,0,0,'0000-00-00',0,'','','',NULL),(1920,10,13,'2017-10-11','4011','',-300,0,0,NULL,NULL,0,0,'0000-00-00',0,'','','',NULL),(1921,10,13,'2017-10-11','1013','',10596.32,0,0,2,'4',0,0,'0000-00-00',0,'','','',NULL),(1922,10,13,'2017-10-11','2013','',0,0,0,NULL,NULL,0,0,'0000-00-00',0,'','','',NULL),(1923,13,14,'2017-10-09','5011','',160.13,0,0,NULL,NULL,0,0,'0000-00-00',0,'','','',NULL),(1924,13,14,'2017-10-09','1021','',-160.13,0,0,NULL,NULL,0,0,'0000-00-00',0,'','','',NULL),(1925,10,14,'2017-10-09','4011','',-164,0,0,NULL,NULL,0,0,'0000-00-00',0,'','','',NULL),(1926,10,14,'2017-10-09','1013','',164,0,0,2,'10',0,0,'0000-00-00',0,'','','',NULL),(1927,13,15,'2017-10-09','5011','',770.45,0,0,NULL,NULL,0,0,'0000-00-00',0,'','','',NULL),(1928,13,15,'2017-10-09','1021','',-770.45,0,0,NULL,NULL,0,0,'0000-00-00',0,'','','',NULL),(1929,10,15,'2017-10-09','4011','',-787.5,0,0,NULL,NULL,0,0,'0000-00-00',0,'','','',NULL),(1930,10,15,'2017-10-09','1013','',787.5,0,0,2,'3',0,0,'0000-00-00',0,'','','',NULL),(1931,10,15,'2017-10-09','2013','',0,0,0,NULL,NULL,0,0,'0000-00-00',0,'','','',NULL),(1932,41,13,'2017-10-11','5015','',71140,0,0,NULL,NULL,0,0,'0000-00-00',0,'','','',NULL),(1933,41,13,'2017-10-11','10111','',-71140,0,0,NULL,NULL,0,0,'0000-00-00',0,'','','',NULL),(1934,20,47,'2017-10-11','2014','',0,0,0,NULL,NULL,0,0,'0000-00-00',0,'','','',NULL),(1935,20,47,'2017-10-11','2011','',-66251.75,0,0,3,'4',0,0,'0000-00-00',0,'','','',NULL),(1936,20,47,'2017-10-11','1021','',4830,0,0,NULL,NULL,0,0,'0000-00-00',0,'','','',NULL),(1937,20,47,'2017-10-11','1021','',1340,0,0,NULL,NULL,0,0,'0000-00-00',0,'','','',NULL),(1938,20,47,'2017-10-11','1021','',6084,0,0,NULL,NULL,0,0,'0000-00-00',0,'','','',NULL),(1939,20,47,'2017-10-11','1021','',22649.94,0,0,NULL,NULL,0,0,'0000-00-00',0,'','','',NULL),(1940,20,47,'2017-10-11','1021','',911.14,0,0,NULL,NULL,0,0,'0000-00-00',0,'','','',NULL),(1941,20,47,'2017-10-11','1021','',725.64,0,0,NULL,NULL,0,0,'0000-00-00',0,'','','',NULL),(1942,20,47,'2017-10-11','1021','',641,0,0,NULL,NULL,0,0,'0000-00-00',0,'','','',NULL),(1943,20,47,'2017-10-11','1021','',3650,0,0,NULL,NULL,0,0,'0000-00-00',0,'','','',NULL),(1944,20,47,'2017-10-11','1021','',2963,0,0,NULL,NULL,0,0,'0000-00-00',0,'','','',NULL),(1945,20,47,'2017-10-11','1021','',961.55,0,0,NULL,NULL,0,0,'0000-00-00',0,'','','',NULL),(1946,20,47,'2017-10-11','1021','',1593,0,0,NULL,NULL,0,0,'0000-00-00',0,'','','',NULL),(1947,20,47,'2017-10-11','1021','',1102.56,0,0,NULL,NULL,0,0,'0000-00-00',0,'','','',NULL),(1948,20,47,'2017-10-11','1021','',7308,0,0,NULL,NULL,0,0,'0000-00-00',0,'','','',NULL),(1949,20,47,'2017-10-11','1021','',7308,0,0,NULL,NULL,0,0,'0000-00-00',0,'','','',NULL),(1950,20,47,'2017-10-11','1021','',4183.92,0,0,NULL,NULL,0,0,'0000-00-00',0,'','','',NULL);
/*!40000 ALTER TABLE `0_gl_trans` ENABLE KEYS */;
UNLOCK TABLES;

--
-- Table structure for table `0_grn_batch`
--

DROP TABLE IF EXISTS `0_grn_batch`;
/*!40101 SET @saved_cs_client     = @@character_set_client */;
/*!40101 SET character_set_client = utf8 */;
CREATE TABLE `0_grn_batch` (
  `id` int(11) NOT NULL AUTO_INCREMENT,
  `supplier_id` int(11) NOT NULL DEFAULT '0',
  `purch_order_no` int(11) DEFAULT NULL,
  `reference` varchar(60) COLLATE utf8_unicode_ci NOT NULL DEFAULT '',
  `delivery_date` date NOT NULL DEFAULT '0000-00-00',
  `loc_code` varchar(5) COLLATE utf8_unicode_ci DEFAULT NULL,
  `rate` double DEFAULT '1',
  `requisition_no` int(11) NOT NULL,
  `h_text1` varchar(30) COLLATE utf8_unicode_ci NOT NULL,
  `h_text2` varchar(30) COLLATE utf8_unicode_ci NOT NULL,
  `h_text3` varchar(30) COLLATE utf8_unicode_ci NOT NULL,
  `h_comb1` varchar(30) COLLATE utf8_unicode_ci NOT NULL,
  `h_comb2` varchar(30) COLLATE utf8_unicode_ci NOT NULL,
  `h_comb3` varchar(30) COLLATE utf8_unicode_ci NOT NULL,
  `Comments1` text COLLATE utf8_unicode_ci NOT NULL,
  `Comments2` text COLLATE utf8_unicode_ci NOT NULL,
  PRIMARY KEY (`id`),
  KEY `delivery_date` (`delivery_date`),
  KEY `purch_order_no` (`purch_order_no`)
) ENGINE=InnoDB DEFAULT CHARSET=utf8 COLLATE=utf8_unicode_ci;
/*!40101 SET character_set_client = @saved_cs_client */;

--
-- Dumping data for table `0_grn_batch`
--

LOCK TABLES `0_grn_batch` WRITE;
/*!40000 ALTER TABLE `0_grn_batch` DISABLE KEYS */;
INSERT INTO `0_grn_batch` VALUES (1,1,1,'auto','2017-10-05','001',1,7953,'','','','','','','',''),(2,16,7,'auto','2017-10-05','DEF',1,5,'','','','','','','',''),(3,17,8,'auto','2017-10-05','DEF',1,5,'','','','','','','',''),(4,7,9,'auto','2017-10-05','DEF',1,5,'','','','','','','',''),(5,14,10,'auto','2017-10-05','DEF',1,5,'','','','','','','',''),(6,3,11,'auto','2017-10-05','DEF',1,5,'','','','','','','',''),(7,2,12,'auto','2017-10-05','DEF',1,5,'','','','','','','',''),(8,6,13,'auto','2017-10-05','DEF',1,5,'','','','','','','',''),(9,18,14,'auto','2017-10-05','DEF',1,5,'','','','','','','',''),(10,8,15,'auto','2017-10-05','DEF',1,5,'','','','','','','',''),(11,19,16,'auto','2017-10-05','DEF',1,5,'','','','','','','',''),(12,15,17,'auto','2017-10-05','DEF',1,5,'','','','','','','',''),(13,15,18,'auto','2017-10-06','DEF',1,5,'','','','','','','',''),(14,16,19,'auto','2017-10-05','DEF',1,5,'','','','','','','',''),(15,15,20,'auto','2017-10-05','DEF',1,5,'','','','','','','',''),(16,14,21,'auto','2017-10-07','DEF',1,988,'','','','','','','',''),(17,7,22,'auto','2017-10-07','DEF',1,5150,'','','','','','','',''),(18,15,6,'GRN001/10/2017','2017-10-07','001',1,0,'','','','0','0','0','',''),(19,20,23,'auto','2017-10-08','001',1,171008,'','','','','','','',''),(20,2,24,'auto','2017-10-08','001',1,101813,'','','','','','','',''),(21,2,25,'auto','2017-10-07','001',1,101736,'','','','','','','',''),(22,18,26,'auto','2017-10-06','001',1,35053,'','','','','','','',''),(23,18,27,'auto','2017-10-09','001',1,34901,'','','','','','','',''),(24,18,28,'auto','2017-10-07','001',1,35066,'','','','','','','',''),(25,21,29,'auto','2017-10-08','001',1,6101,'','','','','','','',''),(26,2,30,'auto','2017-10-09','001',1,101867,'','','','','','','',''),(27,14,31,'auto','2017-10-06','001',1,411,'','','','','','','',''),(28,14,32,'auto','2017-10-09','001',1,405,'','','','','','','',''),(29,17,33,'auto','2017-10-07','001',1,0,'','','','','','','',''),(30,17,34,'auto','2017-10-07','001',1,0,'','','','','','','',''),(31,17,35,'auto','2017-10-08','001',1,0,'','','','','','','',''),(32,17,36,'auto','2017-10-08','001',1,0,'','','','','','','',''),(33,12,37,'auto','2017-10-06','001',1,17015945,'','','','','','','',''),(34,22,38,'auto','2017-10-07','001',1,6,'','','','','','','',''),(35,23,39,'auto','2017-10-06','001',1,1278435,'','','','','','','',''),(36,15,40,'auto','2017-10-09','001',1,819,'','','','','','','',''),(37,22,41,'auto','2017-10-07','001',1,6,'','','','','','','',''),(38,12,42,'auto','2017-10-09','001',1,161906,'','','','','','','',''),(39,12,43,'auto','2017-10-09','001',1,5426,'','','','','','','',''),(40,12,44,'auto','2017-10-07','001',1,0,'','','','','','','',''),(41,15,45,'auto','2017-10-10','001',1,418,'','','','','','','',''),(42,1,2,'GRN002/10/2017','2017-10-11','001',1,0,'','','','0','0','0','',''),(43,10,46,'auto','2017-10-09','001',1,0,'','','','','','','',''),(44,17,47,'auto','2017-10-09','001',1,0,'','','','','','','',''),(45,17,48,'auto','2017-10-10','001',1,0,'','','','','','','',''),(46,4,49,'auto','2017-10-11','001',1,50,'','','','','','','','');
/*!40000 ALTER TABLE `0_grn_batch` ENABLE KEYS */;
UNLOCK TABLES;

--
-- Table structure for table `0_grn_items`
--

DROP TABLE IF EXISTS `0_grn_items`;
/*!40101 SET @saved_cs_client     = @@character_set_client */;
/*!40101 SET character_set_client = utf8 */;
CREATE TABLE `0_grn_items` (
  `id` int(11) NOT NULL AUTO_INCREMENT,
  `grn_batch_id` int(11) DEFAULT NULL,
  `po_detail_item` int(11) NOT NULL DEFAULT '0',
  `item_code` varchar(20) COLLATE utf8_unicode_ci NOT NULL DEFAULT '',
  `description` tinytext COLLATE utf8_unicode_ci,
  `qty_recd` double NOT NULL DEFAULT '0',
  `quantity_inv` double NOT NULL DEFAULT '0',
  `grn_batch` varchar(50) COLLATE utf8_unicode_ci NOT NULL,
  `text1` varchar(30) COLLATE utf8_unicode_ci NOT NULL,
  `text2` varchar(30) COLLATE utf8_unicode_ci NOT NULL,
  `text3` varchar(30) COLLATE utf8_unicode_ci NOT NULL,
  `text4` varchar(30) COLLATE utf8_unicode_ci NOT NULL,
  `text5` varchar(30) COLLATE utf8_unicode_ci NOT NULL,
  `text6` varchar(30) COLLATE utf8_unicode_ci NOT NULL,
  `amount1` double NOT NULL,
  `amount2` double NOT NULL,
  `amount3` double NOT NULL,
  `amount4` double NOT NULL,
  `amount5` double NOT NULL,
  `amount6` double NOT NULL,
  `date1` date NOT NULL DEFAULT '0000-00-00',
  `date2` date NOT NULL DEFAULT '0000-00-00',
  `date3` date NOT NULL DEFAULT '0000-00-00',
  `combo1` int(11) NOT NULL,
  `combo2` int(11) NOT NULL,
  `combo3` int(11) NOT NULL,
  `combo4` int(11) NOT NULL,
  `combo5` int(11) NOT NULL,
  `combo6` int(11) NOT NULL,
  PRIMARY KEY (`id`),
  KEY `grn_batch_id` (`grn_batch_id`)
) ENGINE=InnoDB DEFAULT CHARSET=utf8 COLLATE=utf8_unicode_ci;
/*!40101 SET character_set_client = @saved_cs_client */;

--
-- Dumping data for table `0_grn_items`
--

LOCK TABLES `0_grn_items` WRITE;
/*!40000 ALTER TABLE `0_grn_items` DISABLE KEYS */;
INSERT INTO `0_grn_items` VALUES (1,1,1,'OB','Opening Balance Equity',1,1,'1','','','','','','',0,0,0,0,0,0,'0000-00-00','0000-00-00','0000-00-00',0,0,0,0,0,0),(2,2,30,'OB','Opening Balance Equity',157188,0,'1','','','','','','',0,0,0,0,0,0,'0000-00-00','0000-00-00','0000-00-00',0,0,0,0,0,0),(3,3,31,'OB','Opening Balance Equity',1,1,'1','','','','','','',0,0,0,0,0,0,'0000-00-00','0000-00-00','0000-00-00',0,0,0,0,0,0),(4,4,32,'OB','Opening Balance Equity',1,0,'1','','','','','','',0,0,0,0,0,0,'0000-00-00','0000-00-00','0000-00-00',0,0,0,0,0,0),(5,5,33,'OB','Opening Balance Equity',1,0,'1','','','','','','',0,0,0,0,0,0,'0000-00-00','0000-00-00','0000-00-00',0,0,0,0,0,0),(6,6,34,'OB','Opening Balance Equity',1,1,'1','','','','','','',0,0,0,0,0,0,'0000-00-00','0000-00-00','0000-00-00',0,0,0,0,0,0),(7,7,35,'OB','Opening Balance Equity',1,1,'1','','','','','','',0,0,0,0,0,0,'0000-00-00','0000-00-00','0000-00-00',0,0,0,0,0,0),(8,8,36,'OB','Opening Balance Equity',1,1,'1','','','','','','',0,0,0,0,0,0,'0000-00-00','0000-00-00','0000-00-00',0,0,0,0,0,0),(9,9,37,'OB','Opening Balance Equity',1,1,'1','','','','','','',0,0,0,0,0,0,'0000-00-00','0000-00-00','0000-00-00',0,0,0,0,0,0),(10,10,38,'OB','Opening Balance Equity',1,1,'1','','','','','','',0,0,0,0,0,0,'0000-00-00','0000-00-00','0000-00-00',0,0,0,0,0,0),(11,11,39,'OB','Opening Balance Equity',1,1,'1','','','','','','',0,0,0,0,0,0,'0000-00-00','0000-00-00','0000-00-00',0,0,0,0,0,0),(12,12,40,'OB','Opening Balance Equity',1,0,'1','','','','','','',0,0,0,0,0,0,'0000-00-00','0000-00-00','0000-00-00',0,0,0,0,0,0),(13,13,41,'380','KNOOR CHICKEN STOCK POWDER ',2,2,'1','','','','','','',0,0,0,0,0,0,'0000-00-00','0000-00-00','0000-00-00',0,0,0,0,0,0),(14,13,42,'233','MILK PACK CREAM 200ML ',24,24,'1','','','','','','',0,0,0,0,0,0,'0000-00-00','0000-00-00','0000-00-00',0,0,0,0,0,0),(15,13,43,'281','ICEING SUGAR',2,2,'1','','','','','','',0,0,0,0,0,0,'0000-00-00','0000-00-00','0000-00-00',0,0,0,0,0,0),(16,13,44,'794','KNOOR LIME SEASONING POWDER ',2,2,'1','','','','','','',0,0,0,0,0,0,'0000-00-00','0000-00-00','0000-00-00',0,0,0,0,0,0),(17,13,45,'710','STRAW',1,1,'1','','','','','','',0,0,0,0,0,0,'0000-00-00','0000-00-00','0000-00-00',0,0,0,0,0,0),(18,13,46,'712','PUK CHEESE ',1,1,'1','','','','','','',0,0,0,0,0,0,'0000-00-00','0000-00-00','0000-00-00',0,0,0,0,0,0),(19,14,47,'OB','Opening Balance Equity',1,1,'1','','','','','','',0,0,0,0,0,0,'0000-00-00','0000-00-00','0000-00-00',0,0,0,0,0,0),(20,15,48,'OB','Opening Balance Equity',1,1,'1','','','','','','',0,0,0,0,0,0,'0000-00-00','0000-00-00','0000-00-00',0,0,0,0,0,0),(21,16,49,'OB','Opening Balance Equity',1,1,'1','','','','','','',0,0,0,0,0,0,'0000-00-00','0000-00-00','0000-00-00',0,0,0,0,0,0),(22,17,50,'OB','Opening Balance Equity',1,1,'1','','','','','','',0,0,0,0,0,0,'0000-00-00','0000-00-00','0000-00-00',0,0,0,0,0,0),(23,18,18,'294','BUTTER MASHROOM',24,24,'1','','','','','','',0,0,0,0,0,0,'0000-00-00','0000-00-00','0000-00-00',0,0,0,0,0,0),(24,18,19,'272','CAPERS (BEN-DELS)',2,2,'1','','','','','','',0,0,0,0,0,0,'0000-00-00','0000-00-00','0000-00-00',0,0,0,0,0,0),(25,18,20,'233','MILK PACK CREAM 200ML ',48,48,'1','','','','','','',0,0,0,0,0,0,'0000-00-00','0000-00-00','0000-00-00',0,0,0,0,0,0),(26,18,21,'371','SUFI COOKING OIL 1 LITER ',10,10,'1','','','','','','',0,0,0,0,0,0,'0000-00-00','0000-00-00','0000-00-00',0,0,0,0,0,0),(27,18,22,'306','FETTUCCINE PASTA',2,2,'1','','','','','','',0,0,0,0,0,0,'0000-00-00','0000-00-00','0000-00-00',0,0,0,0,0,0),(28,18,23,'204','MILK PACK MILK 1 LTTER ',12,12,'1','','','','','','',0,0,0,0,0,0,'0000-00-00','0000-00-00','0000-00-00',0,0,0,0,0,0),(29,18,24,'821','NESTLE PINEAPPLE JUICE 1 LTR',1,1,'1','','','','','','',0,0,0,0,0,0,'0000-00-00','0000-00-00','0000-00-00',0,0,0,0,0,0),(30,18,25,'265','SUGAR',10,10,'1','','','','','','',0,0,0,0,0,0,'0000-00-00','0000-00-00','0000-00-00',0,0,0,0,0,0),(31,18,28,'798','CHOCOLATE SYRUP',1,1,'1','','','','','','',0,0,0,0,0,0,'0000-00-00','0000-00-00','0000-00-00',0,0,0,0,0,0),(32,18,29,'232','CRUSHED CHILLI (DADER MIRCH)',2,2,'1','','','','','','',0,0,0,0,0,0,'0000-00-00','0000-00-00','0000-00-00',0,0,0,0,0,0),(33,19,51,'861','TOMATO PUREE KNORR 900G',1,1,'1','','','','','','',0,0,0,0,0,0,'0000-00-00','0000-00-00','0000-00-00',0,0,0,0,0,0),(34,19,52,'862','ITALIAN TOMATO BASE KNORR 750G',1,1,'1','','','','','','',0,0,0,0,0,0,'0000-00-00','0000-00-00','0000-00-00',0,0,0,0,0,0),(35,19,53,'290','BBQ SAUCE 900 GMS (KNORR)',6,6,'1','','','','','','',0,0,0,0,0,0,'0000-00-00','0000-00-00','0000-00-00',0,0,0,0,0,0),(36,19,54,'396','RED WINE VINEGAR 500ML ',6,6,'1','','','','','','',0,0,0,0,0,0,'0000-00-00','0000-00-00','0000-00-00',0,0,0,0,0,0),(37,19,55,'863','LEMON JUICE AMERICAN GARDEN 946ML ',6,6,'1','','','','','','',0,0,0,0,0,0,'0000-00-00','0000-00-00','0000-00-00',0,0,0,0,0,0),(38,19,56,'279','CHILLI GARLIC (KNORR) 4kg ',3,3,'1','','','','','','',0,0,0,0,0,0,'0000-00-00','0000-00-00','0000-00-00',0,0,0,0,0,0),(39,19,57,'870','MAYONNAISE REAL 4KG ',3,3,'1','','','','','','',0,0,0,0,0,0,'0000-00-00','0000-00-00','0000-00-00',0,0,0,0,0,0),(40,19,58,'865','TOMATO KETCHUP (KNORR) 4kg ',3,3,'1','','','','','','',0,0,0,0,0,0,'0000-00-00','0000-00-00','0000-00-00',0,0,0,0,0,0),(41,19,59,'284','SASAME OIL (HEINZ) 500ML',2,2,'1','','','','','','',0,0,0,0,0,0,'0000-00-00','0000-00-00','0000-00-00',0,0,0,0,0,0),(42,19,60,'866','WORCESTER SHIRE SAUCE 295ML ',6,6,'1','','','','','','',0,0,0,0,0,0,'0000-00-00','0000-00-00','0000-00-00',0,0,0,0,0,0),(43,19,61,'302','MAMASITTA OYSTER SAUCE 4.5 KG',4,4,'1','','','','','','',0,0,0,0,0,0,'0000-00-00','0000-00-00','0000-00-00',0,0,0,0,0,0),(44,19,62,'274','SAMBAL OELEK CHILLI 250G YEOS',3,3,'1','','','','','','',0,0,0,0,0,0,'0000-00-00','0000-00-00','0000-00-00',0,0,0,0,0,0),(45,19,63,'382','HP SAUCE 255 GRAMS ',12,12,'1','','','','','','',0,0,0,0,0,0,'0000-00-00','0000-00-00','0000-00-00',0,0,0,0,0,0),(46,19,64,'867','MUSTARD YELLOW FRENCHS 2.98 KG ',2,2,'1','','','','','','',0,0,0,0,0,0,'0000-00-00','0000-00-00','0000-00-00',0,0,0,0,0,0),(47,19,65,'868','FRY ALL 16 LITER DALDA ',5,5,'1','','','','','','',0,0,0,0,0,0,'0000-00-00','0000-00-00','0000-00-00',0,0,0,0,0,0),(48,19,66,'800','KNOOR CHICKEN POWDER',24,24,'1','','','','','','',0,0,0,0,0,0,'0000-00-00','0000-00-00','0000-00-00',0,0,0,0,0,0),(49,19,67,'293','VINEGAR WHITE SHEZAN 3.85 LITER ',4,4,'1','','','','','','',0,0,0,0,0,0,'0000-00-00','0000-00-00','0000-00-00',0,0,0,0,0,0),(50,19,68,'795','PEEL TOMATO TIN PACK ',6,6,'1','','','','','','',0,0,0,0,0,0,'0000-00-00','0000-00-00','0000-00-00',0,0,0,0,0,0),(51,19,69,'869','MUSHROOM SLICED TIN 3KG  ',6,6,'1','','','','','','',0,0,0,0,0,0,'0000-00-00','0000-00-00','0000-00-00',0,0,0,0,0,0),(52,19,70,'362','MELAPINE PINEAPPLE SLICE 3KG ',3,3,'1','','','','','','',0,0,0,0,0,0,'0000-00-00','0000-00-00','0000-00-00',0,0,0,0,0,0),(53,19,71,'308','BREAD CRUMBS 1KG ',6,6,'1','','','','','','',0,0,0,0,0,0,'0000-00-00','0000-00-00','0000-00-00',0,0,0,0,0,0),(54,19,72,'321','CHICKEN SOUP CUBE KNORR 1KG ',2,2,'1','','','','','','',0,0,0,0,0,0,'0000-00-00','0000-00-00','0000-00-00',0,0,0,0,0,0),(55,19,73,'372','STRAWBERRY FILLING 595GM ',4,4,'1','','','','','','',0,0,0,0,0,0,'0000-00-00','0000-00-00','0000-00-00',0,0,0,0,0,0),(56,19,74,'373','BLUEBERRY FILLING 595GM ',4,4,'1','','','','','','',0,0,0,0,0,0,'0000-00-00','0000-00-00','0000-00-00',0,0,0,0,0,0),(57,19,75,'794','KNOOR LIME SEASONING POWDER 400G',6,6,'1','','','','','','',0,0,0,0,0,0,'0000-00-00','0000-00-00','0000-00-00',0,0,0,0,0,0),(58,19,76,'292','WHITE GRAPE VINEGAR 500ML',3,3,'1','','','','','','',0,0,0,0,0,0,'0000-00-00','0000-00-00','0000-00-00',0,0,0,0,0,0),(59,20,77,'301','EGGS',7.5,7.5,'1','','','','','','',0,0,0,0,0,0,'0000-00-00','0000-00-00','0000-00-00',0,0,0,0,0,0),(60,20,78,'230','CORN FLOUR LOSSE ',5,5,'1','','','','','','',0,0,0,0,0,0,'0000-00-00','0000-00-00','0000-00-00',0,0,0,0,0,0),(61,21,79,'271','LEMON JUICE (MITCHELS)',2,2,'1','','','','','','',0,0,0,0,0,0,'0000-00-00','0000-00-00','0000-00-00',0,0,0,0,0,0),(62,21,80,'303','RICE ZARAFA 2 YEARS OLD',50,50,'1','','','','','','',0,0,0,0,0,0,'0000-00-00','0000-00-00','0000-00-00',0,0,0,0,0,0),(63,21,81,'203','PREMA MILK ',4,4,'1','','','','','','',0,0,0,0,0,0,'0000-00-00','0000-00-00','0000-00-00',0,0,0,0,0,0),(64,21,82,'875','BODY SPRAY',2,2,'1','','','','','','',0,0,0,0,0,0,'0000-00-00','0000-00-00','0000-00-00',0,0,0,0,0,0),(65,21,83,'874','BETTERY CELL(AA)',4,4,'1','','','','','','',0,0,0,0,0,0,'0000-00-00','0000-00-00','0000-00-00',0,0,0,0,0,0),(66,21,84,'301','EGGS',7.5,7.5,'1','','','','','','',0,0,0,0,0,0,'0000-00-00','0000-00-00','0000-00-00',0,0,0,0,0,0),(67,21,85,'876','OREO BISCUIT(HALF ROLL) BOX',2,2,'1','','','','','','',0,0,0,0,0,0,'0000-00-00','0000-00-00','0000-00-00',0,0,0,0,0,0),(68,21,86,'265','SUGAR',5,5,'1','','','','','','',0,0,0,0,0,0,'0000-00-00','0000-00-00','0000-00-00',0,0,0,0,0,0),(69,22,87,'877','ICE CUBE(10KG BAG)',2,2,'1','','','','','','',0,0,0,0,0,0,'0000-00-00','0000-00-00','0000-00-00',0,0,0,0,0,0),(70,23,88,'877','ICE CUBE(10KG BAG)',5,5,'1','','','','','','',0,0,0,0,0,0,'0000-00-00','0000-00-00','0000-00-00',0,0,0,0,0,0),(71,24,89,'877','ICE CUBE(10KG BAG)',2,2,'1','','','','','','',0,0,0,0,0,0,'0000-00-00','0000-00-00','0000-00-00',0,0,0,0,0,0),(72,25,90,'350','FRENCH FRIES Mccain 2.5kg ',5,5,'1','','','','','','',0,0,0,0,0,0,'0000-00-00','0000-00-00','0000-00-00',0,0,0,0,0,0),(73,26,91,'230','CORN FLOUR LOSSE ',10,10,'1','','','','','','',0,0,0,0,0,0,'0000-00-00','0000-00-00','0000-00-00',0,0,0,0,0,0),(74,26,92,'301','EGGS',12.5,12.5,'1','','','','','','',0,0,0,0,0,0,'0000-00-00','0000-00-00','0000-00-00',0,0,0,0,0,0),(75,26,93,'265','SUGAR',10,10,'1','','','','','','',0,0,0,0,0,0,'0000-00-00','0000-00-00','0000-00-00',0,0,0,0,0,0),(76,26,94,'204','MILK PACK MILK 1 LTTER ',24,24,'1','','','','','','',0,0,0,0,0,0,'0000-00-00','0000-00-00','0000-00-00',0,0,0,0,0,0),(77,26,95,'203','PREMA MILK ',6,6,'1','','','','','','',0,0,0,0,0,0,'0000-00-00','0000-00-00','0000-00-00',0,0,0,0,0,0),(78,27,96,'201','FRESH CREAM',20,20,'1','','','','','','',0,0,0,0,0,0,'0000-00-00','0000-00-00','0000-00-00',0,0,0,0,0,0),(79,28,97,'201','FRESH CREAM',1,1,'1','','','','','','',0,0,0,0,0,0,'0000-00-00','0000-00-00','0000-00-00',0,0,0,0,0,0),(80,29,98,'402','CARROTS',5,5,'1','','','','','','',0,0,0,0,0,0,'0000-00-00','0000-00-00','0000-00-00',0,0,0,0,0,0),(81,29,99,'409','BROCCOLI',1,1,'1','','','','','','',0,0,0,0,0,0,'0000-00-00','0000-00-00','0000-00-00',0,0,0,0,0,0),(82,29,100,'411','GREEN CAPSICUM',4,4,'1','','','','','','',0,0,0,0,0,0,'0000-00-00','0000-00-00','0000-00-00',0,0,0,0,0,0),(83,29,101,'406','ZUCCHINI',3,3,'1','','','','','','',0,0,0,0,0,0,'0000-00-00','0000-00-00','0000-00-00',0,0,0,0,0,0),(84,29,102,'739','PARSLEY',0.5,0.5,'1','','','','','','',0,0,0,0,0,0,'0000-00-00','0000-00-00','0000-00-00',0,0,0,0,0,0),(85,29,103,'738','FRESH BASIL',0.5,0.5,'1','','','','','','',0,0,0,0,0,0,'0000-00-00','0000-00-00','0000-00-00',0,0,0,0,0,0),(86,30,104,'407','POTATOES',4,4,'1','','','','','','',0,0,0,0,0,0,'0000-00-00','0000-00-00','0000-00-00',0,0,0,0,0,0),(87,30,105,'740','TOMATOES',1,1,'1','','','','','','',0,0,0,0,0,0,'0000-00-00','0000-00-00','0000-00-00',0,0,0,0,0,0),(88,30,106,'418','GREEN CHILLI',0.25,0.25,'1','','','','','','',0,0,0,0,0,0,'0000-00-00','0000-00-00','0000-00-00',0,0,0,0,0,0),(89,30,107,'401','ONION',3,3,'1','','','','','','',0,0,0,0,0,0,'0000-00-00','0000-00-00','0000-00-00',0,0,0,0,0,0),(90,30,108,'1741','SPINECH(PALIK)',8,8,'1','','','','','','',0,0,0,0,0,0,'0000-00-00','0000-00-00','0000-00-00',0,0,0,0,0,0),(91,31,109,'417','GINGER',0.25,0.25,'1','','','','','','',0,0,0,0,0,0,'0000-00-00','0000-00-00','0000-00-00',0,0,0,0,0,0),(92,31,110,'1100','LEMON FRESH ',1,1,'1','','','','','','',0,0,0,0,0,0,'0000-00-00','0000-00-00','0000-00-00',0,0,0,0,0,0),(93,32,111,'401','ONION',2,2,'1','','','','','','',0,0,0,0,0,0,'0000-00-00','0000-00-00','0000-00-00',0,0,0,0,0,0),(94,32,112,'740','TOMATOES',1,1,'1','','','','','','',0,0,0,0,0,0,'0000-00-00','0000-00-00','0000-00-00',0,0,0,0,0,0),(95,32,113,'418','GREEN CHILLI',0.25,0.25,'1','','','','','','',0,0,0,0,0,0,'0000-00-00','0000-00-00','0000-00-00',0,0,0,0,0,0),(96,33,114,'271','LEMON JUICE (MITCHELS)',3,3,'1','','','','','','',0,0,0,0,0,0,'0000-00-00','0000-00-00','0000-00-00',0,0,0,0,0,0),(97,33,115,'878','STRAWBERRY TOPPING SUNDAE 3.6 KG SALMAN  ',1,1,'1','','','','','','',0,0,0,0,0,0,'0000-00-00','0000-00-00','0000-00-00',0,0,0,0,0,0),(98,34,116,'801','COKE 300 ML CAN',0,0,'1','','','','','','',0,0,0,0,0,0,'0000-00-00','0000-00-00','0000-00-00',0,0,0,0,0,0),(99,34,117,'805','SPRITE 300ML CAN',0,0,'1','','','','','','',0,0,0,0,0,0,'0000-00-00','0000-00-00','0000-00-00',0,0,0,0,0,0),(100,34,118,'809','COKE DIET 250 ML CAN',0,0,'1','','','','','','',0,0,0,0,0,0,'0000-00-00','0000-00-00','0000-00-00',0,0,0,0,0,0),(101,34,119,'001','BEEF TENDERLOIN WITHOUT HEAD',0,0,'1','','','','','','',0,0,0,0,0,0,'0000-00-00','0000-00-00','0000-00-00',0,0,0,0,0,0),(102,35,120,'822','AQUA FINA WATER 500ML ',180,180,'1','','','','','','',0,0,0,0,0,0,'0000-00-00','0000-00-00','0000-00-00',0,0,0,0,0,0),(103,36,121,'879','SHOE POLISH ',1,1,'1','','','','','','',0,0,0,0,0,0,'0000-00-00','0000-00-00','0000-00-00',0,0,0,0,0,0),(104,36,122,'710','STRAW',4,4,'1','','','','','','',0,0,0,0,0,0,'0000-00-00','0000-00-00','0000-00-00',0,0,0,0,0,0),(105,36,123,'281','ICEING SUGAR',4,4,'1','','','','','','',0,0,0,0,0,0,'0000-00-00','0000-00-00','0000-00-00',0,0,0,0,0,0),(106,36,124,'799','CHOCOLATE CHIP',1,1,'1','','','','','','',0,0,0,0,0,0,'0000-00-00','0000-00-00','0000-00-00',0,0,0,0,0,0),(107,36,125,'233','MILK PACK CREAM 200ML ',24,24,'1','','','','','','',0,0,0,0,0,0,'0000-00-00','0000-00-00','0000-00-00',0,0,0,0,0,0),(108,36,126,'265','SUGAR',10,10,'1','','','','','','',0,0,0,0,0,0,'0000-00-00','0000-00-00','0000-00-00',0,0,0,0,0,0),(109,36,127,'880','WOOD POLISH ',2,2,'1','','','','','','',0,0,0,0,0,0,'0000-00-00','0000-00-00','0000-00-00',0,0,0,0,0,0),(110,37,128,'801','COKE 300 ML CAN',180,180,'1','','','','','','',0,0,0,0,0,0,'0000-00-00','0000-00-00','0000-00-00',0,0,0,0,0,0),(111,37,129,'805','SPRITE 300ML CAN',180,180,'1','','','','','','',0,0,0,0,0,0,'0000-00-00','0000-00-00','0000-00-00',0,0,0,0,0,0),(112,37,130,'809','COKE DIET 250 ML CAN',24,24,'1','','','','','','',0,0,0,0,0,0,'0000-00-00','0000-00-00','0000-00-00',0,0,0,0,0,0),(113,37,131,'824','KINLEY MINRAL WATER ',60,60,'1','','','','','','',0,0,0,0,0,0,'0000-00-00','0000-00-00','0000-00-00',0,0,0,0,0,0),(114,38,132,'230','CORN FLOUR LOSSE ',6,6,'1','','','','','','',0,0,0,0,0,0,'0000-00-00','0000-00-00','0000-00-00',0,0,0,0,0,0),(115,39,133,'204','MILK PACK MILK 1 LTTER ',2,2,'1','','','','','','',0,0,0,0,0,0,'0000-00-00','0000-00-00','0000-00-00',0,0,0,0,0,0),(116,39,134,'203','PREMA MILK ',2,2,'1','','','','','','',0,0,0,0,0,0,'0000-00-00','0000-00-00','0000-00-00',0,0,0,0,0,0),(117,40,135,'208','CAKE BASE',20,20,'1','','','','','','',0,0,0,0,0,0,'0000-00-00','0000-00-00','0000-00-00',0,0,0,0,0,0),(118,41,136,'369','STRAWBERRY IN SYRUP 425GM ',3,3,'1','','','','','','',0,0,0,0,0,0,'0000-00-00','0000-00-00','0000-00-00',0,0,0,0,0,0),(119,41,137,'210','PARMESAN CHEESE',2,2,'1','','','','','','',0,0,0,0,0,0,'0000-00-00','0000-00-00','0000-00-00',0,0,0,0,0,0),(120,41,138,'856','CHEESE CHADDER 2KG BLOCK ',2,2,'1','','','','','','',0,0,0,0,0,0,'0000-00-00','0000-00-00','0000-00-00',0,0,0,0,0,0),(121,41,139,'233','MILK PACK CREAM 200ML ',2,2,'1','','','','','','',0,0,0,0,0,0,'0000-00-00','0000-00-00','0000-00-00',0,0,0,0,0,0),(122,41,140,'322','DAMI GLASS BASE',1,1,'1','','','','','','',0,0,0,0,0,0,'0000-00-00','0000-00-00','0000-00-00',0,0,0,0,0,0),(123,41,141,'300','GREEN OLIVES',1,1,'1','','','','','','',0,0,0,0,0,0,'0000-00-00','0000-00-00','0000-00-00',0,0,0,0,0,0),(124,41,142,'732','OREGANO DRY',3,3,'1','','','','','','',0,0,0,0,0,0,'0000-00-00','0000-00-00','0000-00-00',0,0,0,0,0,0),(125,41,143,'313','THYME',3,3,'1','','','','','','',0,0,0,0,0,0,'0000-00-00','0000-00-00','0000-00-00',0,0,0,0,0,0),(126,41,144,'301','EGGS',15,15,'1','','','','','','',0,0,0,0,0,0,'0000-00-00','0000-00-00','0000-00-00',0,0,0,0,0,0),(127,41,145,'706','SHOPPING BAG PLASTIC ',1,1,'1','','','','','','',0,0,0,0,0,0,'0000-00-00','0000-00-00','0000-00-00',0,0,0,0,0,0),(128,41,146,'712','PUK CHEESE ',1,1,'1','','','','','','',0,0,0,0,0,0,'0000-00-00','0000-00-00','0000-00-00',0,0,0,0,0,0),(129,41,147,'799','CHOCOLATE CHIP',3,3,'1','','','','','','',0,0,0,0,0,0,'0000-00-00','0000-00-00','0000-00-00',0,0,0,0,0,0),(130,41,148,'612','GLINT GLASS CLEANER PACK ',2,2,'1','','','','','','',0,0,0,0,0,0,'0000-00-00','0000-00-00','0000-00-00',0,0,0,0,0,0),(131,41,149,'261','MALAYSIA DARK CHOCOLATE ',3,3,'1','','','','','','',0,0,0,0,0,0,'0000-00-00','0000-00-00','0000-00-00',0,0,0,0,0,0),(132,41,150,'619','LEMON MAX LIQUID',1,1,'1','','','','','','',0,0,0,0,0,0,'0000-00-00','0000-00-00','0000-00-00',0,0,0,0,0,0),(133,41,151,'881','BLACK OLIVES',1,1,'1','','','','','','',0,0,0,0,0,0,'0000-00-00','0000-00-00','0000-00-00',0,0,0,0,0,0),(134,41,152,'204','MILK PACK MILK 1 LTTER ',12,12,'1','','','','','','',0,0,0,0,0,0,'0000-00-00','0000-00-00','0000-00-00',0,0,0,0,0,0),(135,41,153,'710','STRAW',4,4,'1','','','','','','',0,0,0,0,0,0,'0000-00-00','0000-00-00','0000-00-00',0,0,0,0,0,0),(136,42,2,'101','CHICKEN FILLET 110 TO 120 GMS K&amp;N&#039;S',40,40.2,'1','','','','','','',0,0,0,0,0,0,'0000-00-00','0000-00-00','0000-00-00',0,0,0,0,0,0),(137,43,154,'407','POTATOES',10,0,'1','','','','','','',0,0,0,0,0,0,'0000-00-00','0000-00-00','0000-00-00',0,0,0,0,0,0),(138,43,155,'401','ONION',6,0,'1','','','','','','',0,0,0,0,0,0,'0000-00-00','0000-00-00','0000-00-00',0,0,0,0,0,0),(139,43,156,'404','GREEN ONION',2,0,'1','','','','','','',0,0,0,0,0,0,'0000-00-00','0000-00-00','0000-00-00',0,0,0,0,0,0),(140,43,157,'402','CARROTS',8,0,'1','','','','','','',0,0,0,0,0,0,'0000-00-00','0000-00-00','0000-00-00',0,0,0,0,0,0),(141,43,158,'417','GINGER',0.5,0,'1','','','','','','',0,0,0,0,0,0,'0000-00-00','0000-00-00','0000-00-00',0,0,0,0,0,0),(142,43,159,'409','BROCCOLI',2,0,'1','','','','','','',0,0,0,0,0,0,'0000-00-00','0000-00-00','0000-00-00',0,0,0,0,0,0),(143,43,160,'411','GREEN CAPSICUM',4,0,'1','','','','','','',0,0,0,0,0,0,'0000-00-00','0000-00-00','0000-00-00',0,0,0,0,0,0),(144,43,161,'403','CABBAGE',1,0,'1','','','','','','',0,0,0,0,0,0,'0000-00-00','0000-00-00','0000-00-00',0,0,0,0,0,0),(145,43,162,'406','ZUCCHINI',4,0,'1','','','','','','',0,0,0,0,0,0,'0000-00-00','0000-00-00','0000-00-00',0,0,0,0,0,0),(146,44,163,'407','POTATOES',10,10,'1','','','','','','',0,0,0,0,0,0,'0000-00-00','0000-00-00','0000-00-00',0,0,0,0,0,0),(147,44,164,'401','ONION',6,6,'1','','','','','','',0,0,0,0,0,0,'0000-00-00','0000-00-00','0000-00-00',0,0,0,0,0,0),(148,44,165,'404','GREEN ONION',2,2,'1','','','','','','',0,0,0,0,0,0,'0000-00-00','0000-00-00','0000-00-00',0,0,0,0,0,0),(149,44,166,'403','CABBAGE',1,1,'1','','','','','','',0,0,0,0,0,0,'0000-00-00','0000-00-00','0000-00-00',0,0,0,0,0,0),(150,44,167,'402','CARROTS',8,8,'1','','','','','','',0,0,0,0,0,0,'0000-00-00','0000-00-00','0000-00-00',0,0,0,0,0,0),(151,44,168,'417','GINGER',0.5,0.5,'1','','','','','','',0,0,0,0,0,0,'0000-00-00','0000-00-00','0000-00-00',0,0,0,0,0,0),(152,44,169,'409','BROCCOLI',2,2,'1','','','','','','',0,0,0,0,0,0,'0000-00-00','0000-00-00','0000-00-00',0,0,0,0,0,0),(153,44,170,'406','ZUCCHINI',4,4,'1','','','','','','',0,0,0,0,0,0,'0000-00-00','0000-00-00','0000-00-00',0,0,0,0,0,0),(154,44,171,'411','GREEN CAPSICUM',4,4,'1','','','','','','',0,0,0,0,0,0,'0000-00-00','0000-00-00','0000-00-00',0,0,0,0,0,0),(155,45,172,'407','POTATOES',10,10,'1','','','','','','',0,0,0,0,0,0,'0000-00-00','0000-00-00','0000-00-00',0,0,0,0,0,0),(156,45,173,'401','ONION',6,6,'1','','','','','','',0,0,0,0,0,0,'0000-00-00','0000-00-00','0000-00-00',0,0,0,0,0,0),(157,45,174,'404','GREEN ONION',2,2,'1','','','','','','',0,0,0,0,0,0,'0000-00-00','0000-00-00','0000-00-00',0,0,0,0,0,0),(158,45,175,'403','CABBAGE',0.5,0.5,'1','','','','','','',0,0,0,0,0,0,'0000-00-00','0000-00-00','0000-00-00',0,0,0,0,0,0),(159,45,176,'402','CARROTS',7,7,'1','','','','','','',0,0,0,0,0,0,'0000-00-00','0000-00-00','0000-00-00',0,0,0,0,0,0),(160,45,177,'740','TOMATOES',1,1,'1','','','','','','',0,0,0,0,0,0,'0000-00-00','0000-00-00','0000-00-00',0,0,0,0,0,0),(161,45,178,'418','GREEN CHILLI',0.5,0.5,'1','','','','','','',0,0,0,0,0,0,'0000-00-00','0000-00-00','0000-00-00',0,0,0,0,0,0),(162,45,179,'1100','LEMON FRESH ',1,1,'1','','','','','','',0,0,0,0,0,0,'0000-00-00','0000-00-00','0000-00-00',0,0,0,0,0,0),(163,45,180,'409','BROCCOLI',1,1,'1','','','','','','',0,0,0,0,0,0,'0000-00-00','0000-00-00','0000-00-00',0,0,0,0,0,0),(164,45,181,'408','ICEBERG LETTUCE',1,1,'1','','','','','','',0,0,0,0,0,0,'0000-00-00','0000-00-00','0000-00-00',0,0,0,0,0,0),(165,45,182,'411','GREEN CAPSICUM',4,4,'1','','','','','','',0,0,0,0,0,0,'0000-00-00','0000-00-00','0000-00-00',0,0,0,0,0,0),(166,45,183,'406','ZUCCHINI',4,4,'1','','','','','','',0,0,0,0,0,0,'0000-00-00','0000-00-00','0000-00-00',0,0,0,0,0,0),(167,45,184,'414','FRESH MINT',6,6,'1','','','','','','',0,0,0,0,0,0,'0000-00-00','0000-00-00','0000-00-00',0,0,0,0,0,0),(168,45,185,'738','FRESH BASIL',0.1,0.1,'1','','','','','','',0,0,0,0,0,0,'0000-00-00','0000-00-00','0000-00-00',0,0,0,0,0,0),(169,45,186,'739','PARSLEY',0.2,0.2,'1','','','','','','',0,0,0,0,0,0,'0000-00-00','0000-00-00','0000-00-00',0,0,0,0,0,0),(170,46,187,'301','EGGS',15,15,'1','','','','','','',0,0,0,0,0,0,'0000-00-00','0000-00-00','0000-00-00',0,0,0,0,0,0),(171,46,188,'712','PUK CHEESE ',2,2,'1','','','','','','',0,0,0,0,0,0,'0000-00-00','0000-00-00','0000-00-00',0,0,0,0,0,0),(172,46,189,'101','CHICKEN FILLET 110 TO 120 GMS K&amp;N&#039;S',25.35,25.35,'1','','','','','','',0,0,0,0,0,0,'0000-00-00','0000-00-00','0000-00-00',0,0,0,0,0,0),(173,46,190,'001','BEEF TENDERLOIN WITHOUT HEAD',18,18,'1','','','','','','',0,0,0,0,0,0,'0000-00-00','0000-00-00','0000-00-00',0,0,0,0,0,0),(174,46,191,'249','ALMOND ',1,1,'1','','','','','','',0,0,0,0,0,0,'0000-00-00','0000-00-00','0000-00-00',0,0,0,0,0,0),(175,46,192,'300','GREEN OLIVES',1,1,'1','','','','','','',0,0,0,0,0,0,'0000-00-00','0000-00-00','0000-00-00',0,0,0,0,0,0),(176,46,193,'881','BLACK OLIVES',1,1,'1','','','','','','',0,0,0,0,0,0,'0000-00-00','0000-00-00','0000-00-00',0,0,0,0,0,0),(177,46,194,'371','SUFI COOKING OIL 1 LITER ',25,25,'1','','','','','','',0,0,0,0,0,0,'0000-00-00','0000-00-00','0000-00-00',0,0,0,0,0,0),(178,46,195,'265','SUGAR',50,50,'1','','','','','','',0,0,0,0,0,0,'0000-00-00','0000-00-00','0000-00-00',0,0,0,0,0,0),(179,46,196,'306','FETTUCCINE PASTA',5,5,'1','','','','','','',0,0,0,0,0,0,'0000-00-00','0000-00-00','0000-00-00',0,0,0,0,0,0),(180,46,197,'230','CORN FLOUR LOSSE ',10,10,'1','','','','','','',0,0,0,0,0,0,'0000-00-00','0000-00-00','0000-00-00',0,0,0,0,0,0),(181,46,198,'821','NESTLE PINEAPPLE JUICE 1 LTR',48,48,'1','','','','','','',0,0,0,0,0,0,'0000-00-00','0000-00-00','0000-00-00',0,0,0,0,0,0),(182,46,199,'801','COKE 300 ML CAN',180,180,'1','','','','','','',0,0,0,0,0,0,'0000-00-00','0000-00-00','0000-00-00',0,0,0,0,0,0),(183,46,200,'805','SPRITE 300ML CAN',180,180,'1','','','','','','',0,0,0,0,0,0,'0000-00-00','0000-00-00','0000-00-00',0,0,0,0,0,0),(184,46,201,'822','AQUA FINA WATER 500ML ',216,216,'1','','','','','','',0,0,0,0,0,0,'0000-00-00','0000-00-00','0000-00-00',0,0,0,0,0,0);
/*!40000 ALTER TABLE `0_grn_items` ENABLE KEYS */;
UNLOCK TABLES;

--
-- Table structure for table `0_groups`
--

DROP TABLE IF EXISTS `0_groups`;
/*!40101 SET @saved_cs_client     = @@character_set_client */;
/*!40101 SET character_set_client = utf8 */;
CREATE TABLE `0_groups` (
  `id` smallint(6) unsigned NOT NULL AUTO_INCREMENT,
  `description` varchar(60) COLLATE utf8_unicode_ci NOT NULL DEFAULT '',
  `inactive` tinyint(1) NOT NULL DEFAULT '0',
  PRIMARY KEY (`id`),
  UNIQUE KEY `description` (`description`)
) ENGINE=InnoDB DEFAULT CHARSET=utf8 COLLATE=utf8_unicode_ci;
/*!40101 SET character_set_client = @saved_cs_client */;

--
-- Dumping data for table `0_groups`
--

LOCK TABLES `0_groups` WRITE;
/*!40000 ALTER TABLE `0_groups` DISABLE KEYS */;
INSERT INTO `0_groups` VALUES (1,'Small',0),(2,'Medium',0),(3,'Large',0);
/*!40000 ALTER TABLE `0_groups` ENABLE KEYS */;
UNLOCK TABLES;

--
-- Table structure for table `0_h_combo1`
--

DROP TABLE IF EXISTS `0_h_combo1`;
/*!40101 SET @saved_cs_client     = @@character_set_client */;
/*!40101 SET character_set_client = utf8 */;
CREATE TABLE `0_h_combo1` (
  `combo_code` int(11) NOT NULL AUTO_INCREMENT,
  `description` varchar(60) COLLATE utf8_unicode_ci NOT NULL DEFAULT '',
  `inactive` tinyint(1) NOT NULL DEFAULT '0',
  PRIMARY KEY (`combo_code`),
  UNIQUE KEY `description` (`description`)
) ENGINE=InnoDB DEFAULT CHARSET=utf8 COLLATE=utf8_unicode_ci;
/*!40101 SET character_set_client = @saved_cs_client */;

--
-- Dumping data for table `0_h_combo1`
--

LOCK TABLES `0_h_combo1` WRITE;
/*!40000 ALTER TABLE `0_h_combo1` DISABLE KEYS */;
/*!40000 ALTER TABLE `0_h_combo1` ENABLE KEYS */;
UNLOCK TABLES;

--
-- Table structure for table `0_h_combo2`
--

DROP TABLE IF EXISTS `0_h_combo2`;
/*!40101 SET @saved_cs_client     = @@character_set_client */;
/*!40101 SET character_set_client = utf8 */;
CREATE TABLE `0_h_combo2` (
  `combo_code` int(11) NOT NULL AUTO_INCREMENT,
  `description` varchar(60) COLLATE utf8_unicode_ci NOT NULL DEFAULT '',
  `inactive` tinyint(1) NOT NULL DEFAULT '0',
  PRIMARY KEY (`combo_code`),
  UNIQUE KEY `description` (`description`)
) ENGINE=InnoDB DEFAULT CHARSET=utf8 COLLATE=utf8_unicode_ci;
/*!40101 SET character_set_client = @saved_cs_client */;

--
-- Dumping data for table `0_h_combo2`
--

LOCK TABLES `0_h_combo2` WRITE;
/*!40000 ALTER TABLE `0_h_combo2` DISABLE KEYS */;
/*!40000 ALTER TABLE `0_h_combo2` ENABLE KEYS */;
UNLOCK TABLES;

--
-- Table structure for table `0_h_combo3`
--

DROP TABLE IF EXISTS `0_h_combo3`;
/*!40101 SET @saved_cs_client     = @@character_set_client */;
/*!40101 SET character_set_client = utf8 */;
CREATE TABLE `0_h_combo3` (
  `combo_code` int(11) NOT NULL AUTO_INCREMENT,
  `description` varchar(60) COLLATE utf8_unicode_ci NOT NULL DEFAULT '',
  `inactive` tinyint(1) NOT NULL DEFAULT '0',
  PRIMARY KEY (`combo_code`),
  UNIQUE KEY `description` (`description`)
) ENGINE=InnoDB DEFAULT CHARSET=utf8 COLLATE=utf8_unicode_ci;
/*!40101 SET character_set_client = @saved_cs_client */;

--
-- Dumping data for table `0_h_combo3`
--

LOCK TABLES `0_h_combo3` WRITE;
/*!40000 ALTER TABLE `0_h_combo3` DISABLE KEYS */;
/*!40000 ALTER TABLE `0_h_combo3` ENABLE KEYS */;
UNLOCK TABLES;

--
-- Table structure for table `0_hf_pref`
--

DROP TABLE IF EXISTS `0_hf_pref`;
/*!40101 SET @saved_cs_client     = @@character_set_client */;
/*!40101 SET character_set_client = utf8 */;
CREATE TABLE `0_hf_pref` (
  `name` varchar(60) NOT NULL,
  `label_value` varchar(60) NOT NULL,
  `type` tinyint(1) NOT NULL,
  `enable` tinyint(1) NOT NULL,
  `s_position` tinyint(1) DEFAULT NULL,
  `p_position` tinyint(1) NOT NULL,
  `s_width` tinyint(4) NOT NULL DEFAULT '20',
  `p_width` tinyint(4) NOT NULL DEFAULT '20',
  PRIMARY KEY (`name`),
  UNIQUE KEY `s_position` (`s_position`)
) ENGINE=InnoDB DEFAULT CHARSET=latin1;
/*!40101 SET character_set_client = @saved_cs_client */;

--
-- Dumping data for table `0_hf_pref`
--

LOCK TABLES `0_hf_pref` WRITE;
/*!40000 ALTER TABLE `0_hf_pref` DISABLE KEYS */;
INSERT INTO `0_hf_pref` VALUES ('f_combo1','comb4',2,0,19,0,10,10),('f_combo2','comb5',2,0,20,0,10,10),('f_combo3','comb6',2,0,21,0,10,10),('f_comment1','Grm/Mircon',1,0,16,0,10,10),('f_comment2','Length',1,0,17,0,10,10),('f_comment3','6',1,0,18,0,10,10),('f_date1','date1',3,0,22,0,10,10),('f_date2','date2',3,0,23,0,10,10),('f_date3','date3',3,0,24,0,10,10),('f_text1','Text Field 4',4,0,13,0,10,10),('f_text2','Text Field 5',4,0,14,0,10,10),('f_text3','Text Field 6',4,0,15,0,10,10),('h_amount1','Factor',1,0,4,0,10,10),('h_amount2','Width(Inch)/Paper',1,0,5,0,10,10),('h_amount3','Width (MM)',1,0,6,0,10,10),('h_combo1','comb1',2,0,7,0,10,10),('h_combo2','comb2',2,0,8,0,10,10),('h_combo3','comb3',2,0,9,0,10,10),('h_date1','date1',3,0,10,0,10,10),('h_date2','date2',3,0,11,0,10,10),('h_date3','date3',3,0,12,0,10,10),('h_text1','Constant',4,0,1,0,10,10),('h_text2','Text Field 2	',4,0,2,0,10,10),('h_text3','Text Field 3	',4,0,3,0,10,10),('total_amount','5',30,0,NULL,0,10,10),('total_combo','6',30,0,NULL,0,10,10),('total_date','3',30,0,NULL,0,10,10),('total_text','1',30,0,NULL,0,10,10);
/*!40000 ALTER TABLE `0_hf_pref` ENABLE KEYS */;
UNLOCK TABLES;

--
-- Table structure for table `0_item_codes`
--

DROP TABLE IF EXISTS `0_item_codes`;
/*!40101 SET @saved_cs_client     = @@character_set_client */;
/*!40101 SET character_set_client = utf8 */;
CREATE TABLE `0_item_codes` (
  `id` int(11) unsigned NOT NULL AUTO_INCREMENT,
  `item_code` varchar(20) COLLATE utf8_unicode_ci NOT NULL,
  `stock_id` varchar(20) COLLATE utf8_unicode_ci NOT NULL,
  `description` varchar(200) COLLATE utf8_unicode_ci NOT NULL DEFAULT '',
  `category_id` smallint(6) unsigned NOT NULL,
  `quantity` double NOT NULL DEFAULT '1',
  `is_foreign` tinyint(1) NOT NULL DEFAULT '0',
  `inactive` tinyint(1) NOT NULL DEFAULT '0',
  PRIMARY KEY (`id`),
  UNIQUE KEY `stock_id` (`stock_id`,`item_code`),
  KEY `item_code` (`item_code`)
) ENGINE=InnoDB DEFAULT CHARSET=utf8 COLLATE=utf8_unicode_ci;
/*!40101 SET character_set_client = @saved_cs_client */;

--
-- Dumping data for table `0_item_codes`
--

LOCK TABLES `0_item_codes` WRITE;
/*!40000 ALTER TABLE `0_item_codes` DISABLE KEYS */;
INSERT INTO `0_item_codes` VALUES (1,'001','001','BEEF TENDERLOIN WITHOUT HEAD',7,1,0,0),(2,'002','002','BEEF TENDERLOIN WITH HEAD',7,1,0,0),(3,'901','901','LPG GAS ',15,1,0,0),(4,'101','101','CHICKEN FILLET 110 TO 120 GMS K&amp;N&#039;S',8,1,0,0),(5,'201','201','FRESH CREAM',9,1,0,0),(6,'301','301','EGGS',10,1,0,0),(7,'401','401','ONION',11,1,0,0),(8,'501','501','DINNER SPOON LARGE',12,1,0,0),(9,'601','601','DISH WASHING LIQUID BULK',13,1,0,0),(10,'701','701','ZIPPER BAG',14,1,0,0),(11,'801','801','COKE 300 ML CAN',16,1,0,0),(12,'003','003','BEEF SLICE FOR GRAVY',7,1,0,0),(13,'004','004','BEEF WASTE LEFT FROM CLEANING',7,1,0,0),(15,'102','102','CHICKEN THAI BONELESS (LOCAL)',8,1,0,0),(16,'103','103','CHICKEN THAI BONELESS (K&amp;N&#039;S)',8,1,0,0),(17,'104','104','CHICKEN NIBLETS WINGS (K&amp;N&#039;S)',8,1,0,0),(18,'105','105','CHICKEN WINGS LOCAL',8,1,0,0),(19,'106','106','CHICKEN BREAST LOCAL',8,1,0,0),(20,'107','107','CHICKEN 9 CUT WITH SKIN (MARINATO)',8,1,0,0),(21,'302','302','MAMASITTA OYSTER SAUCE 4.5 KG',10,1,0,0),(22,'303','303','RICE ZARAFA 2 YEARS OLD',10,1,0,0),(23,'402','402','CARROTS',11,1,0,0),(24,'403','403','CABBAGE',11,1,0,0),(25,'404','404','GREEN ONION',11,1,0,0),(26,'405','405','RED ONION',11,1,0,0),(27,'406','406','ZUCCHINI',11,1,0,0),(28,'407','407','POTATOES',11,1,0,0),(29,'408','408','ICEBERG LETTUCE',11,1,0,0),(30,'409','409','BROCCOLI',11,1,0,0),(31,'411','411','GREEN CAPSICUM',11,1,0,0),(32,'412','412','RED CAPSICUM',11,1,0,0),(33,'410','410','YELLOW CAPSICUM',11,1,0,0),(34,'413','413','GARLIC',11,1,0,0),(35,'414','414','FRESH MINT',11,1,0,0),(36,'415','415','CHERRY TOMATO',11,1,0,0),(37,'416','416','BIRD CHILLI',11,1,0,0),(38,'417','417','GINGER',11,1,0,0),(39,'803','803','7UP 300 ML CAN',16,1,0,0),(40,'804','804','FANTA 300ML CAN',16,1,0,0),(41,'805','805','SPRITE 300ML CAN',16,1,0,0),(42,'806','806','SPRITE ZERO 300ML CAN',16,1,0,0),(43,'807','807','SPRITE 1.5 LTR',16,1,0,0),(44,'808','808','7UP 1.5 LTR',16,1,0,0),(45,'809','809','COKE DIET 250 ML CAN',16,1,0,0),(46,'810','810','WATER MINERAL 1.5 LTR',16,1,0,0),(50,'814','814','PEPSI 300ml can',16,1,0,0),(51,'815','815','PEPSI 1.5liter',16,1,0,0),(52,'816','816','PEPSI 500ml',16,1,0,0),(53,'817','817','NESTLE MANGO JUICE 1 LTR',16,1,0,0),(54,'818','818','NESTLE APPLE JUICE 1 LTR',16,1,0,0),(55,'819','819','NESTLE RED GRAPE 1 LTR',16,1,0,0),(56,'820','820','NESTLE PEACH JUICE 1 LTR',16,1,0,0),(57,'821','821','NESTLE PINEAPPLE JUICE 1 LTR',16,1,0,0),(59,'109','109','CHICKEN BONE (LOCAL)',8,1,0,0),(60,'304','304','CRACKERS',10,1,0,0),(61,'305','305','CRISPY TAMPOORA FLOUR',10,1,0,0),(62,'306','306','FETTUCCINE PASTA',10,1,0,0),(63,'307','307','MACARONI ELBLOW BIG',10,1,0,0),(64,'308','308','BREAD CRUMBS 1KG ',10,1,0,0),(65,'309','309','PANNE REGGIA PASTA',10,1,0,0),(66,'310','310','GREEN CHILLI SAUCE',10,1,0,0),(67,'311','311','TARRAGON',10,1,0,0),(68,'312','312','DRY BASIL',10,1,0,0),(69,'313','313','THYME',10,1,0,0),(70,'314','314','SALT',10,1,0,0),(71,'315','315','TOMATO KETCHUP HEINZ ',10,1,0,0),(72,'316','316','PAPRIKA POWDER',10,1,0,0),(73,'317','317','WHITE PEPPER POWDER',10,1,0,0),(74,'318','318','RED CURRY PASTE',10,1,0,0),(75,'319','319','TOBASSCO SAUCE',10,1,0,0),(76,'320','320','COCONUT CREAM POWDER',10,1,0,0),(77,'321','321','CHICKEN SOUP CUBE KNORR 1KG ',10,1,0,0),(78,'322','322','DAMI GLASS BASE',10,1,0,0),(79,'323','323','GINGER POWDER',10,1,0,0),(80,'324','324','TURMERIC POWDER',10,1,0,0),(81,'325','325','GIREE BRADA',10,1,0,0),(82,'326','326','TIKKA MASALA',10,1,0,0),(83,'327','327','BLACK PEPPER POWDER',10,1,0,0),(84,'502','502','SQ DESSERT PLATE 21CM',12,1,0,0),(85,'503','503','SQ DINNER PLATE 27CM',12,1,0,0),(86,'504','504','RECT SERVING PLATE 33CM',12,1,0,0),(87,'505','505','RECT SERVING BOWL 22.5CM',12,1,0,0),(88,'506','506','SQ Soup PLATE 20.5CM',12,1,0,0),(89,'507','507','BUTTER DISH WITH COVER',12,1,0,0),(90,'508','508','RECT SERVING BOWL 17.5CM',12,1,0,0),(91,'509','509','SQ SOUP BOWL 14CM',12,1,0,0),(92,'510','510','DINNER SPOON MEDIUM',12,1,0,0),(93,'511','511','DESSERT SPOON SMALL ',12,1,0,0),(94,'512','512','DINNER FORK ',12,1,0,0),(95,'513','513','DINNER KNIFE ',12,1,0,0),(96,'514','514','STEAK KNIFE ',12,1,0,0),(97,'515','515','NAPKIN RINGS ',12,1,0,0),(98,'516','516','TABLE NAPKIN ',12,1,0,0),(99,'517','517','SOUP BOWL CHINA ',12,1,0,0),(100,'518','518','SOUP SAUCER CHINA ',12,1,0,0),(101,'519','519','STONE PLATE BLACK CHINA ',12,1,0,0),(102,'520','520','STEEL CURVE TRAY SMALL  ',12,1,0,0),(103,'521','521','STEEL CURVE TRAY LARGE ',12,1,0,0),(104,'522','522','PORTION PLATE CHINA WHITE ',12,1,0,0),(105,'523','523','STEAK WOODEN TRAY ',12,1,0,0),(106,'524','524','STEAK VEGI PLATE  (WOODEN) ',12,1,0,0),(107,'525','525','STEAK SAUCE BOWL  (WOODEN)',12,1,0,0),(108,'526','526','STEAK MARBEL  (WOODEN)',12,1,0,0),(109,'527','527','HOT PLATE (SKILLET BROWNIE)',12,1,0,0),(110,'528','528','GLASS 350ML JUICE LONG ',12,1,0,0),(111,'529','529','GLASS 300ML WATER (WINE) ',12,1,0,0),(112,'530','530','GLASS 50ML MINI ',12,1,0,0),(113,'531','531','PLATE VERSECE LOGO ',12,1,0,0),(114,'532','532','SOUP CONTINENTS BOWL  ',12,1,0,0),(115,'533','533','SOUP CONTINENTS TRAY',12,1,0,0),(116,'534','534','COFFEE MUG PORCILEN ',12,1,0,0),(117,'536','536','COFFEE CUP DISPOSABLE ',12,1,0,0),(118,'537','537','COFFEE CUP DISPOSABLE LID',12,1,0,0),(119,'538','538','ICE CREAM BOWL DISPOSABLE ',12,1,0,0),(120,'539','539','ICE CREAM SPOON DISPOSABLE ',12,1,0,0),(121,'822','822','AQUA FINA WATER 500ML ',16,1,0,0),(122,'451','451','APPLE GREEN ',17,1,0,0),(123,'452','452','GRAPES',17,1,0,0),(124,'453','453','MUSAMMBI ',17,1,0,0),(125,'454','454','KINNO',17,1,0,0),(126,'455','455','BANANA ',17,1,0,0),(127,'456','456','POMEGRANATE WHITE  ',17,1,0,0),(128,'457','457','POMEGRANATE RED',17,1,0,0),(129,'458','458','KIWI ',17,1,0,0),(130,'459','459','MANGOO',17,1,0,0),(131,'460','460','BEET (CHAKUNDER)',17,1,0,0),(132,'461','461','APPLE KALA GULU ',17,1,0,0),(133,'462','462','PEACH ',17,1,0,0),(134,'463','463','FALSA',17,1,0,0),(135,'464','464','ORANGE (MALTA)',17,1,0,0),(136,'702','702','PACKING BAG PRINTED (KHAKHI)',14,1,0,0),(137,'703','703','PACKING ZIPPER KHAKHI LARGE ',14,1,0,0),(138,'704','704','PACKING ZIPPER KHAKHI SMALL',14,1,0,0),(139,'705','705','TISSUE BOX ANTIQUE ',14,1,0,0),(140,'706','706','SHOPPING BAG PLASTIC ',14,1,0,0),(141,'202','202','FRESH YOUGERT ',9,1,0,0),(142,'203','203','PREMA MILK ',9,1,0,0),(143,'204','204','MILK PACK MILK 1 LTTER ',9,1,0,0),(144,'205','205','YELLOW BUTTER FRESH',9,1,0,0),(145,'602','602','TILE CLEANER Liquid bulk  ',13,1,0,0),(146,'603','603','HARPIC TOILET CLEANER BULK ',13,1,0,0),(147,'604','604','FANAYLE LIQUID BULK ',13,1,0,0),(148,'605','605','HAND WASH LIQUID BULK ',13,1,0,0),(149,'540','540','CHAIR AQUARIUM  ',12,1,0,0),(150,'541','541','CHAIR VELVET ',12,1,0,0),(151,'542','542','STOOL GOLDEN BLACK ',12,1,0,0),(152,'151','151','SHRIMPS WHITE BAG 2KG ',18,1,0,0),(153,'152','152','SHRIMPS 16/20 ',18,1,0,0),(154,'153','153','SHRIMPS 21/25',18,1,0,0),(155,'154','154','SHRIMPS GLOBAL ',18,1,0,0),(156,'543','543','GLASS JUG FOR ICE TEA ',12,1,0,0),(157,'328','328','WHITE CHEESE THREE COW 1/2 KG BLOCK ',10,1,0,0),(158,'329','329','CHICKEN SAUSAGES  ',10,1,0,0),(159,'330','330','LEAPED MIRROR GLASS (CAKE)',10,1,0,0),(160,'707','707','STEAK TORCH ',14,1,0,0),(161,'708','708','DIGITAL SCREEN FOR MENU',14,1,0,0),(162,'331','331','MANGO PUREE MONTIBINACO 4KG ',10,1,0,0),(164,'333','333','STRAWBERRY PUREE MONTIBINACO 4KG ',10,1,0,0),(165,'334','334','SOYA SAUCE DARK 2 LITER (LEE KUM KI )',10,1,0,0),(166,'335','335','SOYA SAUCE LIGHT 2 LITER (LEE KUM KI )',10,1,0,0),(167,'336','336','SWEET VINEGAR ',10,1,0,0),(168,'337','337','TAPAL DANEDAR TEA 1/2 KG ',10,1,0,0),(169,'338','338','LIPTON GREEN TEA MINT 25PCS ',10,1,0,0),(170,'339','339','LIPTON GREEN TEA SENCHA 30PCS ',10,1,0,0),(171,'340','340','LIPTON GREEN TEA ROSEHIP 25PCS ',10,1,0,0),(172,'341','341','LIPTON GREEN TEA CAMOMILE 30PCS ',10,1,0,0),(173,'342','342','LIPTON GREEN TEA PURE BLACK 25 PCS ',10,1,0,0),(174,'343','343','LIPTON GREEN TEA LEMON 25 PCS ',10,1,0,0),(175,'344','344','LIPTON YELLOW LABEL SACHET 100 PCS PACK ',10,1,0,0),(176,'345','345','LIPTON ICED TEA SACHET ',10,1,0,0),(177,'346','346','LIPTON TEA 475 GRAMS ',10,1,0,0),(178,'347','347','RIPPY TOPPING CARAMEL ',10,1,0,0),(179,'348','348','RIPPY TOPPING MANGOO',10,1,0,0),(180,'349','349','RIPPY TOPPING CHOCOLATE ',10,1,0,0),(181,'206','206','WHITE BUTTER ',9,1,0,0),(182,'207','207','HICO VANILA ICE CREAM 2 LITTER ',9,1,0,0),(184,'350','350','FRENCH FRIES Mccain 2.5kg ',10,1,0,0),(185,'351','351','MOZERELLA CHEESE ADAMS 2KG BLOCK ',10,1,0,0),(186,'352','352','MILK CHOCOLATE 1 KG PACK COLLATA ',10,1,0,0),(187,'353','353','WHITE CHOCOLATE 1 KG PACK COLLATA ',10,1,0,0),(188,'354','354','LAVAZZA ESSPRESSO COFFEE 1 KG ',10,1,0,0),(189,'802','802','DIET 7UP 300ML CAN ',16,1,0,0),(190,'355','355','BAMBOO SHOOT TIN ',10,1,0,0),(191,'356','356','SWEET CORN TIN ',10,1,0,0),(192,'357','357','BABY CORN ',10,1,0,0),(193,'358','358','BAMBOO SHOOT HALVES TIN',10,1,0,0),(194,'359','359','AIRWIK FRESHENER 175GM  ',10,1,0,0),(195,'360','360','AIRWIK DIFFUSER  MACHINE ',10,1,0,0),(197,'606','606','SURGICAL GLOVES ',13,1,0,0),(198,'607','607','HAIR NET CAP ',13,1,0,0),(199,'362','362','MELAPINE PINEAPPLE SLICE 3KG ',10,1,0,0),(200,'363','363','DELMONT PINEAPPLE JUICE 1.36 LITER ',10,1,0,0),(201,'364','364','POLAC MILK 390 GRAMS ',10,1,0,0),(202,'365','365','YELLOW CLING PEACH HALVES IN SYRUP 820GMS ',10,1,0,0),(203,'366','366','LYCHEE READY TO EAT 365 GM ',10,1,0,0),(204,'367','367','COCONUT MILK 400GMS ',10,1,0,0),(205,'368','368','RED CHERRY SYRUP 240GMS ',10,1,0,0),(206,'369','369','STRAWBERRY IN SYRUP 425GM ',10,1,0,0),(207,'370','370','THAI COCONUT CREAM 400 GMS ',10,1,0,0),(208,'371','371','SUFI COOKING OIL 1 LITER ',10,1,0,0),(209,'372','372','STRAWBERRY FILLING 595GM ',10,1,0,0),(210,'373','373','BLUEBERRY FILLING 595GM ',10,1,0,0),(211,'374','374','STRAWBERRY PUREE MONTIBIANCO 2KG ',10,1,0,0),(212,'375','375','MANGOO PUREE MONTIBIANCO 2KG ',10,1,0,0),(213,'376','376','THAI GREEN CURRY PASTE 400GM',10,1,0,0),(214,'377','377','PLAIN MUSTERED  400G',10,1,0,0),(215,'378','378','ANCIENNE MUSTERED 200G ',10,1,0,0),(216,'379','379','CREAM PEANUT BUTTER 340G',10,1,0,0),(217,'380','380','KNOOR CHICKEN STOCK POWDER ',10,1,0,0),(218,'381','381','RICE VERMICELLI 200GRAMS  ',10,1,0,0),(219,'382','382','HP SAUCE 255 GRAMS ',10,1,0,0),(220,'383','383','FOOD COLOR SILVER 25 GRAM',10,1,0,0),(221,'384','384','FOOD COLOR GOLD 25 GRAM',10,1,0,0),(222,'385','385','FOOD COLOR RED DUBAI 25 GRAM ',10,1,0,0),(223,'386','386','CADABRY DRINKING CHOCOLATE POWDER 500GRAMS',10,1,0,0),(224,'387','387','TOMATO PUREE 450 GRAM ',10,1,0,0),(225,'388','388','TOMATO PASTE 450 GRAMS ',10,1,0,0),(226,'389','389','OLIVE OIL 4 LITTER ',10,1,0,0),(227,'390','390','RED ALLAPINO SLICED ',10,1,0,0),(228,'391','391','GREEN ALLAPINO SLICED 480GRAMS ',10,1,0,0),(229,'392','392','SUN DRY TOMATO 300 GRAMS ',10,1,0,0),(230,'393','393','STRAWBERRY JELLY 100GRAMS ',10,1,0,0),(231,'394','394','GRAPES JELLY 100 GRAM',10,1,0,0),(232,'395','395','ORANGE JELLY ',10,1,0,0),(233,'396','396','RED WINE VINEGAR 500ML ',10,1,0,0),(234,'397','397','TOM YOM GONG PASTE 227 GRAMS ',10,1,0,0),(235,'398','398','BACKING POWDER 300 GRAMS ',10,1,0,0),(236,'399','399','HONEY 4.2 KGS ',10,1,0,0),(237,'230','230','CORN FLOUR LOSSE ',10,1,0,0),(238,'231','231','RED CHILLI PWODER LOOSE ',10,1,0,0),(239,'232','232','CRUSHED CHILLI (DADER MIRCH)',10,1,0,0),(240,'233','233','MILK PACK CREAM 200ML ',10,1,0,0),(241,'234','234','CINNAMON POWDER ',10,1,0,0),(242,'235','235','FOOD COLOR YELLOW POWDER ',10,1,0,0),(243,'236','236','GARLIC POWDER LOOSE ',10,1,0,0),(244,'237','237','SUJI SAMOLINA ',10,1,0,0),(245,'238','238','OREAL CHICKEN POWDER ',10,1,0,1),(246,'239','239','DASHI CHICKEN POWDER SACHET 100GRAM ',10,1,0,1),(247,'240','240','CHILI POWDER NATIONAL 200GRAMS ',10,1,0,0),(248,'241','241','ZEERA POWDER 50GRAMS ',10,1,0,0),(249,'242','242','GARLIC POWDER 50GRAMS ',10,1,0,0),(250,'243','243','TURMARIC POWDER 50 GRAMS ',10,1,0,0),(251,'244','244','HOT CHOCOLOT LAVAZZA ',10,1,0,0),(252,'608','608','BLACK BIN BAG ',13,1,0,0),(253,'609','609','FABREEZ AIR FRESHNER ',13,1,0,0),(254,'610','610','MORTEIN SPRAY ',13,1,0,0),(255,'245','245','CHINESE SALT (CHINA NAMAK) LOOSE ',10,1,0,0),(256,'611','611','TOWEL LOOSE ',13,1,0,0),(257,'612','612','GLINT GLASS CLEANER PACK ',13,1,0,0),(258,'613','613','LEMON MAX BAR 290 GRAMS ',13,1,0,0),(259,'709','709','HEART STYLE BALOONS ',14,1,0,0),(260,'246','246','RED CHILLI WHOLE ROUND ',10,1,0,0),(261,'247','247','LADY FRUIT GEL 5KG ',10,1,0,0),(262,'248','248','IMLI LOOSE ',10,1,0,0),(263,'249','249','ALMOND ',10,1,0,0),(264,'250','250','PEANUTS LOOSE ',10,1,0,0),(265,'251','251','PISTA ',10,1,0,0),(266,'252','252','WALNUT AKHROOT ',10,1,0,0),(267,'253','253','PISTACHIO CRUSH IMPORTD ',10,1,0,0),(268,'254','254','CHOCO  POWDER LOOSE ',10,1,0,0),(269,'614','614','WIPER ',13,1,0,0),(270,'615','615','MOP BROOM ',13,1,0,0),(271,'616','616','PICKER HELPER ',13,1,0,0),(272,'617','617','WIPER ROD ',13,1,0,0),(273,'255','255','KUNG PAO PASTE 150 GRAMS ',10,1,0,0),(274,'256','256','KUNG PAO PASTE 1 KG ',10,1,0,0),(275,'257','257','KUNG PAO PASTE 500GRAMS ',10,1,0,0),(276,'258','258','CORRIANDER',10,1,0,0),(277,'823','823','RED BULL',16,1,0,0),(278,'418','418','GREEN CHILLI',11,1,0,0),(279,'259','259','RED CHILLI PASTE',10,1,0,0),(280,'260','260','LEMON GRASS',10,1,0,0),(281,'261','261','MALAYSIA DARK CHOCOLATE ',10,1,0,0),(282,'262','262','DRIED MASHROOM BLACK',10,1,0,0),(283,'263','263','ALL PURPOSE FLOUR',10,1,0,0),(285,'265','265','SUGAR',10,1,0,0),(286,'264','264','SUGAR SACHET WHITE',10,1,0,0),(287,'266','266','GLUCOSE',10,1,0,0),(288,'267','267','FISH SAUCE 750ML',10,1,0,0),(289,'268','268','BALSAMIC VINEGAR',10,1,0,0),(290,'269','269','THAI SWEET CHILLI',10,1,0,0),(291,'270','270','HOT SAUCE (SHANGRILLA)',10,1,0,0),(292,'271','271','LEMON JUICE (MITCHELS)',10,1,0,0),(293,'272','272','CAPERS (BEN-DELS)',10,1,0,0),(294,'273','273','GREEN PEPPER CORN 100GMS (BEN-DELS)',10,1,0,0),(295,'274','274','SAMBAL OELEK CHILLI 250G YEOS',10,1,0,0),(296,'275','275','THAI CHILLI PASTE',10,1,0,0),(297,'276','276','GREEN CHILLI PASTE',10,1,0,0),(298,'277','277','GREEN CHILLI PICKLE',10,1,0,0),(299,'278','278','RED CHILLI PICKLE',10,1,0,0),(300,'279','279','CHILLI GARLIC (KNORR) 4kg ',10,1,0,0),(301,'280','280','TOMATO KETCHUP 800GMS (KNORR)',10,1,0,0),(302,'281','281','ICEING SUGAR',10,1,0,0),(303,'282','282','TOMATO KETCHUP SACHET',10,1,0,0),(304,'283','283','GARLIC CHILLI SACHET',10,1,0,0),(305,'284','284','SASAME OIL (HEINZ) 500ML',10,1,0,0),(306,'285','285','GREEN LABLE FOOD COLOR',10,1,0,0),(307,'286','286','FOOD COLOR YELLOW 500 GMS (ASIA)',10,1,0,0),(308,'287','287','CAKE MIX (BETTY CROCKER) 432 GMS',10,1,0,0),(309,'288','288','YEAST 500 GMS',10,1,0,0),(310,'289','289','VANILA FLAVOUR 450ML (BUSH BOAK ALLEN)',10,1,0,0),(311,'290','290','BBQ SAUCE 900 GMS (KNORR)',10,1,0,0),(312,'291','291','ABC SAUCE',10,1,0,0),(313,'292','292','WHITE GRAPE VINEGAR 500ML',10,1,0,0),(314,'293','293','VINEGAR WHITE SHEZAN 3.85 LITER ',10,1,0,0),(315,'294','294','BUTTON MASHROOM 400G TIN ',10,1,0,0),(316,'295','295','FRENCH MUSTARD ',10,1,0,0),(317,'296','296','GREEN CAPER CORN',10,1,0,0),(318,'297','297','RED BEANS',10,1,0,0),(319,'298','298','ORANGE JAM',10,1,0,0),(320,'299','299','SEA SALT',10,1,0,0),(321,'300','300','GREEN OLIVES',10,1,0,0),(322,'730','730','GRAPES OIL',10,1,0,0),(323,'731','731','KACHRI POWDER LOOSE',10,1,0,0),(324,'732','732','OREGANO DRY',10,1,0,0),(325,'733','733','ROSEMERRY',10,1,0,0),(326,'734','734','MASHROOM FUNGUS',10,1,0,0),(327,'735','735','TOMATO CHIPS',10,1,0,0),(328,'736','736','BROWN SUGAR',10,1,0,0),(329,'737','737','BLACK PEPPER SABAT',10,1,0,0),(330,'738','738','FRESH BASIL',11,1,0,0),(331,'739','739','PARSLEY',11,1,0,0),(332,'740','740','TOMATOES',11,1,0,0),(333,'741','741','FABRI MIXY CAFE - CARAMEL',10,1,0,0),(334,'742','742','FABRI MIXY CAFE - CINNAMON',10,1,0,0),(335,'743','743','FABRI MIXY CAFE - COCONUT',10,1,0,0),(336,'744','744','FABRI MIXY CAFE - HAZELNUT',10,1,0,0),(337,'745','745','FABRI MIXY CAFE - IRISH CREAM',10,1,0,0),(338,'746','746','FABRI MIXY CAFE - VANILLA',10,1,0,0),(339,'747','747','FABRI MIXY BAR - COCONUT',10,1,0,0),(340,'748','748','FABRI MIXY BAR - KIWI',10,1,0,0),(341,'749','749','FABRI MIXY BAR - LEMON',10,1,0,0),(342,'750','750','FABRI MIXY BAR - MANGO',10,1,0,0),(343,'751','751','FABRI MIXY BAR - ORANGE',10,1,0,0),(344,'752','752','FABRI MIXY BAR - PEACH',10,1,0,0),(345,'753','753','FABRI MIXY BAR - PINEAPPLE',10,1,0,0),(346,'754','754','FABRI MIXY BAR - POMEGRANATE',10,1,0,0),(347,'755','755','FABRI MIXY BAR - RASPBERRY',10,1,0,0),(348,'756','756','FABRI MIXY BAR - ROSE',10,1,0,0),(349,'757','757','FABRI MIXY BAR - STRAWBERRY',10,1,0,0),(350,'758','758','BELGIAN MILK CHOCOLATE 37% COCOA',10,1,0,0),(351,'759','759','BELGIAN WHITE CHOCOLATE 31.3% COCOA',10,1,0,0),(352,'760','760','SUPERBASE 100',10,1,0,0),(353,'OB','OB','Opening Balance Equity',7,1,0,0),(354,'761','761','MEET TENDER POWDER',10,1,0,0),(355,'762','762','CHILLI SAUCE 5KG PACK ',10,1,0,0),(356,'763','763','FISH ANCHOREVIS BOX',10,1,0,0),(357,'764','764','RED FOOD COLOR 100 GRAMS  ',10,1,0,0),(358,'765','765','PINEAPPLE JAM ',10,1,0,0),(359,'766','766','SOY SAUCE 800GRAM ',10,1,0,0),(360,'767','767','HOT SAUCE 470GRAMS ',10,1,0,0),(361,'769','769','GREEN FOOD COLOR 100 GRAMS ',10,1,0,0),(362,'770','770','WHITE CHEESE CUBES ',10,1,0,0),(363,'771','771','WHITE CHEESE CUBES ',10,1,0,1),(364,'772','772','PIZZA PAN 9 INCH ',10,1,0,0),(365,'773','773','PIZZA PAN 13 INCH ',10,1,0,0),(366,'774','774','CLING FILM ',10,1,0,0),(367,'775','775','WAITER APRON ',10,1,0,0),(368,'776','776','SHEEZAN TOMATO KETCHUP 4KG ',10,1,0,0),(369,'777','777','CESHWNUT (KAJU) LOOSE ',10,1,0,0),(370,'778','778','PANEE MACRONI ',10,1,0,0),(371,'779','779','BBQ STICK (SKEWARD)',10,1,0,0),(372,'780','780','DB TIMMER (ELECTRIC PART)',10,1,0,0),(373,'781','781','RED CURRY SACHET PACK ',10,1,0,0),(374,'782','782','LIME JUICE GORDIAL ',10,1,0,0),(375,'783','783','MARIE BISCUIT HALF ROLL ',10,1,0,0),(376,'784','784','DISPOSABLE TRANSPARENT GLASS ',10,1,0,0),(377,'785','785','COTTON ROLL ',10,1,0,0),(378,'786','786','CAKE MOLD  ',10,1,0,0),(379,'787','787','WHOLE RED CHILLI LONG ',10,1,0,0),(380,'788','788','CARDAMOM LOOSE ',10,1,0,0),(381,'789','789','MEETA SODA',10,1,0,0),(382,'790','790','RICE STAFF FOOD',10,1,0,0),(383,'791','791','NESTLE JUICE KINNU ',10,1,0,0),(384,'792','792','STRAWBERRY SYRUP TOPING ',10,1,0,0),(385,'793','793','TAPAL 950 GRAMS ',10,1,0,0),(386,'794','794','KNOOR LIME SEASONING POWDER 400G',10,1,0,0),(387,'795','795','PEEL TOMATO TIN PACK ',10,1,0,0),(388,'796','796','SURF EXCEL 1 KG ',10,1,0,0),(389,'208','208','CAKE BASE',9,1,0,0),(390,'618','618','DISH WASHING SPUNCH',13,1,0,0),(391,'797','797','COCONUT SYRUP',10,1,0,0),(392,'798','798','CHOCOLATE SYRUP',10,1,0,0),(393,'799','799','CHOCOLATE CHIP',10,1,0,0),(394,'800','800','KNOOR CHICKEN POWDER',10,1,0,0),(395,'710','710','STRAW',14,1,0,0),(396,'712','712','PUK CHEESE ',14,1,0,0),(397,'850','850','DAAL MASH ',10,1,0,0),(398,'851','851','LONG (CLOVE)',10,1,0,0),(399,'852','852','ZEERA SABUT ',10,1,0,0),(400,'853','853','SOKHA DHANIYA (CORINDER)',10,1,0,0),(401,'854','854','WHIP CREAM RICHI WHIP ',10,1,0,0),(402,'855','855','HEAT GUN (ELECTRIC ITEM)',10,1,0,0),(403,'856','856','CHEESE CHADDER 2KG BLOCK ',10,1,0,0),(404,'857','857','FISH PREGOSIUS RAW',10,1,0,0),(405,'1100','1100','LEMON FRESH ',11,1,0,0),(406,'544','544','ICE BUCKET ',12,1,0,0),(407,'545','545','SOUP CONTENTMENT FIX TYPE  ',12,1,0,0),(408,'858','858','VANILLA CAKEMIX BATTYCROKER ',10,1,0,0),(409,'859','859','ZILANDIA CHOCOLATE ',10,1,0,0),(410,'589','589','KISHMISH (SOGHI)',10,1,0,0),(411,'860','860','NESCAFE COFFEE  ',10,1,0,0),(412,'861','861','TOMATO PUREE KNORR 900G',10,1,0,0),(413,'862','862','ITALIAN TOMATO BASE KNORR 750G',10,1,0,0),(414,'863','863','LEMON JUICE AMERICAN GARDEN 946ML ',10,1,0,0),(415,'865','865','TOMATO KETCHUP (KNORR) 4kg ',10,1,0,0),(416,'866','866','WORCESTER SHIRE SAUCE 295ML ',10,1,0,0),(417,'867','867','MUSTARD YELLOW FRENCHS 2.98 KG ',10,1,0,0),(418,'868','868','FRY ALL 16 LITER DALDA ',10,1,0,0),(419,'869','869','MUSHROOM SLICED TIN 3KG  ',10,1,0,0),(420,'870','870','MAYONNAISE REAL 4KG ',10,1,0,0),(421,'871','871','SASAME SEED(TIL)',10,1,0,0),(422,'872','872','DORITOS(CORN CHIPS) 50 GRAM',10,1,0,0),(423,'873','873','SUNDRIED TOMATO OIL ',10,1,0,0),(424,'874','874','BETTERY CELL(AA)',10,1,0,0),(425,'875','875','BODY SPRAY',10,1,0,0),(426,'876','876','OREO BISCUIT(HALF ROLL) BOX',10,1,0,0),(427,'877','877','ICE CUBE(10KG BAG)',10,1,0,0),(428,'1741','1741','SPINECH(PALIK)',11,1,0,0),(429,'878','878','STRAWBERRY TOPPING SUNDAE 3.6 KG SALMAN  ',10,1,0,0),(430,'824','824','KINLEY MINRAL WATER ',16,1,0,0),(431,'879','879','SHOE POLISH ',10,1,0,0),(432,'880','880','WOOD POLISH ',10,1,0,0),(433,'210','210','PARMESAN CHEESE',9,1,0,0),(434,'881','881','BLACK OLIVES',10,1,0,0),(435,'619','619','LEMON MAX LIQUID',13,1,0,0),(436,'882','882','BREAD LARGE',10,1,0,0);
/*!40000 ALTER TABLE `0_item_codes` ENABLE KEYS */;
UNLOCK TABLES;

--
-- Table structure for table `0_item_pref`
--

DROP TABLE IF EXISTS `0_item_pref`;
/*!40101 SET @saved_cs_client     = @@character_set_client */;
/*!40101 SET character_set_client = utf8 */;
CREATE TABLE `0_item_pref` (
  `name` varchar(60) NOT NULL,
  `label_value` varchar(60) NOT NULL,
  `type` tinyint(1) NOT NULL,
  `item_enable` tinyint(1) NOT NULL,
  `sale_enable` tinyint(1) NOT NULL,
  `purchase_enable` tinyint(1) NOT NULL,
  `s_position` tinyint(1) DEFAULT NULL,
  `p_position` tinyint(1) NOT NULL,
  `s_width` tinyint(4) NOT NULL DEFAULT '20',
  `p_width` tinyint(4) NOT NULL DEFAULT '20',
  PRIMARY KEY (`name`),
  UNIQUE KEY `s_position` (`s_position`)
) ENGINE=InnoDB DEFAULT CHARSET=latin1;
/*!40101 SET character_set_client = @saved_cs_client */;

--
-- Dumping data for table `0_item_pref`
--

LOCK TABLES `0_item_pref` WRITE;
/*!40000 ALTER TABLE `0_item_pref` DISABLE KEYS */;
INSERT INTO `0_item_pref` VALUES ('amount1','Factor',1,0,0,0,19,0,10,10),('amount2','Width(Inch)/Paper',1,0,0,0,2,0,10,10),('amount3','Width (MM)',1,0,0,0,3,0,10,10),('amount4','Grm/Mircon',1,0,0,0,5,0,10,10),('amount5','Length',1,0,0,0,7,0,10,10),('amount6','6',1,0,0,0,15,0,10,10),('combo1','comb1',2,0,0,0,4,0,10,10),('combo2','comb2',2,0,0,0,6,0,10,10),('combo3','comb3',2,0,0,0,14,0,10,10),('combo4','comb4',2,0,0,0,16,0,10,10),('combo5','comb5',2,0,0,0,17,0,10,10),('combo6','comb6',2,0,0,0,18,0,10,10),('date1','date1',3,0,0,0,8,0,10,10),('date2','date2',3,0,0,0,12,0,10,10),('date3','date3',3,0,0,0,13,0,10,10),('text1','Constant',4,0,0,0,1,0,10,10),('text2','Text Field 2	',4,0,0,0,9,0,10,10),('text3','Text Field 3	',4,0,0,0,10,0,10,10),('text4','Text Field 4',4,0,0,0,11,0,10,10),('text5','Text Field 5',4,0,0,0,20,0,10,10),('text6','Text Field 6',4,0,0,0,21,0,10,10),('total_amount','5',30,0,0,0,NULL,0,10,10),('total_combo','6',30,0,0,0,NULL,0,10,10),('total_date','3',30,0,0,0,NULL,0,10,10),('total_text','1',30,0,0,0,NULL,0,10,10);
/*!40000 ALTER TABLE `0_item_pref` ENABLE KEYS */;
UNLOCK TABLES;

--
-- Table structure for table `0_item_tax_type_exemptions`
--

DROP TABLE IF EXISTS `0_item_tax_type_exemptions`;
/*!40101 SET @saved_cs_client     = @@character_set_client */;
/*!40101 SET character_set_client = utf8 */;
CREATE TABLE `0_item_tax_type_exemptions` (
  `item_tax_type_id` int(11) NOT NULL DEFAULT '0',
  `tax_type_id` int(11) NOT NULL DEFAULT '0',
  PRIMARY KEY (`item_tax_type_id`,`tax_type_id`)
) ENGINE=InnoDB DEFAULT CHARSET=utf8 COLLATE=utf8_unicode_ci;
/*!40101 SET character_set_client = @saved_cs_client */;

--
-- Dumping data for table `0_item_tax_type_exemptions`
--

LOCK TABLES `0_item_tax_type_exemptions` WRITE;
/*!40000 ALTER TABLE `0_item_tax_type_exemptions` DISABLE KEYS */;
/*!40000 ALTER TABLE `0_item_tax_type_exemptions` ENABLE KEYS */;
UNLOCK TABLES;

--
-- Table structure for table `0_item_tax_types`
--

DROP TABLE IF EXISTS `0_item_tax_types`;
/*!40101 SET @saved_cs_client     = @@character_set_client */;
/*!40101 SET character_set_client = utf8 */;
CREATE TABLE `0_item_tax_types` (
  `id` int(11) NOT NULL AUTO_INCREMENT,
  `name` varchar(60) COLLATE utf8_unicode_ci NOT NULL DEFAULT '',
  `exempt` tinyint(1) NOT NULL DEFAULT '0',
  `inactive` tinyint(1) NOT NULL DEFAULT '0',
  PRIMARY KEY (`id`),
  UNIQUE KEY `name` (`name`)
) ENGINE=InnoDB DEFAULT CHARSET=utf8 COLLATE=utf8_unicode_ci;
/*!40101 SET character_set_client = @saved_cs_client */;

--
-- Dumping data for table `0_item_tax_types`
--

LOCK TABLES `0_item_tax_types` WRITE;
/*!40000 ALTER TABLE `0_item_tax_types` DISABLE KEYS */;
INSERT INTO `0_item_tax_types` VALUES (1,'Tax Exempt',0,0),(2,'Taxable',0,0);
/*!40000 ALTER TABLE `0_item_tax_types` ENABLE KEYS */;
UNLOCK TABLES;

--
-- Table structure for table `0_item_units`
--

DROP TABLE IF EXISTS `0_item_units`;
/*!40101 SET @saved_cs_client     = @@character_set_client */;
/*!40101 SET character_set_client = utf8 */;
CREATE TABLE `0_item_units` (
  `abbr` varchar(20) COLLATE utf8_unicode_ci NOT NULL,
  `name` varchar(40) COLLATE utf8_unicode_ci NOT NULL,
  `decimals` tinyint(2) NOT NULL,
  `inactive` tinyint(1) NOT NULL DEFAULT '0',
  PRIMARY KEY (`abbr`),
  UNIQUE KEY `name` (`name`)
) ENGINE=InnoDB DEFAULT CHARSET=utf8 COLLATE=utf8_unicode_ci;
/*!40101 SET character_set_client = @saved_cs_client */;

--
-- Dumping data for table `0_item_units`
--

LOCK TABLES `0_item_units` WRITE;
/*!40000 ALTER TABLE `0_item_units` DISABLE KEYS */;
INSERT INTO `0_item_units` VALUES ('Bottles','Bottles ',-1,0),('Bunch','Bunch ',-1,0),('Doz','Dozen',-1,0),('Jar','Jar',-1,0),('Kgs','Kilo Grams ',-1,0),('Pack','Pack',-1,0),('pcs','pcs',-1,0),('Tray ','Tray',-1,0);
/*!40000 ALTER TABLE `0_item_units` ENABLE KEYS */;
UNLOCK TABLES;

--
-- Table structure for table `0_journal`
--

DROP TABLE IF EXISTS `0_journal`;
/*!40101 SET @saved_cs_client     = @@character_set_client */;
/*!40101 SET character_set_client = utf8 */;
CREATE TABLE `0_journal` (
  `type` smallint(6) NOT NULL DEFAULT '0',
  `trans_no` int(11) NOT NULL DEFAULT '0',
  `tran_date` date DEFAULT '0000-00-00',
  `reference` varchar(60) COLLATE utf8_unicode_ci NOT NULL DEFAULT '',
  `source_ref` varchar(60) COLLATE utf8_unicode_ci NOT NULL DEFAULT '',
  `event_date` date DEFAULT '0000-00-00',
  `doc_date` date NOT NULL DEFAULT '0000-00-00',
  `currency` char(3) COLLATE utf8_unicode_ci NOT NULL DEFAULT '',
  `amount` double NOT NULL DEFAULT '0',
  `rate` double NOT NULL DEFAULT '1',
  PRIMARY KEY (`type`,`trans_no`),
  KEY `tran_date` (`tran_date`)
) ENGINE=InnoDB DEFAULT CHARSET=utf8 COLLATE=utf8_unicode_ci;
/*!40101 SET character_set_client = @saved_cs_client */;

--
-- Dumping data for table `0_journal`
--

LOCK TABLES `0_journal` WRITE;
/*!40000 ALTER TABLE `0_journal` DISABLE KEYS */;
INSERT INTO `0_journal` VALUES (0,1,'2017-10-07','JV001/10/2017','','2017-10-07','2017-10-02','PKR',0,1),(0,2,'2017-10-07','JV001/10/2017','','2017-10-07','2017-10-07','PKR',106320,1),(0,3,'2017-10-07','JV002/10/2017','','2017-10-07','2017-10-03','PKR',130495,1),(0,4,'2017-10-07','JV003/10/2017','','2017-10-07','2017-10-04','PKR',110845,1),(0,5,'2017-10-07','JV004/10/2017','','2017-10-07','2017-10-05','PKR',140129,1),(0,6,'2017-10-09','JV005/10/2017','sale of 06 and 07 OCT 2017','2017-10-06','2017-10-06','PKR',340690,1),(0,7,'2017-10-09','JV006/10/2017','','2017-10-09','2017-10-09','PKR',152550,1),(0,8,'2017-10-09','JV007/10/2017','CAFE ','2017-10-10','2017-10-08','PKR',2000,1),(0,9,'2017-10-09','JV008/10/2017','','2017-10-09','2017-10-09','PKR',4000,1),(0,10,'2017-10-09','JV009/10/2017','','2017-10-09','2017-10-06','PKR',3775,1),(0,11,'2017-10-09','JV010/10/2017','','2017-10-09','2017-10-09','PKR',5000,1),(0,12,'2017-10-09','JV011/10/2017','','2017-10-05','2017-10-05','PKR',136842,1),(0,13,'2017-10-09','JV012/10/2017','','2017-10-09','2017-10-09','PKR',150,1),(0,14,'2017-10-09','JV013/10/2017','','2017-10-09','2017-10-09','PKR',2800,1),(0,15,'2017-10-10','JV014/10/2017','','2017-10-10','2017-10-10','PKR',6245,1),(0,16,'2017-10-10','JV015/10/2017','','2017-10-10','2017-10-10','PKR',82210,1),(0,17,'2017-10-10','JV016/10/2017','','2017-10-10','2017-10-10','PKR',3000,1),(0,18,'2017-10-10','JV017/10/2017','','2017-10-10','2017-10-10','PKR',150,1),(0,19,'2017-10-10','JV018/10/2017','','2017-10-10','2017-10-10','PKR',150,1),(0,20,'2017-10-11','JV019/10/2017','','2017-10-11','2017-10-11','PKR',5000,1),(0,21,'2017-10-11','JV020/10/2017','','2017-10-11','2017-10-11','PKR',4015,1),(0,22,'2017-10-11','JV021/10/2017','','2017-10-11','2017-10-11','PKR',151841,1),(0,23,'2017-10-11','JV022/10/2017','','2017-10-11','2017-10-10','PKR',4890,1),(0,24,'2017-10-11','JV023/10/2017','','2017-10-11','2017-10-11','PKR',4000,1);
/*!40000 ALTER TABLE `0_journal` ENABLE KEYS */;
UNLOCK TABLES;

--
-- Table structure for table `0_loc_stock`
--

DROP TABLE IF EXISTS `0_loc_stock`;
/*!40101 SET @saved_cs_client     = @@character_set_client */;
/*!40101 SET character_set_client = utf8 */;
CREATE TABLE `0_loc_stock` (
  `loc_code` char(5) COLLATE utf8_unicode_ci NOT NULL DEFAULT '',
  `stock_id` char(20) COLLATE utf8_unicode_ci NOT NULL DEFAULT '',
  `reorder_level` double NOT NULL DEFAULT '0',
  `rack_location` varchar(55) COLLATE utf8_unicode_ci DEFAULT NULL,
  PRIMARY KEY (`loc_code`,`stock_id`),
  KEY `stock_id` (`stock_id`)
) ENGINE=InnoDB DEFAULT CHARSET=utf8 COLLATE=utf8_unicode_ci;
/*!40101 SET character_set_client = @saved_cs_client */;

--
-- Dumping data for table `0_loc_stock`
--

LOCK TABLES `0_loc_stock` WRITE;
/*!40000 ALTER TABLE `0_loc_stock` DISABLE KEYS */;
INSERT INTO `0_loc_stock` VALUES ('001','001',20,NULL),('001','002',10,NULL),('001','003',0,NULL),('001','004',0,NULL),('001','101',20,NULL),('001','102',10,NULL),('001','103',0,NULL),('001','104',5,NULL),('001','105',5,NULL),('001','106',15,NULL),('001','107',0,NULL),('001','109',10,NULL),('001','1100',0,NULL),('001','151',10,NULL),('001','152',6,NULL),('001','153',4,NULL),('001','154',0,NULL),('001','1741',0,NULL),('001','201',10,NULL),('001','202',0,NULL),('001','203',12,NULL),('001','204',12,NULL),('001','205',20,NULL),('001','206',0,NULL),('001','207',0,NULL),('001','208',0,NULL),('001','210',0,NULL),('001','230',25,NULL),('001','231',2,NULL),('001','232',2,NULL),('001','233',24,NULL),('001','234',1,NULL),('001','235',0.5,NULL),('001','236',1,NULL),('001','237',1,NULL),('001','238',0,NULL),('001','239',0,NULL),('001','240',0,NULL),('001','241',0,NULL),('001','242',0,NULL),('001','243',0,NULL),('001','244',0,NULL),('001','245',15,NULL),('001','246',5,NULL),('001','247',0,NULL),('001','248',3,NULL),('001','249',1.5,NULL),('001','250',2,NULL),('001','251',0.5,NULL),('001','252',1,NULL),('001','253',0,NULL),('001','254',2,NULL),('001','255',0,NULL),('001','256',3,NULL),('001','257',0,NULL),('001','258',1,NULL),('001','259',1,NULL),('001','260',0,NULL),('001','261',15,NULL),('001','262',1,NULL),('001','263',15,NULL),('001','264',5,NULL),('001','265',15,NULL),('001','266',3,NULL),('001','267',2,NULL),('001','268',2,NULL),('001','269',2,NULL),('001','270',2,NULL),('001','271',5,NULL),('001','272',0,NULL),('001','273',0,NULL),('001','274',5,NULL),('001','275',3,NULL),('001','276',0,NULL),('001','277',0,NULL),('001','278',0,NULL),('001','279',3,NULL),('001','280',0,NULL),('001','281',0,NULL),('001','282',0,NULL),('001','283',0,NULL),('001','284',2,NULL),('001','285',0,NULL),('001','286',0,NULL),('001','287',0,NULL),('001','288',1,NULL),('001','289',0,NULL),('001','290',0,NULL),('001','291',0,NULL),('001','292',0,NULL),('001','293',4,NULL),('001','294',0,NULL),('001','295',0,NULL),('001','296',0,NULL),('001','297',0,NULL),('001','298',0,NULL),('001','299',0,NULL),('001','300',0,NULL),('001','301',25,NULL),('001','302',4,NULL),('001','303',25,NULL),('001','304',3,NULL),('001','305',5,NULL),('001','306',3,NULL),('001','307',0,NULL),('001','308',0,NULL),('001','309',0,NULL),('001','310',0,NULL),('001','311',0,NULL),('001','312',0,NULL),('001','313',0,NULL),('001','314',20,NULL),('001','315',24,NULL),('001','316',0,NULL),('001','317',3,NULL),('001','318',0,NULL),('001','319',24,NULL),('001','320',0,NULL),('001','321',3,NULL),('001','322',0,NULL),('001','323',2,NULL),('001','324',0,NULL),('001','325',0,NULL),('001','326',2,NULL),('001','327',3,NULL),('001','328',0,NULL),('001','329',0,NULL),('001','330',0,NULL),('001','331',0,NULL),('001','333',0,NULL),('001','334',5,NULL),('001','335',5,NULL),('001','336',0,NULL),('001','337',0,NULL),('001','338',0,NULL),('001','339',0,NULL),('001','340',0,NULL),('001','341',0,NULL),('001','342',0,NULL),('001','343',0,NULL),('001','344',2,NULL),('001','345',0,NULL),('001','346',0,NULL),('001','347',0,NULL),('001','348',0,NULL),('001','349',0,NULL),('001','350',10,NULL),('001','351',2,NULL),('001','352',0,NULL),('001','353',0,NULL),('001','354',0,NULL),('001','355',6,NULL),('001','356',10,NULL),('001','357',5,NULL),('001','358',0,NULL),('001','359',24,NULL),('001','360',0,NULL),('001','362',5,NULL),('001','363',5,NULL),('001','364',5,NULL),('001','365',0,NULL),('001','366',0,NULL),('001','367',4,NULL),('001','368',0,NULL),('001','369',0,NULL),('001','370',0,NULL),('001','371',10,NULL),('001','372',3,NULL),('001','373',3,NULL),('001','374',0,NULL),('001','375',0,NULL),('001','376',0,NULL),('001','377',0,NULL),('001','378',0,NULL),('001','379',0,NULL),('001','380',5,NULL),('001','381',0,NULL),('001','382',5,NULL),('001','383',0,NULL),('001','384',0,NULL),('001','385',0,NULL),('001','386',0,NULL),('001','387',5,NULL),('001','388',0,NULL),('001','389',0,NULL),('001','390',0,NULL),('001','391',0,NULL),('001','392',0,NULL),('001','393',0,NULL),('001','394',0,NULL),('001','395',0,NULL),('001','396',0,NULL),('001','397',3,NULL),('001','398',2,NULL),('001','399',1,NULL),('001','401',15,NULL),('001','402',4,NULL),('001','403',2,NULL),('001','404',3,NULL),('001','405',2,NULL),('001','406',0,NULL),('001','407',10,NULL),('001','408',0,NULL),('001','409',0,NULL),('001','410',1,NULL),('001','411',2,NULL),('001','412',1,NULL),('001','413',4,NULL),('001','414',10,NULL),('001','415',1,NULL),('001','416',5,NULL),('001','417',2,NULL),('001','418',2,NULL),('001','451',0,NULL),('001','452',0,NULL),('001','453',0,NULL),('001','454',0,NULL),('001','455',0,NULL),('001','456',0,NULL),('001','457',0,NULL),('001','458',0,NULL),('001','459',0,NULL),('001','460',0,NULL),('001','461',0,NULL),('001','462',0,NULL),('001','463',0,NULL),('001','464',0,NULL),('001','501',0,NULL),('001','502',0,NULL),('001','503',0,NULL),('001','504',0,NULL),('001','505',0,NULL),('001','506',0,NULL),('001','507',0,NULL),('001','508',0,NULL),('001','509',0,NULL),('001','510',0,NULL),('001','511',0,NULL),('001','512',0,NULL),('001','513',0,NULL),('001','514',0,NULL),('001','515',0,NULL),('001','516',0,NULL),('001','517',0,NULL),('001','518',0,NULL),('001','519',0,NULL),('001','520',0,NULL),('001','521',0,NULL),('001','522',0,NULL),('001','523',0,NULL),('001','524',0,NULL),('001','525',0,NULL),('001','526',0,NULL),('001','527',0,NULL),('001','528',0,NULL),('001','529',0,NULL),('001','530',0,NULL),('001','531',0,NULL),('001','532',0,NULL),('001','533',0,NULL),('001','534',0,NULL),('001','536',0,NULL),('001','537',0,NULL),('001','538',0,NULL),('001','539',0,NULL),('001','540',20,NULL),('001','541',0,NULL),('001','542',0,NULL),('001','543',0,NULL),('001','544',0,NULL),('001','545',0,NULL),('001','589',0,NULL),('001','601',0,NULL),('001','602',0,NULL),('001','603',0,NULL),('001','604',0,NULL),('001','605',0,NULL),('001','606',0,NULL),('001','607',0,NULL),('001','608',0,NULL),('001','609',0,NULL),('001','610',0,NULL),('001','611',0,NULL),('001','612',0,NULL),('001','613',0,NULL),('001','614',0,NULL),('001','615',0,NULL),('001','616',0,NULL),('001','617',0,NULL),('001','618',0,NULL),('001','619',0,NULL),('001','701',0,NULL),('001','702',500,NULL),('001','703',0,NULL),('001','704',0,NULL),('001','705',100,NULL),('001','706',0,NULL),('001','707',0,NULL),('001','708',0,NULL),('001','709',0,NULL),('001','710',0,NULL),('001','712',0,NULL),('001','730',2,NULL),('001','731',2,NULL),('001','732',1,NULL),('001','733',1,NULL),('001','734',1,NULL),('001','735',0,NULL),('001','736',0,NULL),('001','737',2,NULL),('001','738',1,NULL),('001','739',0.5,NULL),('001','740',0,NULL),('001','741',0,NULL),('001','742',0,NULL),('001','743',0,NULL),('001','744',0,NULL),('001','745',0,NULL),('001','746',0,NULL),('001','747',0,NULL),('001','748',0,NULL),('001','749',0,NULL),('001','750',0,NULL),('001','751',0,NULL),('001','752',0,NULL),('001','753',0,NULL),('001','754',0,NULL),('001','755',0,NULL),('001','756',0,NULL),('001','757',0,NULL),('001','758',0,NULL),('001','759',0,NULL),('001','760',4,NULL),('001','761',0,NULL),('001','762',0,NULL),('001','763',0,NULL),('001','764',0,NULL),('001','765',0,NULL),('001','766',0,NULL),('001','767',0,NULL),('001','769',0,NULL),('001','770',0,NULL),('001','771',0,NULL),('001','772',0,NULL),('001','773',0,NULL),('001','774',0,NULL),('001','775',0,NULL),('001','776',0,NULL),('001','777',0,NULL),('001','778',0,NULL),('001','779',0,NULL),('001','780',0,NULL),('001','781',0,NULL),('001','782',0,NULL),('001','783',0,NULL),('001','784',0,NULL),('001','785',0,NULL),('001','786',0,NULL),('001','787',0,NULL),('001','788',0,NULL),('001','789',0,NULL),('001','790',0,NULL),('001','791',0,NULL),('001','792',0,NULL),('001','793',0,NULL),('001','794',0,NULL),('001','795',0,NULL),('001','796',0,NULL),('001','797',0,NULL),('001','798',0,NULL),('001','799',0,NULL),('001','800',0,NULL),('001','801',96,NULL),('001','802',96,NULL),('001','803',192,NULL),('001','804',96,NULL),('001','805',0,NULL),('001','806',0,NULL),('001','807',0,NULL),('001','808',24,NULL),('001','809',96,NULL),('001','810',0,NULL),('001','814',0,NULL),('001','815',0,NULL),('001','816',0,NULL),('001','817',3,NULL),('001','818',3,NULL),('001','819',3,NULL),('001','820',3,NULL),('001','821',3,NULL),('001','822',192,NULL),('001','823',12,NULL),('001','824',0,NULL),('001','850',0,NULL),('001','851',0,NULL),('001','852',0,NULL),('001','853',0,NULL),('001','854',0,NULL),('001','855',0,NULL),('001','856',0,NULL),('001','857',0,NULL),('001','858',0,NULL),('001','859',0,NULL),('001','860',0,NULL),('001','861',0,NULL),('001','862',0,NULL),('001','863',0,NULL),('001','865',0,NULL),('001','866',0,NULL),('001','867',0,NULL),('001','868',0,NULL),('001','869',0,NULL),('001','870',0,NULL),('001','871',0,NULL),('001','872',0,NULL),('001','873',0,NULL),('001','874',0,NULL),('001','875',0,NULL),('001','876',0,NULL),('001','877',0,NULL),('001','878',0,NULL),('001','879',0,NULL),('001','880',0,NULL),('001','881',0,NULL),('001','882',0,NULL),('001','901',180,NULL),('001','OB',0,NULL),('002','001',0,NULL),('002','002',0,NULL),('002','003',0,NULL),('002','004',0,NULL),('002','101',0,NULL),('002','102',0,NULL),('002','103',0,NULL),('002','104',0,NULL),('002','105',0,NULL),('002','106',0,NULL),('002','107',0,NULL),('002','109',0,NULL),('002','1100',0,NULL),('002','151',0,NULL),('002','152',0,NULL),('002','153',0,NULL),('002','154',0,NULL),('002','1741',0,NULL),('002','201',0,NULL),('002','202',0,NULL),('002','203',0,NULL),('002','204',0,NULL),('002','205',0,NULL),('002','206',0,NULL),('002','207',0,NULL),('002','208',0,NULL),('002','210',0,NULL),('002','230',0,NULL),('002','231',0,NULL),('002','232',0,NULL),('002','233',0,NULL),('002','234',0,NULL),('002','235',0,NULL),('002','236',0,NULL),('002','237',0,NULL),('002','238',0,NULL),('002','239',0,NULL),('002','240',0,NULL),('002','241',0,NULL),('002','242',0,NULL),('002','243',0,NULL),('002','244',0,NULL),('002','245',0,NULL),('002','246',0,NULL),('002','247',0,NULL),('002','248',0,NULL),('002','249',0,NULL),('002','250',0,NULL),('002','251',0,NULL),('002','252',0,NULL),('002','253',0,NULL),('002','254',0,NULL),('002','255',0,NULL),('002','256',0,NULL),('002','257',0,NULL),('002','258',0,NULL),('002','259',0,NULL),('002','260',0,NULL),('002','261',0,NULL),('002','262',0,NULL),('002','263',0,NULL),('002','264',0,NULL),('002','265',0,NULL),('002','266',0,NULL),('002','267',0,NULL),('002','268',0,NULL),('002','269',0,NULL),('002','270',0,NULL),('002','271',0,NULL),('002','272',0,NULL),('002','273',0,NULL),('002','274',0,NULL),('002','275',0,NULL),('002','276',0,NULL),('002','277',0,NULL),('002','278',0,NULL),('002','279',0,NULL),('002','280',0,NULL),('002','281',0,NULL),('002','282',0,NULL),('002','283',0,NULL),('002','284',0,NULL),('002','285',0,NULL),('002','286',0,NULL),('002','287',0,NULL),('002','288',0,NULL),('002','289',0,NULL),('002','290',0,NULL),('002','291',0,NULL),('002','292',0,NULL),('002','293',0,NULL),('002','294',0,NULL),('002','295',0,NULL),('002','296',0,NULL),('002','297',0,NULL),('002','298',0,NULL),('002','299',0,NULL),('002','300',0,NULL),('002','301',0,NULL),('002','302',0,NULL),('002','303',0,NULL),('002','304',0,NULL),('002','305',0,NULL),('002','306',0,NULL),('002','307',0,NULL),('002','308',0,NULL),('002','309',0,NULL),('002','310',0,NULL),('002','311',0,NULL),('002','312',0,NULL),('002','313',0,NULL),('002','314',0,NULL),('002','315',0,NULL),('002','316',0,NULL),('002','317',0,NULL),('002','318',0,NULL),('002','319',0,NULL),('002','320',0,NULL),('002','321',0,NULL),('002','322',0,NULL),('002','323',0,NULL),('002','324',0,NULL),('002','325',0,NULL),('002','326',0,NULL),('002','327',0,NULL),('002','328',0,NULL),('002','329',0,NULL),('002','330',0,NULL),('002','331',0,NULL),('002','333',0,NULL),('002','334',0,NULL),('002','335',0,NULL),('002','336',0,NULL),('002','337',0,NULL),('002','338',0,NULL),('002','339',0,NULL),('002','340',0,NULL),('002','341',0,NULL),('002','342',0,NULL),('002','343',0,NULL),('002','344',0,NULL),('002','345',0,NULL),('002','346',0,NULL),('002','347',0,NULL),('002','348',0,NULL),('002','349',0,NULL),('002','350',0,NULL),('002','351',0,NULL),('002','352',0,NULL),('002','353',0,NULL),('002','354',0,NULL),('002','355',0,NULL),('002','356',0,NULL),('002','357',0,NULL),('002','358',0,NULL),('002','359',0,NULL),('002','360',0,NULL),('002','362',0,NULL),('002','363',0,NULL),('002','364',0,NULL),('002','365',0,NULL),('002','366',0,NULL),('002','367',0,NULL),('002','368',0,NULL),('002','369',0,NULL),('002','370',0,NULL),('002','371',0,NULL),('002','372',0,NULL),('002','373',0,NULL),('002','374',0,NULL),('002','375',0,NULL),('002','376',0,NULL),('002','377',0,NULL),('002','378',0,NULL),('002','379',0,NULL),('002','380',0,NULL),('002','381',0,NULL),('002','382',0,NULL),('002','383',0,NULL),('002','384',0,NULL),('002','385',0,NULL),('002','386',0,NULL),('002','387',0,NULL),('002','388',0,NULL),('002','389',0,NULL),('002','390',0,NULL),('002','391',0,NULL),('002','392',0,NULL),('002','393',0,NULL),('002','394',0,NULL),('002','395',0,NULL),('002','396',0,NULL),('002','397',0,NULL),('002','398',0,NULL),('002','399',0,NULL),('002','401',0,NULL),('002','402',0,NULL),('002','403',0,NULL),('002','404',0,NULL),('002','405',0,NULL),('002','406',0,NULL),('002','407',0,NULL),('002','408',0,NULL),('002','409',0,NULL),('002','410',0,NULL),('002','411',0,NULL),('002','412',0,NULL),('002','413',0,NULL),('002','414',0,NULL),('002','415',0,NULL),('002','416',0,NULL),('002','417',0,NULL),('002','418',0,NULL),('002','451',0,NULL),('002','452',0,NULL),('002','453',0,NULL),('002','454',0,NULL),('002','455',0,NULL),('002','456',0,NULL),('002','457',0,NULL),('002','458',0,NULL),('002','459',0,NULL),('002','460',0,NULL),('002','461',0,NULL),('002','462',0,NULL),('002','463',0,NULL),('002','464',0,NULL),('002','501',0,NULL),('002','502',0,NULL),('002','503',0,NULL),('002','504',0,NULL),('002','505',0,NULL),('002','506',0,NULL),('002','507',0,NULL),('002','508',0,NULL),('002','509',0,NULL),('002','510',0,NULL),('002','511',0,NULL),('002','512',0,NULL),('002','513',0,NULL),('002','514',0,NULL),('002','515',0,NULL),('002','516',0,NULL),('002','517',0,NULL),('002','518',0,NULL),('002','519',0,NULL),('002','520',0,NULL),('002','521',0,NULL),('002','522',0,NULL),('002','523',0,NULL),('002','524',0,NULL),('002','525',0,NULL),('002','526',0,NULL),('002','527',0,NULL),('002','528',0,NULL),('002','529',0,NULL),('002','530',0,NULL),('002','531',0,NULL),('002','532',0,NULL),('002','533',0,NULL),('002','534',0,NULL),('002','536',0,NULL),('002','537',0,NULL),('002','538',0,NULL),('002','539',0,NULL),('002','540',20,NULL),('002','541',0,NULL),('002','542',0,NULL),('002','543',0,NULL),('002','544',0,NULL),('002','545',0,NULL),('002','589',0,NULL),('002','601',0,NULL),('002','602',0,NULL),('002','603',0,NULL),('002','604',0,NULL),('002','605',0,NULL),('002','606',0,NULL),('002','607',0,NULL),('002','608',0,NULL),('002','609',0,NULL),('002','610',0,NULL),('002','611',0,NULL),('002','612',0,NULL),('002','613',0,NULL),('002','614',0,NULL),('002','615',0,NULL),('002','616',0,NULL),('002','617',0,NULL),('002','618',0,NULL),('002','619',0,NULL),('002','701',0,NULL),('002','702',0,NULL),('002','703',0,NULL),('002','704',0,NULL),('002','705',0,NULL),('002','706',0,NULL),('002','707',0,NULL),('002','708',0,NULL),('002','709',0,NULL),('002','710',0,NULL),('002','712',0,NULL),('002','730',0,NULL),('002','731',0,NULL),('002','732',0,NULL),('002','733',0,NULL),('002','734',0,NULL),('002','735',0,NULL),('002','736',0,NULL),('002','737',0,NULL),('002','738',0,NULL),('002','739',0,NULL),('002','740',0,NULL),('002','741',0,NULL),('002','742',0,NULL),('002','743',0,NULL),('002','744',0,NULL),('002','745',0,NULL),('002','746',0,NULL),('002','747',0,NULL),('002','748',0,NULL),('002','749',0,NULL),('002','750',0,NULL),('002','751',0,NULL),('002','752',0,NULL),('002','753',0,NULL),('002','754',0,NULL),('002','755',0,NULL),('002','756',0,NULL),('002','757',0,NULL),('002','758',0,NULL),('002','759',0,NULL),('002','760',0,NULL),('002','761',0,NULL),('002','762',0,NULL),('002','763',0,NULL),('002','764',0,NULL),('002','765',0,NULL),('002','766',0,NULL),('002','767',0,NULL),('002','769',0,NULL),('002','770',0,NULL),('002','771',0,NULL),('002','772',0,NULL),('002','773',0,NULL),('002','774',0,NULL),('002','775',0,NULL),('002','776',0,NULL),('002','777',0,NULL),('002','778',0,NULL),('002','779',0,NULL),('002','780',0,NULL),('002','781',0,NULL),('002','782',0,NULL),('002','783',0,NULL),('002','784',0,NULL),('002','785',0,NULL),('002','786',0,NULL),('002','787',0,NULL),('002','788',0,NULL),('002','789',0,NULL),('002','790',0,NULL),('002','791',0,NULL),('002','792',0,NULL),('002','793',0,NULL),('002','794',0,NULL),('002','795',0,NULL),('002','796',0,NULL),('002','797',0,NULL),('002','798',0,NULL),('002','799',0,NULL),('002','800',0,NULL),('002','801',0,NULL),('002','802',0,NULL),('002','803',0,NULL),('002','804',0,NULL),('002','805',0,NULL),('002','806',0,NULL),('002','807',0,NULL),('002','808',0,NULL),('002','809',0,NULL),('002','810',0,NULL),('002','814',0,NULL),('002','815',0,NULL),('002','816',0,NULL),('002','817',0,NULL),('002','818',0,NULL),('002','819',0,NULL),('002','820',0,NULL),('002','821',0,NULL),('002','822',0,NULL),('002','823',0,NULL),('002','824',0,NULL),('002','850',0,NULL),('002','851',0,NULL),('002','852',0,NULL),('002','853',0,NULL),('002','854',0,NULL),('002','855',0,NULL),('002','856',0,NULL),('002','857',0,NULL),('002','858',0,NULL),('002','859',0,NULL),('002','860',0,NULL),('002','861',0,NULL),('002','862',0,NULL),('002','863',0,NULL),('002','865',0,NULL),('002','866',0,NULL),('002','867',0,NULL),('002','868',0,NULL),('002','869',0,NULL),('002','870',0,NULL),('002','871',0,NULL),('002','872',0,NULL),('002','873',0,NULL),('002','874',0,NULL),('002','875',0,NULL),('002','876',0,NULL),('002','877',0,NULL),('002','878',0,NULL),('002','879',0,NULL),('002','880',0,NULL),('002','881',0,NULL),('002','882',0,NULL),('002','901',0,NULL),('002','OB',0,NULL),('003','001',0,NULL),('003','002',0,NULL),('003','003',0,NULL),('003','004',0,NULL),('003','101',0,NULL),('003','102',0,NULL),('003','103',0,NULL),('003','104',0,NULL),('003','105',0,NULL),('003','106',0,NULL),('003','107',0,NULL),('003','109',0,NULL),('003','1100',0,NULL),('003','151',0,NULL),('003','152',0,NULL),('003','153',0,NULL),('003','154',0,NULL),('003','1741',0,NULL),('003','201',0,NULL),('003','202',0,NULL),('003','203',0,NULL),('003','204',0,NULL),('003','205',0,NULL),('003','206',0,NULL),('003','207',0,NULL),('003','208',0,NULL),('003','210',0,NULL),('003','230',0,NULL),('003','231',0,NULL),('003','232',0,NULL),('003','233',0,NULL),('003','234',0,NULL),('003','235',0,NULL),('003','236',0,NULL),('003','237',0,NULL),('003','238',0,NULL),('003','239',0,NULL),('003','240',0,NULL),('003','241',0,NULL),('003','242',0,NULL),('003','243',0,NULL),('003','244',0,NULL),('003','245',0,NULL),('003','246',0,NULL),('003','247',0,NULL),('003','248',0,NULL),('003','249',0,NULL),('003','250',0,NULL),('003','251',0,NULL),('003','252',0,NULL),('003','253',0,NULL),('003','254',0,NULL),('003','255',0,NULL),('003','256',0,NULL),('003','257',0,NULL),('003','258',0,NULL),('003','259',0,NULL),('003','260',0,NULL),('003','261',0,NULL),('003','262',0,NULL),('003','263',0,NULL),('003','264',0,NULL),('003','265',0,NULL),('003','266',0,NULL),('003','267',0,NULL),('003','268',0,NULL),('003','269',0,NULL),('003','270',0,NULL),('003','271',0,NULL),('003','272',0,NULL),('003','273',0,NULL),('003','274',0,NULL),('003','275',0,NULL),('003','276',0,NULL),('003','277',0,NULL),('003','278',0,NULL),('003','279',0,NULL),('003','280',0,NULL),('003','281',0,NULL),('003','282',0,NULL),('003','283',0,NULL),('003','284',0,NULL),('003','285',0,NULL),('003','286',0,NULL),('003','287',0,NULL),('003','288',0,NULL),('003','289',0,NULL),('003','290',0,NULL),('003','291',0,NULL),('003','292',0,NULL),('003','293',0,NULL),('003','294',0,NULL),('003','295',0,NULL),('003','296',0,NULL),('003','297',0,NULL),('003','298',0,NULL),('003','299',0,NULL),('003','300',0,NULL),('003','301',0,NULL),('003','302',0,NULL),('003','303',0,NULL),('003','304',0,NULL),('003','305',0,NULL),('003','306',0,NULL),('003','307',0,NULL),('003','308',0,NULL),('003','309',0,NULL),('003','310',0,NULL),('003','311',0,NULL),('003','312',0,NULL),('003','313',0,NULL),('003','314',0,NULL),('003','315',0,NULL),('003','316',0,NULL),('003','317',0,NULL),('003','318',0,NULL),('003','319',0,NULL),('003','320',0,NULL),('003','321',0,NULL),('003','322',0,NULL),('003','323',0,NULL),('003','324',0,NULL),('003','325',0,NULL),('003','326',0,NULL),('003','327',0,NULL),('003','328',0,NULL),('003','329',0,NULL),('003','330',0,NULL),('003','331',0,NULL),('003','333',0,NULL),('003','334',0,NULL),('003','335',0,NULL),('003','336',0,NULL),('003','337',0,NULL),('003','338',0,NULL),('003','339',0,NULL),('003','340',0,NULL),('003','341',0,NULL),('003','342',0,NULL),('003','343',0,NULL),('003','344',0,NULL),('003','345',0,NULL),('003','346',0,NULL),('003','347',0,NULL),('003','348',0,NULL),('003','349',0,NULL),('003','350',0,NULL),('003','351',0,NULL),('003','352',0,NULL),('003','353',0,NULL),('003','354',0,NULL),('003','355',0,NULL),('003','356',0,NULL),('003','357',0,NULL),('003','358',0,NULL),('003','359',0,NULL),('003','360',0,NULL),('003','362',0,NULL),('003','363',0,NULL),('003','364',0,NULL),('003','365',0,NULL),('003','366',0,NULL),('003','367',0,NULL),('003','368',0,NULL),('003','369',0,NULL),('003','370',0,NULL),('003','371',0,NULL),('003','372',0,NULL),('003','373',0,NULL),('003','374',0,NULL),('003','375',0,NULL),('003','376',0,NULL),('003','377',0,NULL),('003','378',0,NULL),('003','379',0,NULL),('003','380',0,NULL),('003','381',0,NULL),('003','382',0,NULL),('003','383',0,NULL),('003','384',0,NULL),('003','385',0,NULL),('003','386',0,NULL),('003','387',0,NULL),('003','388',0,NULL),('003','389',0,NULL),('003','390',0,NULL),('003','391',0,NULL),('003','392',0,NULL),('003','393',0,NULL),('003','394',0,NULL),('003','395',0,NULL),('003','396',0,NULL),('003','397',0,NULL),('003','398',0,NULL),('003','399',0,NULL),('003','401',0,NULL),('003','402',0,NULL),('003','403',0,NULL),('003','404',0,NULL),('003','405',0,NULL),('003','406',0,NULL),('003','407',0,NULL),('003','408',0,NULL),('003','409',0,NULL),('003','410',0,NULL),('003','411',0,NULL),('003','412',0,NULL),('003','413',0,NULL),('003','414',0,NULL),('003','415',0,NULL),('003','416',0,NULL),('003','417',0,NULL),('003','418',0,NULL),('003','451',0,NULL),('003','452',0,NULL),('003','453',0,NULL),('003','454',0,NULL),('003','455',0,NULL),('003','456',0,NULL),('003','457',0,NULL),('003','458',0,NULL),('003','459',0,NULL),('003','460',0,NULL),('003','461',0,NULL),('003','462',0,NULL),('003','463',0,NULL),('003','464',0,NULL),('003','501',0,NULL),('003','502',0,NULL),('003','503',0,NULL),('003','504',0,NULL),('003','505',0,NULL),('003','506',0,NULL),('003','507',0,NULL),('003','508',0,NULL),('003','509',0,NULL),('003','510',0,NULL),('003','511',0,NULL),('003','512',0,NULL),('003','513',0,NULL),('003','514',0,NULL),('003','515',0,NULL),('003','516',0,NULL),('003','517',0,NULL),('003','518',0,NULL),('003','519',0,NULL),('003','520',0,NULL),('003','521',0,NULL),('003','522',0,NULL),('003','523',0,NULL),('003','524',0,NULL),('003','525',0,NULL),('003','526',0,NULL),('003','527',0,NULL),('003','528',0,NULL),('003','529',0,NULL),('003','530',0,NULL),('003','531',0,NULL),('003','532',0,NULL),('003','533',0,NULL),('003','534',0,NULL),('003','536',0,NULL),('003','537',0,NULL),('003','538',0,NULL),('003','539',0,NULL),('003','540',20,NULL),('003','541',0,NULL),('003','542',0,NULL),('003','543',0,NULL),('003','544',0,NULL),('003','545',0,NULL),('003','589',0,NULL),('003','601',0,NULL),('003','602',0,NULL),('003','603',0,NULL),('003','604',0,NULL),('003','605',0,NULL),('003','606',0,NULL),('003','607',0,NULL),('003','608',0,NULL),('003','609',0,NULL),('003','610',0,NULL),('003','611',0,NULL),('003','612',0,NULL),('003','613',0,NULL),('003','614',0,NULL),('003','615',0,NULL),('003','616',0,NULL),('003','617',0,NULL),('003','618',0,NULL),('003','619',0,NULL),('003','701',0,NULL),('003','702',0,NULL),('003','703',0,NULL),('003','704',0,NULL),('003','705',0,NULL),('003','706',0,NULL),('003','707',0,NULL),('003','708',0,NULL),('003','709',0,NULL),('003','710',0,NULL),('003','712',0,NULL),('003','730',0,NULL),('003','731',0,NULL),('003','732',0,NULL),('003','733',0,NULL),('003','734',0,NULL),('003','735',0,NULL),('003','736',0,NULL),('003','737',0,NULL),('003','738',0,NULL),('003','739',0,NULL),('003','740',0,NULL),('003','741',0,NULL),('003','742',0,NULL),('003','743',0,NULL),('003','744',0,NULL),('003','745',0,NULL),('003','746',0,NULL),('003','747',0,NULL),('003','748',0,NULL),('003','749',0,NULL),('003','750',0,NULL),('003','751',0,NULL),('003','752',0,NULL),('003','753',0,NULL),('003','754',0,NULL),('003','755',0,NULL),('003','756',0,NULL),('003','757',0,NULL),('003','758',0,NULL),('003','759',0,NULL),('003','760',0,NULL),('003','761',0,NULL),('003','762',0,NULL),('003','763',0,NULL),('003','764',0,NULL),('003','765',0,NULL),('003','766',0,NULL),('003','767',0,NULL),('003','769',0,NULL),('003','770',0,NULL),('003','771',0,NULL),('003','772',0,NULL),('003','773',0,NULL),('003','774',0,NULL),('003','775',0,NULL),('003','776',0,NULL),('003','777',0,NULL),('003','778',0,NULL),('003','779',0,NULL),('003','780',0,NULL),('003','781',0,NULL),('003','782',0,NULL),('003','783',0,NULL),('003','784',0,NULL),('003','785',0,NULL),('003','786',0,NULL),('003','787',0,NULL),('003','788',0,NULL),('003','789',0,NULL),('003','790',0,NULL),('003','791',0,NULL),('003','792',0,NULL),('003','793',0,NULL),('003','794',0,NULL),('003','795',0,NULL),('003','796',0,NULL),('003','797',0,NULL),('003','798',0,NULL),('003','799',0,NULL),('003','800',0,NULL),('003','801',0,NULL),('003','802',0,NULL),('003','803',0,NULL),('003','804',0,NULL),('003','805',0,NULL),('003','806',0,NULL),('003','807',0,NULL),('003','808',0,NULL),('003','809',0,NULL),('003','810',0,NULL),('003','814',0,NULL),('003','815',0,NULL),('003','816',0,NULL),('003','817',0,NULL),('003','818',0,NULL),('003','819',0,NULL),('003','820',0,NULL),('003','821',0,NULL),('003','822',0,NULL),('003','823',0,NULL),('003','824',0,NULL),('003','850',0,NULL),('003','851',0,NULL),('003','852',0,NULL),('003','853',0,NULL),('003','854',0,NULL),('003','855',0,NULL),('003','856',0,NULL),('003','857',0,NULL),('003','858',0,NULL),('003','859',0,NULL),('003','860',0,NULL),('003','861',0,NULL),('003','862',0,NULL),('003','863',0,NULL),('003','865',0,NULL),('003','866',0,NULL),('003','867',0,NULL),('003','868',0,NULL),('003','869',0,NULL),('003','870',0,NULL),('003','871',0,NULL),('003','872',0,NULL),('003','873',0,NULL),('003','874',0,NULL),('003','875',0,NULL),('003','876',0,NULL),('003','877',0,NULL),('003','878',0,NULL),('003','879',0,NULL),('003','880',0,NULL),('003','881',0,NULL),('003','882',0,NULL),('003','901',0,NULL),('003','OB',0,NULL),('DEF','001',0,NULL),('DEF','002',0,NULL),('DEF','003',0,NULL),('DEF','004',0,NULL),('DEF','101',0,NULL),('DEF','102',0,NULL),('DEF','103',0,NULL),('DEF','104',0,NULL),('DEF','105',0,NULL),('DEF','106',0,NULL),('DEF','107',0,NULL),('DEF','109',0,NULL),('DEF','1100',0,NULL),('DEF','151',0,NULL),('DEF','152',0,NULL),('DEF','153',0,NULL),('DEF','154',0,NULL),('DEF','1741',0,NULL),('DEF','201',0,NULL),('DEF','202',0,NULL),('DEF','203',0,NULL),('DEF','204',0,NULL),('DEF','205',20,NULL),('DEF','206',0,NULL),('DEF','207',0,NULL),('DEF','208',0,NULL),('DEF','210',0,NULL),('DEF','230',0,NULL),('DEF','231',0,NULL),('DEF','232',0,NULL),('DEF','233',0,NULL),('DEF','234',0,NULL),('DEF','235',0,NULL),('DEF','236',0,NULL),('DEF','237',0,NULL),('DEF','238',0,NULL),('DEF','239',0,NULL),('DEF','240',0,NULL),('DEF','241',0,NULL),('DEF','242',0,NULL),('DEF','243',0,NULL),('DEF','244',0,NULL),('DEF','245',0,NULL),('DEF','246',0,NULL),('DEF','247',0,NULL),('DEF','248',0,NULL),('DEF','249',0,NULL),('DEF','250',0,NULL),('DEF','251',0,NULL),('DEF','252',0,NULL),('DEF','253',0,NULL),('DEF','254',0,NULL),('DEF','255',0,NULL),('DEF','256',0,NULL),('DEF','257',0,NULL),('DEF','258',0,NULL),('DEF','259',0,NULL),('DEF','260',0,NULL),('DEF','261',0,NULL),('DEF','262',0,NULL),('DEF','263',0,NULL),('DEF','264',0,NULL),('DEF','265',0,NULL),('DEF','266',0,NULL),('DEF','267',0,NULL),('DEF','268',0,NULL),('DEF','269',0,NULL),('DEF','270',0,NULL),('DEF','271',0,NULL),('DEF','272',0,NULL),('DEF','273',0,NULL),('DEF','274',0,NULL),('DEF','275',0,NULL),('DEF','276',0,NULL),('DEF','277',0,NULL),('DEF','278',0,NULL),('DEF','279',0,NULL),('DEF','280',0,NULL),('DEF','281',0,NULL),('DEF','282',0,NULL),('DEF','283',0,NULL),('DEF','284',0,NULL),('DEF','285',0,NULL),('DEF','286',0,NULL),('DEF','287',0,NULL),('DEF','288',0,NULL),('DEF','289',0,NULL),('DEF','290',0,NULL),('DEF','291',0,NULL),('DEF','292',0,NULL),('DEF','293',0,NULL),('DEF','294',0,NULL),('DEF','295',0,NULL),('DEF','296',0,NULL),('DEF','297',0,NULL),('DEF','298',0,NULL),('DEF','299',0,NULL),('DEF','300',0,NULL),('DEF','301',15,NULL),('DEF','302',2,NULL),('DEF','303',0,NULL),('DEF','304',0,NULL),('DEF','305',0,NULL),('DEF','306',0,NULL),('DEF','307',0,NULL),('DEF','308',0,NULL),('DEF','309',0,NULL),('DEF','310',0,NULL),('DEF','311',0,NULL),('DEF','312',0,NULL),('DEF','313',0,NULL),('DEF','314',0,NULL),('DEF','315',0,NULL),('DEF','316',0,NULL),('DEF','317',0,NULL),('DEF','318',0,NULL),('DEF','319',0,NULL),('DEF','320',0,NULL),('DEF','321',0,NULL),('DEF','322',0,NULL),('DEF','323',0,NULL),('DEF','324',0,NULL),('DEF','325',0,NULL),('DEF','326',0,NULL),('DEF','327',0,NULL),('DEF','328',0,NULL),('DEF','329',0,NULL),('DEF','330',0,NULL),('DEF','331',0,NULL),('DEF','333',0,NULL),('DEF','334',0,NULL),('DEF','335',0,NULL),('DEF','336',0,NULL),('DEF','337',0,NULL),('DEF','338',0,NULL),('DEF','339',0,NULL),('DEF','340',0,NULL),('DEF','341',0,NULL),('DEF','342',0,NULL),('DEF','343',0,NULL),('DEF','344',0,NULL),('DEF','345',0,NULL),('DEF','346',0,NULL),('DEF','347',0,NULL),('DEF','348',0,NULL),('DEF','349',0,NULL),('DEF','350',0,NULL),('DEF','351',0,NULL),('DEF','352',0,NULL),('DEF','353',0,NULL),('DEF','354',0,NULL),('DEF','355',0,NULL),('DEF','356',0,NULL),('DEF','357',0,NULL),('DEF','358',0,NULL),('DEF','359',0,NULL),('DEF','360',0,NULL),('DEF','362',0,NULL),('DEF','363',0,NULL),('DEF','364',0,NULL),('DEF','365',0,NULL),('DEF','366',0,NULL),('DEF','367',0,NULL),('DEF','368',0,NULL),('DEF','369',0,NULL),('DEF','370',0,NULL),('DEF','371',0,NULL),('DEF','372',0,NULL),('DEF','373',0,NULL),('DEF','374',0,NULL),('DEF','375',0,NULL),('DEF','376',0,NULL),('DEF','377',0,NULL),('DEF','378',0,NULL),('DEF','379',0,NULL),('DEF','380',0,NULL),('DEF','381',0,NULL),('DEF','382',0,NULL),('DEF','383',0,NULL),('DEF','384',0,NULL),('DEF','385',0,NULL),('DEF','386',0,NULL),('DEF','387',0,NULL),('DEF','388',0,NULL),('DEF','389',0,NULL),('DEF','390',0,NULL),('DEF','391',0,NULL),('DEF','392',0,NULL),('DEF','393',0,NULL),('DEF','394',0,NULL),('DEF','395',0,NULL),('DEF','396',0,NULL),('DEF','397',0,NULL),('DEF','398',0,NULL),('DEF','399',0,NULL),('DEF','401',0,NULL),('DEF','402',0,NULL),('DEF','403',0,NULL),('DEF','404',0,NULL),('DEF','405',0,NULL),('DEF','406',0,NULL),('DEF','407',0,NULL),('DEF','408',0,NULL),('DEF','409',0,NULL),('DEF','410',0,NULL),('DEF','411',0,NULL),('DEF','412',0,NULL),('DEF','413',0,NULL),('DEF','414',0,NULL),('DEF','415',0,NULL),('DEF','416',0,NULL),('DEF','417',0,NULL),('DEF','418',0,NULL),('DEF','451',0,NULL),('DEF','452',0,NULL),('DEF','453',0,NULL),('DEF','454',0,NULL),('DEF','455',0,NULL),('DEF','456',0,NULL),('DEF','457',0,NULL),('DEF','458',0,NULL),('DEF','459',0,NULL),('DEF','460',0,NULL),('DEF','461',0,NULL),('DEF','462',0,NULL),('DEF','463',0,NULL),('DEF','464',0,NULL),('DEF','501',0,NULL),('DEF','502',0,NULL),('DEF','503',0,NULL),('DEF','504',0,NULL),('DEF','505',0,NULL),('DEF','506',0,NULL),('DEF','507',0,NULL),('DEF','508',0,NULL),('DEF','509',0,NULL),('DEF','510',0,NULL),('DEF','511',0,NULL),('DEF','512',0,NULL),('DEF','513',0,NULL),('DEF','514',0,NULL),('DEF','515',0,NULL),('DEF','516',0,NULL),('DEF','517',0,NULL),('DEF','518',0,NULL),('DEF','519',0,NULL),('DEF','520',0,NULL),('DEF','521',0,NULL),('DEF','522',0,NULL),('DEF','523',0,NULL),('DEF','524',0,NULL),('DEF','525',0,NULL),('DEF','526',0,NULL),('DEF','527',0,NULL),('DEF','528',0,NULL),('DEF','529',0,NULL),('DEF','530',0,NULL),('DEF','531',0,NULL),('DEF','532',0,NULL),('DEF','533',0,NULL),('DEF','534',0,NULL),('DEF','536',0,NULL),('DEF','537',0,NULL),('DEF','538',0,NULL),('DEF','539',0,NULL),('DEF','540',20,NULL),('DEF','541',0,NULL),('DEF','542',0,NULL),('DEF','543',0,NULL),('DEF','544',0,NULL),('DEF','545',0,NULL),('DEF','589',0,NULL),('DEF','601',0,NULL),('DEF','602',0,NULL),('DEF','603',0,NULL),('DEF','604',0,NULL),('DEF','605',0,NULL),('DEF','606',0,NULL),('DEF','607',0,NULL),('DEF','608',0,NULL),('DEF','609',0,NULL),('DEF','610',0,NULL),('DEF','611',0,NULL),('DEF','612',0,NULL),('DEF','613',0,NULL),('DEF','614',0,NULL),('DEF','615',0,NULL),('DEF','616',0,NULL),('DEF','617',0,NULL),('DEF','618',0,NULL),('DEF','619',0,NULL),('DEF','701',0,NULL),('DEF','702',0,NULL),('DEF','703',0,NULL),('DEF','704',0,NULL),('DEF','705',0,NULL),('DEF','706',0,NULL),('DEF','707',0,NULL),('DEF','708',0,NULL),('DEF','709',0,NULL),('DEF','710',0,NULL),('DEF','712',0,NULL),('DEF','730',0,NULL),('DEF','731',0,NULL),('DEF','732',0,NULL),('DEF','733',0,NULL),('DEF','734',0,NULL),('DEF','735',0,NULL),('DEF','736',0,NULL),('DEF','737',0,NULL),('DEF','738',0,NULL),('DEF','739',0,NULL),('DEF','740',0,NULL),('DEF','741',0,NULL),('DEF','742',0,NULL),('DEF','743',0,NULL),('DEF','744',0,NULL),('DEF','745',0,NULL),('DEF','746',0,NULL),('DEF','747',0,NULL),('DEF','748',0,NULL),('DEF','749',0,NULL),('DEF','750',0,NULL),('DEF','751',0,NULL),('DEF','752',0,NULL),('DEF','753',0,NULL),('DEF','754',0,NULL),('DEF','755',0,NULL),('DEF','756',0,NULL),('DEF','757',0,NULL),('DEF','758',0,NULL),('DEF','759',0,NULL),('DEF','760',0,NULL),('DEF','761',0,NULL),('DEF','762',0,NULL),('DEF','763',0,NULL),('DEF','764',0,NULL),('DEF','765',0,NULL),('DEF','766',0,NULL),('DEF','767',0,NULL),('DEF','769',0,NULL),('DEF','770',0,NULL),('DEF','771',0,NULL),('DEF','772',0,NULL),('DEF','773',0,NULL),('DEF','774',0,NULL),('DEF','775',0,NULL),('DEF','776',0,NULL),('DEF','777',0,NULL),('DEF','778',0,NULL),('DEF','779',0,NULL),('DEF','780',0,NULL),('DEF','781',0,NULL),('DEF','782',0,NULL),('DEF','783',0,NULL),('DEF','784',0,NULL),('DEF','785',0,NULL),('DEF','786',0,NULL),('DEF','787',0,NULL),('DEF','788',0,NULL),('DEF','789',0,NULL),('DEF','790',0,NULL),('DEF','791',0,NULL),('DEF','792',0,NULL),('DEF','793',0,NULL),('DEF','794',0,NULL),('DEF','795',0,NULL),('DEF','796',0,NULL),('DEF','797',0,NULL),('DEF','798',0,NULL),('DEF','799',0,NULL),('DEF','800',0,NULL),('DEF','801',0,NULL),('DEF','802',0,NULL),('DEF','803',0,NULL),('DEF','804',0,NULL),('DEF','805',0,NULL),('DEF','806',0,NULL),('DEF','807',0,NULL),('DEF','808',0,NULL),('DEF','809',0,NULL),('DEF','810',0,NULL),('DEF','814',0,NULL),('DEF','815',0,NULL),('DEF','816',0,NULL),('DEF','817',0,NULL),('DEF','818',0,NULL),('DEF','819',0,NULL),('DEF','820',0,NULL),('DEF','821',0,NULL),('DEF','822',0,NULL),('DEF','823',0,NULL),('DEF','824',0,NULL),('DEF','850',0,NULL),('DEF','851',0,NULL),('DEF','852',0,NULL),('DEF','853',0,NULL),('DEF','854',0,NULL),('DEF','855',0,NULL),('DEF','856',0,NULL),('DEF','857',0,NULL),('DEF','858',0,NULL),('DEF','859',0,NULL),('DEF','860',0,NULL),('DEF','861',0,NULL),('DEF','862',0,NULL),('DEF','863',0,NULL),('DEF','865',0,NULL),('DEF','866',0,NULL),('DEF','867',0,NULL),('DEF','868',0,NULL),('DEF','869',0,NULL),('DEF','870',0,NULL),('DEF','871',0,NULL),('DEF','872',0,NULL),('DEF','873',0,NULL),('DEF','874',0,NULL),('DEF','875',0,NULL),('DEF','876',0,NULL),('DEF','877',0,NULL),('DEF','878',0,NULL),('DEF','879',0,NULL),('DEF','880',0,NULL),('DEF','881',0,NULL),('DEF','882',0,NULL),('DEF','901',0,NULL),('DEF','OB',0,NULL);
/*!40000 ALTER TABLE `0_loc_stock` ENABLE KEYS */;
UNLOCK TABLES;

--
-- Table structure for table `0_locations`
--

DROP TABLE IF EXISTS `0_locations`;
/*!40101 SET @saved_cs_client     = @@character_set_client */;
/*!40101 SET character_set_client = utf8 */;
CREATE TABLE `0_locations` (
  `loc_code` varchar(5) COLLATE utf8_unicode_ci NOT NULL DEFAULT '',
  `location_name` varchar(60) COLLATE utf8_unicode_ci NOT NULL DEFAULT '',
  `delivery_address` tinytext COLLATE utf8_unicode_ci NOT NULL,
  `phone` varchar(30) COLLATE utf8_unicode_ci NOT NULL DEFAULT '',
  `phone2` varchar(30) COLLATE utf8_unicode_ci NOT NULL DEFAULT '',
  `fax` varchar(30) COLLATE utf8_unicode_ci NOT NULL DEFAULT '',
  `email` varchar(100) COLLATE utf8_unicode_ci NOT NULL DEFAULT '',
  `contact` varchar(30) COLLATE utf8_unicode_ci NOT NULL DEFAULT '',
  `fixed_asset` tinyint(1) NOT NULL DEFAULT '0',
  `inactive` tinyint(1) NOT NULL DEFAULT '0',
  PRIMARY KEY (`loc_code`)
) ENGINE=InnoDB DEFAULT CHARSET=utf8 COLLATE=utf8_unicode_ci;
/*!40101 SET character_set_client = @saved_cs_client */;

--
-- Dumping data for table `0_locations`
--

LOCK TABLES `0_locations` WRITE;
/*!40000 ALTER TABLE `0_locations` DISABLE KEYS */;
INSERT INTO `0_locations` VALUES ('001','STORE BASEMENT ALI TRADE CENTER','','','','','','SADAQAT ',0,0),('002','STORE GOPAL NAGAR FACTORY ','','','','','','',0,0),('003','STORE BIOTECH FACTORY ','','','','','','',0,0),('DEF','Default','N/A','','','','','',0,0);
/*!40000 ALTER TABLE `0_locations` ENABLE KEYS */;
UNLOCK TABLES;

--
-- Table structure for table `0_movement_types`
--

DROP TABLE IF EXISTS `0_movement_types`;
/*!40101 SET @saved_cs_client     = @@character_set_client */;
/*!40101 SET character_set_client = utf8 */;
CREATE TABLE `0_movement_types` (
  `id` int(11) NOT NULL AUTO_INCREMENT,
  `name` varchar(60) COLLATE utf8_unicode_ci NOT NULL DEFAULT '',
  `inactive` tinyint(1) NOT NULL DEFAULT '0',
  PRIMARY KEY (`id`),
  UNIQUE KEY `name` (`name`)
) ENGINE=MyISAM AUTO_INCREMENT=3 DEFAULT CHARSET=utf8 COLLATE=utf8_unicode_ci;
/*!40101 SET character_set_client = @saved_cs_client */;

--
-- Dumping data for table `0_movement_types`
--

LOCK TABLES `0_movement_types` WRITE;
/*!40000 ALTER TABLE `0_movement_types` DISABLE KEYS */;
INSERT INTO `0_movement_types` VALUES (1,'Adjustment',0),(2,'Opening Balance',0);
/*!40000 ALTER TABLE `0_movement_types` ENABLE KEYS */;
UNLOCK TABLES;

--
-- Table structure for table `0_payment_terms`
--

DROP TABLE IF EXISTS `0_payment_terms`;
/*!40101 SET @saved_cs_client     = @@character_set_client */;
/*!40101 SET character_set_client = utf8 */;
CREATE TABLE `0_payment_terms` (
  `terms_indicator` int(11) NOT NULL AUTO_INCREMENT,
  `terms` char(80) COLLATE utf8_unicode_ci NOT NULL DEFAULT '',
  `days_before_due` smallint(6) NOT NULL DEFAULT '0',
  `day_in_following_month` smallint(6) NOT NULL DEFAULT '0',
  `inactive` tinyint(1) NOT NULL DEFAULT '0',
  PRIMARY KEY (`terms_indicator`),
  UNIQUE KEY `terms` (`terms`)
) ENGINE=InnoDB DEFAULT CHARSET=utf8 COLLATE=utf8_unicode_ci;
/*!40101 SET character_set_client = @saved_cs_client */;

--
-- Dumping data for table `0_payment_terms`
--

LOCK TABLES `0_payment_terms` WRITE;
/*!40000 ALTER TABLE `0_payment_terms` DISABLE KEYS */;
INSERT INTO `0_payment_terms` VALUES (3,'Payment due within 10 days',10,0,0),(4,'Cash Only',0,0,0),(5,'90 Days',90,0,0),(6,'Advance Payment',-1,0,0);
/*!40000 ALTER TABLE `0_payment_terms` ENABLE KEYS */;
UNLOCK TABLES;

--
-- Table structure for table `0_ph_combo1`
--

DROP TABLE IF EXISTS `0_ph_combo1`;
/*!40101 SET @saved_cs_client     = @@character_set_client */;
/*!40101 SET character_set_client = utf8 */;
CREATE TABLE `0_ph_combo1` (
  `combo_code` int(11) NOT NULL AUTO_INCREMENT,
  `description` varchar(60) COLLATE utf8_unicode_ci NOT NULL DEFAULT '',
  `inactive` tinyint(1) NOT NULL DEFAULT '0',
  PRIMARY KEY (`combo_code`),
  UNIQUE KEY `description` (`description`)
) ENGINE=InnoDB DEFAULT CHARSET=utf8 COLLATE=utf8_unicode_ci;
/*!40101 SET character_set_client = @saved_cs_client */;

--
-- Dumping data for table `0_ph_combo1`
--

LOCK TABLES `0_ph_combo1` WRITE;
/*!40000 ALTER TABLE `0_ph_combo1` DISABLE KEYS */;
/*!40000 ALTER TABLE `0_ph_combo1` ENABLE KEYS */;
UNLOCK TABLES;

--
-- Table structure for table `0_ph_combo2`
--

DROP TABLE IF EXISTS `0_ph_combo2`;
/*!40101 SET @saved_cs_client     = @@character_set_client */;
/*!40101 SET character_set_client = utf8 */;
CREATE TABLE `0_ph_combo2` (
  `combo_code` int(11) NOT NULL AUTO_INCREMENT,
  `description` varchar(60) COLLATE utf8_unicode_ci NOT NULL DEFAULT '',
  `inactive` tinyint(1) NOT NULL DEFAULT '0',
  PRIMARY KEY (`combo_code`),
  UNIQUE KEY `description` (`description`)
) ENGINE=InnoDB DEFAULT CHARSET=utf8 COLLATE=utf8_unicode_ci;
/*!40101 SET character_set_client = @saved_cs_client */;

--
-- Dumping data for table `0_ph_combo2`
--

LOCK TABLES `0_ph_combo2` WRITE;
/*!40000 ALTER TABLE `0_ph_combo2` DISABLE KEYS */;
/*!40000 ALTER TABLE `0_ph_combo2` ENABLE KEYS */;
UNLOCK TABLES;

--
-- Table structure for table `0_ph_combo3`
--

DROP TABLE IF EXISTS `0_ph_combo3`;
/*!40101 SET @saved_cs_client     = @@character_set_client */;
/*!40101 SET character_set_client = utf8 */;
CREATE TABLE `0_ph_combo3` (
  `combo_code` int(11) NOT NULL AUTO_INCREMENT,
  `description` varchar(60) COLLATE utf8_unicode_ci NOT NULL DEFAULT '',
  `inactive` tinyint(1) NOT NULL DEFAULT '0',
  PRIMARY KEY (`combo_code`),
  UNIQUE KEY `description` (`description`)
) ENGINE=InnoDB DEFAULT CHARSET=utf8 COLLATE=utf8_unicode_ci;
/*!40101 SET character_set_client = @saved_cs_client */;

--
-- Dumping data for table `0_ph_combo3`
--

LOCK TABLES `0_ph_combo3` WRITE;
/*!40000 ALTER TABLE `0_ph_combo3` DISABLE KEYS */;
/*!40000 ALTER TABLE `0_ph_combo3` ENABLE KEYS */;
UNLOCK TABLES;

--
-- Table structure for table `0_prices`
--

DROP TABLE IF EXISTS `0_prices`;
/*!40101 SET @saved_cs_client     = @@character_set_client */;
/*!40101 SET character_set_client = utf8 */;
CREATE TABLE `0_prices` (
  `id` int(11) NOT NULL AUTO_INCREMENT,
  `stock_id` varchar(20) COLLATE utf8_unicode_ci NOT NULL DEFAULT '',
  `sales_type_id` int(11) NOT NULL DEFAULT '0',
  `curr_abrev` char(3) COLLATE utf8_unicode_ci NOT NULL DEFAULT '',
  `price` double NOT NULL DEFAULT '0',
  PRIMARY KEY (`id`),
  UNIQUE KEY `price` (`stock_id`,`sales_type_id`,`curr_abrev`)
) ENGINE=InnoDB DEFAULT CHARSET=utf8 COLLATE=utf8_unicode_ci;
/*!40101 SET character_set_client = @saved_cs_client */;

--
-- Dumping data for table `0_prices`
--

LOCK TABLES `0_prices` WRITE;
/*!40000 ALTER TABLE `0_prices` DISABLE KEYS */;
INSERT INTO `0_prices` VALUES (4,'1002',2,'PKR',200),(5,'001',1,'PKR',77.72);
/*!40000 ALTER TABLE `0_prices` ENABLE KEYS */;
UNLOCK TABLES;

--
-- Table structure for table `0_print_profiles`
--

DROP TABLE IF EXISTS `0_print_profiles`;
/*!40101 SET @saved_cs_client     = @@character_set_client */;
/*!40101 SET character_set_client = utf8 */;
CREATE TABLE `0_print_profiles` (
  `id` smallint(6) unsigned NOT NULL AUTO_INCREMENT,
  `profile` varchar(30) COLLATE utf8_unicode_ci NOT NULL,
  `report` varchar(5) COLLATE utf8_unicode_ci DEFAULT NULL,
  `printer` tinyint(3) unsigned DEFAULT NULL,
  PRIMARY KEY (`id`),
  UNIQUE KEY `profile` (`profile`,`report`)
) ENGINE=InnoDB DEFAULT CHARSET=utf8 COLLATE=utf8_unicode_ci;
/*!40101 SET character_set_client = @saved_cs_client */;

--
-- Dumping data for table `0_print_profiles`
--

LOCK TABLES `0_print_profiles` WRITE;
/*!40000 ALTER TABLE `0_print_profiles` DISABLE KEYS */;
INSERT INTO `0_print_profiles` VALUES (1,'Out of office',NULL,0),(2,'Sales Department',NULL,0),(3,'Central',NULL,2),(4,'Sales Department','104',2),(5,'Sales Department','105',2),(6,'Sales Department','107',2),(7,'Sales Department','109',2),(8,'Sales Department','110',2),(9,'Sales Department','201',2);
/*!40000 ALTER TABLE `0_print_profiles` ENABLE KEYS */;
UNLOCK TABLES;

--
-- Table structure for table `0_printers`
--

DROP TABLE IF EXISTS `0_printers`;
/*!40101 SET @saved_cs_client     = @@character_set_client */;
/*!40101 SET character_set_client = utf8 */;
CREATE TABLE `0_printers` (
  `id` tinyint(3) unsigned NOT NULL AUTO_INCREMENT,
  `name` varchar(20) COLLATE utf8_unicode_ci NOT NULL,
  `description` varchar(60) COLLATE utf8_unicode_ci NOT NULL,
  `queue` varchar(20) COLLATE utf8_unicode_ci NOT NULL,
  `host` varchar(40) COLLATE utf8_unicode_ci NOT NULL,
  `port` smallint(11) unsigned NOT NULL,
  `timeout` tinyint(3) unsigned NOT NULL,
  PRIMARY KEY (`id`),
  UNIQUE KEY `name` (`name`)
) ENGINE=InnoDB DEFAULT CHARSET=utf8 COLLATE=utf8_unicode_ci;
/*!40101 SET character_set_client = @saved_cs_client */;

--
-- Dumping data for table `0_printers`
--

LOCK TABLES `0_printers` WRITE;
/*!40000 ALTER TABLE `0_printers` DISABLE KEYS */;
INSERT INTO `0_printers` VALUES (1,'QL500','Label printer','QL500','server',127,20),(2,'Samsung','Main network printer','scx4521F','server',515,5),(3,'Local','Local print server at user IP','lp','',515,10);
/*!40000 ALTER TABLE `0_printers` ENABLE KEYS */;
UNLOCK TABLES;

--
-- Table structure for table `0_purch_data`
--

DROP TABLE IF EXISTS `0_purch_data`;
/*!40101 SET @saved_cs_client     = @@character_set_client */;
/*!40101 SET character_set_client = utf8 */;
CREATE TABLE `0_purch_data` (
  `supplier_id` int(11) NOT NULL DEFAULT '0',
  `stock_id` char(20) COLLATE utf8_unicode_ci NOT NULL DEFAULT '',
  `price` double NOT NULL DEFAULT '0',
  `suppliers_uom` char(50) COLLATE utf8_unicode_ci NOT NULL DEFAULT '',
  `conversion_factor` double NOT NULL DEFAULT '1',
  `supplier_description` char(50) COLLATE utf8_unicode_ci NOT NULL DEFAULT '',
  PRIMARY KEY (`supplier_id`,`stock_id`)
) ENGINE=InnoDB DEFAULT CHARSET=utf8 COLLATE=utf8_unicode_ci;
/*!40101 SET character_set_client = @saved_cs_client */;

--
-- Dumping data for table `0_purch_data`
--

LOCK TABLES `0_purch_data` WRITE;
/*!40000 ALTER TABLE `0_purch_data` DISABLE KEYS */;
INSERT INTO `0_purch_data` VALUES (1,'101',363,'',1,'CHICKEN FILLET 110 TO 120 GMS K&amp;N&#039;S'),(1,'OB',36979,'',1,'Opening Balance Equity'),(2,'203',135,'',1,'PREMA MILK'),(2,'204',130,'',1,'MILK PACK MILK 1 LTTER'),(2,'230',110,'',1,'CORN FLOUR LOSSE'),(2,'265',60,'',1,'SUGAR'),(2,'271',135,'',1,'LEMON JUICE (MITCHELS)'),(2,'301',100,'',1,'EGGS'),(2,'303',170,'',1,'RICE ZARAFA 2 YEARS OLD'),(2,'874',15,'',1,'BETTERY CELL(AA)'),(2,'875',250,'',1,'BODY SPRAY'),(2,'876',120,'',1,'OREO BISCUIT(HALF ROLL) BOX'),(2,'OB',33851,'',1,'Opening Balance Equity'),(3,'OB',73218,'',1,'Opening Balance Equity'),(4,'001',1258.33,'',1,'BEEF TENDERLOIN WITHOUT HEAD'),(4,'101',240,'',1,'CHICKEN FILLET 110 TO 120 GMS K&amp;N&#039;S'),(4,'230',159.3,'',1,'CORN FLOUR LOSSE'),(4,'249',911.14,'',1,'ALMOND'),(4,'265',59.26,'',1,'SUGAR'),(4,'300',725.64,'',1,'GREEN OLIVES'),(4,'301',322,'',1,'EGGS'),(4,'306',192.31,'',1,'FETTUCCINE PASTA'),(4,'371',146,'',1,'SUFI COOKING OIL 1 LITER'),(4,'712',670,'',1,'PUK CHEESE'),(4,'801',40.6,'',1,'COKE 300 ML CAN'),(4,'805',40.6,'',1,'SPRITE 300ML CAN'),(4,'821',22.97,'',1,'NESTLE PINEAPPLE JUICE 1 LTR'),(4,'822',19.37,'',1,'AQUA FINA WATER 500ML'),(4,'881',641,'',1,'BLACK OLIVES'),(6,'OB',95000,'',1,'Opening Balance Equity'),(7,'OB',20944,'',1,'Opening Balance Equity'),(8,'OB',43156,'',1,'Opening Balance Equity'),(10,'401',85,'',1,'ONION'),(10,'402',90,'',1,'CARROTS'),(10,'403',60,'',1,'CABBAGE'),(10,'404',200,'',1,'GREEN ONION'),(10,'406',80,'',1,'ZUCCHINI'),(10,'407',45,'',1,'POTATOES'),(10,'409',450,'',1,'BROCCOLI'),(10,'411',140,'',1,'GREEN CAPSICUM'),(10,'417',200,'',1,'GINGER'),(12,'203',130,'',1,'PREMA MILK'),(12,'204',260,'',1,'MILK PACK MILK 1 LTTER'),(12,'208',10,'',1,'CAKE BASE'),(12,'230',69,'',1,'CORN FLOUR LOSSE'),(12,'271',125,'',1,'LEMON JUICE (MITCHELS)'),(12,'878',850,'',1,'STRAWBERRY TOPPING SUNDAE 3.6 KG SALMAN'),(14,'201',280,'',1,'FRESH CREAM'),(14,'OB',39720,'',1,'Opening Balance Equity'),(15,'204',120,'',1,'MILK PACK MILK 1 LTTER'),(15,'210',2150,'',1,'PARMESAN CHEESE'),(15,'232',220,'',1,'CRUSHED CHILLI (DADER MIRCH)'),(15,'233',2230,'',1,'MILK PACK CREAM 200ML'),(15,'261',650,'',1,'MALAYSIA DARK CHOCOLATE'),(15,'265',60,'',1,'SUGAR'),(15,'272',560,'',1,'CAPERS (BEN-DELS)'),(15,'281',45,'',1,'ICEING SUGAR'),(15,'294',91.67,'',1,'BUTTER MASHROOM'),(15,'300',820,'',1,'GREEN OLIVES'),(15,'301',105,'',1,'EGGS'),(15,'306',220,'',1,'FETTUCCINE PASTA'),(15,'313',470,'',1,'THYME'),(15,'322',880,'',1,'DAMI GLASS BASE'),(15,'369',310,'',1,'STRAWBERRY IN SYRUP 425GM'),(15,'371',170,'',1,'SUFI COOKING OIL 1 LITER'),(15,'380',480,'',1,'KNOOR CHICKEN STOCK POWDER'),(15,'612',180,'',1,'GLINT GLASS CLEANER PACK'),(15,'619',120,'',1,'LEMON MAX LIQUID'),(15,'706',230,'',1,'SHOPPING BAG PLASTIC'),(15,'710',60,'',1,'STRAW'),(15,'712',910,'',1,'PUK CHEESE'),(15,'732',370,'',1,'OREGANO DRY'),(15,'794',335,'',1,'KNOOR LIME SEASONING POWDER'),(15,'798',620,'',1,'CHOCOLATE SYRUP'),(15,'799',280,'',1,'CHOCOLATE CHIP'),(15,'821',145,'',1,'NESTLE PINEAPPLE JUICE 1 LTR'),(15,'856',1340,'',1,'CHEESE CHADDER 2KG BLOCK'),(15,'879',40,'',1,'SHOE POLISH'),(15,'880',195,'',1,'WOOD POLISH'),(15,'881',780,'',1,'BLACK OLIVES'),(15,'OB',20190,'',1,'Opening Balance Equity'),(16,'OB',157188,'',1,'Opening Balance Equity'),(17,'1100',200,'',1,'LEMON FRESH'),(17,'1741',35,'',1,'SPINECH(PALIK)'),(17,'401',85,'',1,'ONION'),(17,'402',85,'',1,'CARROTS'),(17,'403',60,'',1,'CABBAGE'),(17,'404',200,'',1,'GREEN ONION'),(17,'406',80,'',1,'ZUCCHINI'),(17,'407',45,'',1,'POTATOES'),(17,'408',150,'',1,'ICEBERG LETTUCE'),(17,'409',450,'',1,'BROCCOLI'),(17,'411',130,'',1,'GREEN CAPSICUM'),(17,'414',9,'',1,'FRESH MINT'),(17,'417',200,'',1,'GINGER'),(17,'418',90,'',1,'GREEN CHILLI'),(17,'738',800,'',1,'FRESH BASIL'),(17,'739',1500,'',1,'PARSLEY'),(17,'740',120,'',1,'TOMATOES'),(17,'OB',22652,'',1,'Opening Balance Equity'),(18,'877',600,'',1,'ICE CUBE(10KG BAG)'),(18,'OB',10800,'',1,'Opening Balance Equity'),(19,'OB',855,'',1,'Opening Balance Equity'),(20,'274',350,'',1,'SAMBAL OELEK CHILLI 250G YEOS'),(20,'279',910,'',1,'CHILLI GARLIC (KNORR) 4kg'),(20,'284',550,'',1,'SASAME OIL (HEINZ) 500ML'),(20,'290',416,'',1,'BBQ SAUCE 900 GMS (KNORR)'),(20,'292',275,'',1,'WHITE GRAPE VINEGAR 500ML'),(20,'293',265,'',1,'VINEGAR WHITE SHEZAN 3.85 LITER'),(20,'302',2350,'',1,'MAMASITTA OYSTER SAUCE 4.5 KG'),(20,'308',350,'',1,'BREAD CRUMBS 1KG'),(20,'321',1000,'',1,'CHICKEN SOUP CUBE KNORR 1KG'),(20,'362',575,'',1,'MELAPINE PINEAPPLE SLICE 3KG'),(20,'372',395,'',1,'STRAWBERRY FILLING 595GM'),(20,'373',395,'',1,'BLUEBERRY FILLING 595GM'),(20,'382',195,'',1,'HP SAUCE 255 GRAMS'),(20,'396',210,'',1,'RED WINE VINEGAR 500ML'),(20,'794',342,'',1,'KNOOR LIME SEASONING POWDER 400G'),(20,'795',110,'',1,'PEEL TOMATO TIN PACK'),(20,'800',491.91,'',1,'KNOOR CHICKEN POWDER'),(20,'861',310,'',1,'TOMATO PUREE KNORR 900G'),(20,'862',264,'',1,'ITALIAN TOMATO BASE KNORR 750G'),(20,'863',385,'',1,'LEMON JUICE AMERICAN GARDEN 946ML'),(20,'865',835,'',1,'TOMATO KETCHUP (KNORR) 4kg'),(20,'866',245,'',1,'WORCESTER SHIRE SAUCE 295ML'),(20,'867',1400,'',1,'MUSTARD YELLOW FRENCHS 2.98 KG'),(20,'868',2970,'',1,'FRY ALL 16 LITER DALDA'),(20,'869',670,'',1,'MUSHROOM SLICED TIN 3KG'),(20,'870',1430,'',1,'MAYONNAISE REAL 4KG'),(21,'350',650,'',1,'FRENCH FRIES Mccain 2.5kg'),(22,'001',18.33,'',1,'BEEF TENDERLOIN WITHOUT HEAD'),(22,'801',44.58,'',1,'COKE 300 ML CAN'),(22,'805',44.58,'',1,'SPRITE 300ML CAN'),(22,'809',31,'',1,'COKE DIET 250 ML CAN'),(22,'824',18.33,'',1,'KINLEY MINRAL WATER'),(23,'822',21.22,'',1,'AQUA FINA WATER 500ML');
/*!40000 ALTER TABLE `0_purch_data` ENABLE KEYS */;
UNLOCK TABLES;

--
-- Table structure for table `0_purch_order_details`
--

DROP TABLE IF EXISTS `0_purch_order_details`;
/*!40101 SET @saved_cs_client     = @@character_set_client */;
/*!40101 SET character_set_client = utf8 */;
CREATE TABLE `0_purch_order_details` (
  `po_detail_item` int(11) NOT NULL AUTO_INCREMENT,
  `order_no` int(11) NOT NULL DEFAULT '0',
  `item_code` varchar(20) COLLATE utf8_unicode_ci NOT NULL DEFAULT '',
  `description` tinytext COLLATE utf8_unicode_ci,
  `delivery_date` date NOT NULL DEFAULT '0000-00-00',
  `qty_invoiced` double NOT NULL DEFAULT '0',
  `unit_price` double NOT NULL DEFAULT '0',
  `act_price` double NOT NULL DEFAULT '0',
  `std_cost_unit` double NOT NULL DEFAULT '0',
  `quantity_ordered` double NOT NULL DEFAULT '0',
  `quantity_received` double NOT NULL DEFAULT '0',
  `text1` varchar(30) COLLATE utf8_unicode_ci NOT NULL,
  `text2` varchar(30) COLLATE utf8_unicode_ci NOT NULL,
  `text3` varchar(30) COLLATE utf8_unicode_ci NOT NULL,
  `text4` varchar(30) COLLATE utf8_unicode_ci DEFAULT NULL,
  `text5` varchar(30) COLLATE utf8_unicode_ci DEFAULT NULL,
  `text6` varchar(30) COLLATE utf8_unicode_ci DEFAULT NULL,
  `amount1` double NOT NULL,
  `amount2` double NOT NULL,
  `amount3` double NOT NULL,
  `amount4` double NOT NULL,
  `amount5` double NOT NULL,
  `amount6` double NOT NULL,
  `date1` date NOT NULL DEFAULT '0000-00-00',
  `date2` date NOT NULL DEFAULT '0000-00-00',
  `date3` date NOT NULL DEFAULT '0000-00-00',
  `combo1` int(11) NOT NULL,
  `combo2` int(11) NOT NULL,
  `combo3` int(11) NOT NULL,
  `combo4` int(11) NOT NULL,
  `combo5` int(11) NOT NULL,
  `combo6` int(11) NOT NULL,
  `op_po` tinyint(1) DEFAULT NULL,
  PRIMARY KEY (`po_detail_item`),
  KEY `order` (`order_no`,`po_detail_item`),
  KEY `itemcode` (`item_code`)
) ENGINE=InnoDB DEFAULT CHARSET=utf8 COLLATE=utf8_unicode_ci;
/*!40101 SET character_set_client = @saved_cs_client */;

--
-- Dumping data for table `0_purch_order_details`
--

LOCK TABLES `0_purch_order_details` WRITE;
/*!40000 ALTER TABLE `0_purch_order_details` DISABLE KEYS */;
INSERT INTO `0_purch_order_details` VALUES (1,1,'OB','Opening Balance Equity','2017-10-05',1,36979,36979,0,1,1,'','','','','','',0,0,0,0,0,0,'0000-00-00','0000-00-00','0000-00-00',0,0,0,0,0,0,NULL),(2,2,'101','CHICKEN FILLET 110 TO 120 GMS K&amp;N&#039;S','0000-00-00',40.2,363,363,0,40.2,40,'','','','','','',0,0,0,0,0,0,'0000-00-00','0000-00-00','0000-00-00',0,0,0,0,0,0,NULL),(3,3,'109','CHICKEN BONE (LOCAL)','2017-10-07',0,200,0,0,15,0,'','','','','','',0,0,0,0,0,0,'0000-00-00','0000-00-00','0000-00-00',0,0,0,0,0,0,NULL),(18,6,'294','BUTTER MASHROOM','2017-10-07',24,91.67,91.67,127.42193548387,24,24,'','','','','','',0,0,0,0,0,0,'0000-00-00','0000-00-00','0000-00-00',0,0,0,0,0,0,NULL),(19,6,'272','CAPERS (BEN-DELS)','2017-10-07',2,560,560,560,2,2,'','','','','','',0,0,0,0,0,0,'0000-00-00','0000-00-00','0000-00-00',0,0,0,0,0,0,NULL),(20,6,'233','MILK PACK CREAM 200ML ','2017-10-07',48,93.34,93.34,93.893333333333,48,48,'','','','','','',0,0,0,0,0,0,'0000-00-00','0000-00-00','0000-00-00',0,0,0,0,0,0,NULL),(21,6,'371','SUFI COOKING OIL 1 LITER ','2017-10-07',10,170,170,176,10,10,'','','','','','',0,0,0,0,0,0,'0000-00-00','0000-00-00','0000-00-00',0,0,0,0,0,0,NULL),(22,6,'306','FETTUCCINE PASTA','2017-10-07',2,220,220,360,2,2,'','','','','','',0,0,0,0,0,0,'0000-00-00','0000-00-00','0000-00-00',0,0,0,0,0,0,NULL),(23,6,'204','MILK PACK MILK 1 LTTER ','2017-10-07',12,120,120,125.2,12,12,'','','','','','',0,0,0,0,0,0,'0000-00-00','0000-00-00','0000-00-00',0,0,0,0,0,0,NULL),(24,6,'821','NESTLE PINEAPPLE JUICE 1 LTR','2017-10-07',1,145,145,145,1,1,'','','','','','',0,0,0,0,0,0,'0000-00-00','0000-00-00','0000-00-00',0,0,0,0,0,0,NULL),(25,6,'265','SUGAR','2017-10-07',10,60,60,60,10,10,'','','','','','',0,0,0,0,0,0,'0000-00-00','0000-00-00','0000-00-00',0,0,0,0,0,0,NULL),(28,6,'798','CHOCOLATE SYRUP','2017-10-07',1,620,620,620,1,1,'','','','','','',0,0,0,0,0,0,'0000-00-00','0000-00-00','0000-00-00',0,0,0,0,0,0,NULL),(29,6,'232','CRUSHED CHILLI (DADER MIRCH)','2017-10-07',2,220,220,285,2,2,'','','','','','',0,0,0,0,0,0,'0000-00-00','0000-00-00','0000-00-00',0,0,0,0,0,0,NULL),(30,7,'OB','Opening Balance Equity','2017-10-05',0,0,0,0,157188,157188,'','','','','','',0,0,0,0,0,0,'0000-00-00','0000-00-00','0000-00-00',0,0,0,0,0,0,NULL),(31,8,'OB','Opening Balance Equity','2017-10-05',1,22652,22652,0,1,1,'','','','','','',0,0,0,0,0,0,'0000-00-00','0000-00-00','0000-00-00',0,0,0,0,0,0,NULL),(32,9,'OB','Opening Balance Equity','2017-10-05',0,20944,20944,0,1,1,'','','','','','',0,0,0,0,0,0,'0000-00-00','0000-00-00','0000-00-00',0,0,0,0,0,0,NULL),(33,10,'OB','Opening Balance Equity','2017-10-05',0,39720,39720,0,1,1,'','','','','','',0,0,0,0,0,0,'0000-00-00','0000-00-00','0000-00-00',0,0,0,0,0,0,NULL),(34,11,'OB','Opening Balance Equity','2017-10-05',1,73218,73218,0,1,1,'','','','','','',0,0,0,0,0,0,'0000-00-00','0000-00-00','0000-00-00',0,0,0,0,0,0,NULL),(35,12,'OB','Opening Balance Equity','2017-10-05',1,33851,33851,0,1,1,'','','','','','',0,0,0,0,0,0,'0000-00-00','0000-00-00','0000-00-00',0,0,0,0,0,0,NULL),(36,13,'OB','Opening Balance Equity','2017-10-05',1,95000,95000,0,1,1,'','','','','','',0,0,0,0,0,0,'0000-00-00','0000-00-00','0000-00-00',0,0,0,0,0,0,NULL),(37,14,'OB','Opening Balance Equity','2017-10-05',1,10800,10800,0,1,1,'','','','','','',0,0,0,0,0,0,'0000-00-00','0000-00-00','0000-00-00',0,0,0,0,0,0,NULL),(38,15,'OB','Opening Balance Equity','2017-10-05',1,43156,43156,0,1,1,'','','','','','',0,0,0,0,0,0,'0000-00-00','0000-00-00','0000-00-00',0,0,0,0,0,0,NULL),(39,16,'OB','Opening Balance Equity','2017-10-05',1,855,855,0,1,1,'','','','','','',0,0,0,0,0,0,'0000-00-00','0000-00-00','0000-00-00',0,0,0,0,0,0,NULL),(40,17,'OB','Opening Balance Equity','2017-10-05',0,25480,25480,0,1,1,'','','','','','',0,0,0,0,0,0,'0000-00-00','0000-00-00','0000-00-00',0,0,0,0,0,0,NULL),(41,18,'380','KNOOR CHICKEN STOCK POWDER ','2017-10-06',2,480,480,552,2,2,'','','','','','',0,0,0,0,0,0,'0000-00-00','0000-00-00','0000-00-00',0,0,0,0,0,0,NULL),(42,18,'233','MILK PACK CREAM 200ML ','2017-10-06',24,95,95,95,24,24,'','','','','','',0,0,0,0,0,0,'0000-00-00','0000-00-00','0000-00-00',0,0,0,0,0,0,NULL),(43,18,'281','ICEING SUGAR','2017-10-06',2,165,165,157.5,2,2,'','','','','','',0,0,0,0,0,0,'0000-00-00','0000-00-00','0000-00-00',0,0,0,0,0,0,NULL),(44,18,'794','KNOOR LIME SEASONING POWDER ','2017-10-06',2,335,335,202.85714285714,2,2,'','','','','','',0,0,0,0,0,0,'0000-00-00','0000-00-00','0000-00-00',0,0,0,0,0,0,NULL),(45,18,'710','STRAW','2017-10-06',1,30,30,30,1,1,'','','','','','',0,0,0,0,0,0,'0000-00-00','0000-00-00','0000-00-00',0,0,0,0,0,0,NULL),(46,18,'712','PUK CHEESE ','2017-10-06',1,920,920,920,1,1,'','','','','','',0,0,0,0,0,0,'0000-00-00','0000-00-00','0000-00-00',0,0,0,0,0,0,NULL),(47,19,'OB','Opening Balance Equity','2017-10-05',1,157188,157188,0,1,1,'','','','','','',0,0,0,0,0,0,'0000-00-00','0000-00-00','0000-00-00',0,0,0,0,0,0,NULL),(48,20,'OB','Opening Balance Equity','2017-10-05',1,20190,20190,0,1,1,'','','','','','',0,0,0,0,0,0,'0000-00-00','0000-00-00','0000-00-00',0,0,0,0,0,0,NULL),(49,21,'OB','Opening Balance Equity','2017-10-07',1,39720,39720,0,1,1,'','','','','','',0,0,0,0,0,0,'0000-00-00','0000-00-00','0000-00-00',0,0,0,0,0,0,NULL),(50,22,'OB','Opening Balance Equity','2017-10-07',1,20944,20944,0,1,1,'','','','','','',0,0,0,0,0,0,'0000-00-00','0000-00-00','0000-00-00',0,0,0,0,0,0,NULL),(51,23,'861','TOMATO PUREE KNORR 900G','2017-10-08',1,310,310,310,1,1,'','','','','','',0,0,0,0,0,0,'0000-00-00','0000-00-00','0000-00-00',0,0,0,0,0,0,NULL),(52,23,'862','ITALIAN TOMATO BASE KNORR 750G','2017-10-08',1,264,264,264,1,1,'','','','','','',0,0,0,0,0,0,'0000-00-00','0000-00-00','0000-00-00',0,0,0,0,0,0,NULL),(53,23,'290','BBQ SAUCE 900 GMS (KNORR)','2017-10-08',6,416,416,416,6,6,'','','','','','',0,0,0,0,0,0,'0000-00-00','0000-00-00','0000-00-00',0,0,0,0,0,0,NULL),(54,23,'396','RED WINE VINEGAR 500ML ','2017-10-08',6,210,210,341.81818181818,6,6,'','','','','','',0,0,0,0,0,0,'0000-00-00','0000-00-00','0000-00-00',0,0,0,0,0,0,NULL),(55,23,'863','LEMON JUICE AMERICAN GARDEN 946ML ','2017-10-08',6,385,385,385,6,6,'','','','','','',0,0,0,0,0,0,'0000-00-00','0000-00-00','0000-00-00',0,0,0,0,0,0,NULL),(56,23,'279','CHILLI GARLIC (KNORR) 4kg ','2017-10-08',3,910,910,910,3,3,'','','','','','',0,0,0,0,0,0,'0000-00-00','0000-00-00','0000-00-00',0,0,0,0,0,0,NULL),(57,23,'870','MAYONNAISE REAL 4KG ','2017-10-08',3,1430,1430,1430,3,3,'','','','','','',0,0,0,0,0,0,'0000-00-00','0000-00-00','0000-00-00',0,0,0,0,0,0,NULL),(58,23,'865','TOMATO KETCHUP (KNORR) 4kg ','2017-10-08',3,835,835,835,3,3,'','','','','','',0,0,0,0,0,0,'0000-00-00','0000-00-00','0000-00-00',0,0,0,0,0,0,NULL),(59,23,'284','SASAME OIL (HEINZ) 500ML','2017-10-08',2,550,550,550,2,2,'','','','','','',0,0,0,0,0,0,'0000-00-00','0000-00-00','0000-00-00',0,0,0,0,0,0,NULL),(60,23,'866','WORCESTER SHIRE SAUCE 295ML ','2017-10-08',6,245,245,245,6,6,'','','','','','',0,0,0,0,0,0,'0000-00-00','0000-00-00','0000-00-00',0,0,0,0,0,0,NULL),(61,23,'302','MAMASITTA OYSTER SAUCE 4.5 KG','2017-10-08',4,2350,2350,2371.4285714286,4,4,'','','','','','',0,0,0,0,0,0,'0000-00-00','0000-00-00','0000-00-00',0,0,0,0,0,0,NULL),(62,23,'274','SAMBAL OELEK CHILLI 250G YEOS','2017-10-08',3,350,350,292.85714285714,3,3,'','','','','','',0,0,0,0,0,0,'0000-00-00','0000-00-00','0000-00-00',0,0,0,0,0,0,NULL),(63,23,'382','HP SAUCE 255 GRAMS ','2017-10-08',12,195,195,221.30434782609,12,12,'','','','','','',0,0,0,0,0,0,'0000-00-00','0000-00-00','0000-00-00',0,0,0,0,0,0,NULL),(64,23,'867','MUSTARD YELLOW FRENCHS 2.98 KG ','2017-10-08',2,1400,1400,1400,2,2,'','','','','','',0,0,0,0,0,0,'0000-00-00','0000-00-00','0000-00-00',0,0,0,0,0,0,NULL),(65,23,'868','FRY ALL 16 LITER DALDA ','2017-10-08',5,2970,2970,2970,5,5,'','','','','','',0,0,0,0,0,0,'0000-00-00','0000-00-00','0000-00-00',0,0,0,0,0,0,NULL),(66,23,'800','KNOOR CHICKEN POWDER','2017-10-08',24,491.91,491.91,491.91,24,24,'','','','','','',0,0,0,0,0,0,'0000-00-00','0000-00-00','0000-00-00',0,0,0,0,0,0,NULL),(67,23,'293','VINEGAR WHITE SHEZAN 3.85 LITER ','2017-10-08',4,265,265,265,4,4,'','','','','','',0,0,0,0,0,0,'0000-00-00','0000-00-00','0000-00-00',0,0,0,0,0,0,NULL),(68,23,'795','PEEL TOMATO TIN PACK ','2017-10-08',6,110,110,166,6,6,'','','','','','',0,0,0,0,0,0,'0000-00-00','0000-00-00','0000-00-00',0,0,0,0,0,0,NULL),(69,23,'869','MUSHROOM SLICED TIN 3KG  ','2017-10-08',6,670,670,670,6,6,'','','','','','',0,0,0,0,0,0,'0000-00-00','0000-00-00','0000-00-00',0,0,0,0,0,0,NULL),(70,23,'362','MELAPINE PINEAPPLE SLICE 3KG ','2017-10-08',3,575,575,631.25,3,3,'','','','','','',0,0,0,0,0,0,'0000-00-00','0000-00-00','0000-00-00',0,0,0,0,0,0,NULL),(71,23,'308','BREAD CRUMBS 1KG ','2017-10-08',6,350,350,320,6,6,'','','','','','',0,0,0,0,0,0,'0000-00-00','0000-00-00','0000-00-00',0,0,0,0,0,0,NULL),(72,23,'321','CHICKEN SOUP CUBE KNORR 1KG ','2017-10-08',2,1000,1000,933.33333333333,2,2,'','','','','','',0,0,0,0,0,0,'0000-00-00','0000-00-00','0000-00-00',0,0,0,0,0,0,NULL),(73,23,'372','STRAWBERRY FILLING 595GM ','2017-10-08',4,395,395,392,4,4,'','','','','','',0,0,0,0,0,0,'0000-00-00','0000-00-00','0000-00-00',0,0,0,0,0,0,NULL),(74,23,'373','BLUEBERRY FILLING 595GM ','2017-10-08',4,395,395,395,4,4,'','','','','','',0,0,0,0,0,0,'0000-00-00','0000-00-00','0000-00-00',0,0,0,0,0,0,NULL),(75,23,'794','KNOOR LIME SEASONING POWDER 400G','2017-10-08',6,342,342,267.07692307692,6,6,'','','','','','',0,0,0,0,0,0,'0000-00-00','0000-00-00','0000-00-00',0,0,0,0,0,0,NULL),(76,23,'292','WHITE GRAPE VINEGAR 500ML','2017-10-08',3,275,275,275,3,3,'','','','','','',0,0,0,0,0,0,'0000-00-00','0000-00-00','0000-00-00',0,0,0,0,0,0,NULL),(77,24,'301','EGGS','2017-10-08',7.5,100,100,100,7.5,7.5,'','','','','','',0,0,0,0,0,0,'0000-00-00','0000-00-00','0000-00-00',0,0,0,0,0,0,NULL),(78,24,'230','CORN FLOUR LOSSE ','2017-10-08',5,70,70,70,5,5,'','','','','','',0,0,0,0,0,0,'0000-00-00','0000-00-00','0000-00-00',0,0,0,0,0,0,NULL),(79,25,'271','LEMON JUICE (MITCHELS)','2017-10-07',2,135,135,135,2,2,'','','','','','',0,0,0,0,0,0,'0000-00-00','0000-00-00','0000-00-00',0,0,0,0,0,0,NULL),(80,25,'303','RICE ZARAFA 2 YEARS OLD','2017-10-07',50,170,170,170,50,50,'','','','','','',0,0,0,0,0,0,'0000-00-00','0000-00-00','0000-00-00',0,0,0,0,0,0,NULL),(81,25,'203','PREMA MILK ','2017-10-07',4,135,135,135,4,4,'','','','','','',0,0,0,0,0,0,'0000-00-00','0000-00-00','0000-00-00',0,0,0,0,0,0,NULL),(82,25,'875','BODY SPRAY','2017-10-07',2,250,250,250,2,2,'','','','','','',0,0,0,0,0,0,'0000-00-00','0000-00-00','0000-00-00',0,0,0,0,0,0,NULL),(83,25,'874','BETTERY CELL(AA)','2017-10-07',4,15,15,15,4,4,'','','','','','',0,0,0,0,0,0,'0000-00-00','0000-00-00','0000-00-00',0,0,0,0,0,0,NULL),(84,25,'301','EGGS','2017-10-07',7.5,100,100,100,7.5,7.5,'','','','','','',0,0,0,0,0,0,'0000-00-00','0000-00-00','0000-00-00',0,0,0,0,0,0,NULL),(85,25,'876','OREO BISCUIT(HALF ROLL) BOX','2017-10-07',2,120,120,120,2,2,'','','','','','',0,0,0,0,0,0,'0000-00-00','0000-00-00','0000-00-00',0,0,0,0,0,0,NULL),(86,25,'265','SUGAR','2017-10-07',5,60,60,60,5,5,'','','','','','',0,0,0,0,0,0,'0000-00-00','0000-00-00','0000-00-00',0,0,0,0,0,0,NULL),(87,26,'877','ICE CUBE(10KG BAG)','2017-10-06',2,300,300,300,2,2,'','','','','','',0,0,0,0,0,0,'0000-00-00','0000-00-00','0000-00-00',0,0,0,0,0,0,NULL),(88,27,'877','ICE CUBE(10KG BAG)','2017-10-09',5,300,300,300,5,5,'','','','','','',0,0,0,0,0,0,'0000-00-00','0000-00-00','0000-00-00',0,0,0,0,0,0,NULL),(89,28,'877','ICE CUBE(10KG BAG)','2017-10-07',2,600,600,366.66666666667,2,2,'','','','','','',0,0,0,0,0,0,'0000-00-00','0000-00-00','0000-00-00',0,0,0,0,0,0,NULL),(90,29,'350','FRENCH FRIES Mccain 2.5kg ','2017-10-08',5,650,650,716.66666666667,5,5,'','','','','','',0,0,0,0,0,0,'0000-00-00','0000-00-00','0000-00-00',0,0,0,0,0,0,NULL),(91,30,'230','CORN FLOUR LOSSE ','2017-10-09',10,110,110,96.666666666667,10,10,'','','','','','',0,0,0,0,0,0,'0000-00-00','0000-00-00','0000-00-00',0,0,0,0,0,0,NULL),(92,30,'301','EGGS','2017-10-09',12.5,100,100,100,12.5,12.5,'','','','','','',0,0,0,0,0,0,'0000-00-00','0000-00-00','0000-00-00',0,0,0,0,0,0,NULL),(93,30,'265','SUGAR','2017-10-09',10,60,60,60,10,10,'','','','','','',0,0,0,0,0,0,'0000-00-00','0000-00-00','0000-00-00',0,0,0,0,0,0,NULL),(94,30,'204','MILK PACK MILK 1 LTTER ','2017-10-09',24,130,130,127.55102040816,24,24,'','','','','','',0,0,0,0,0,0,'0000-00-00','0000-00-00','0000-00-00',0,0,0,0,0,0,NULL),(95,30,'203','PREMA MILK ','2017-10-09',6,135,135,135,6,6,'','','','','','',0,0,0,0,0,0,'0000-00-00','0000-00-00','0000-00-00',0,0,0,0,0,0,NULL),(96,31,'201','FRESH CREAM','2017-10-06',20,280,280,280,20,20,'','','','','','',0,0,0,0,0,0,'0000-00-00','0000-00-00','0000-00-00',0,0,0,0,0,0,NULL),(97,32,'201','FRESH CREAM','2017-10-09',1,280,280,280,1,1,'','','','','','',0,0,0,0,0,0,'0000-00-00','0000-00-00','0000-00-00',0,0,0,0,0,0,NULL),(98,33,'402','CARROTS','2017-10-07',5,80,80,80,5,5,'','','','','','',0,0,0,0,0,0,'0000-00-00','0000-00-00','0000-00-00',0,0,0,0,0,0,NULL),(99,33,'409','BROCCOLI','2017-10-07',1,500,500,500,1,1,'','','','','','',0,0,0,0,0,0,'0000-00-00','0000-00-00','0000-00-00',0,0,0,0,0,0,NULL),(100,33,'411','GREEN CAPSICUM','2017-10-07',4,120,120,120,4,4,'','','','','','',0,0,0,0,0,0,'0000-00-00','0000-00-00','0000-00-00',0,0,0,0,0,0,NULL),(101,33,'406','ZUCCHINI','2017-10-07',3,80,80,80,3,3,'','','','','','',0,0,0,0,0,0,'0000-00-00','0000-00-00','0000-00-00',0,0,0,0,0,0,NULL),(102,33,'739','PARSLEY','2017-10-07',0.5,1400,1400,1400,0.5,0.5,'','','','','','',0,0,0,0,0,0,'0000-00-00','0000-00-00','0000-00-00',0,0,0,0,0,0,NULL),(103,33,'738','FRESH BASIL','2017-10-07',0.5,400,400,400,0.5,0.5,'','','','','','',0,0,0,0,0,0,'0000-00-00','0000-00-00','0000-00-00',0,0,0,0,0,0,NULL),(104,34,'407','POTATOES','2017-10-07',4,40,40,40,4,4,'','','','','','',0,0,0,0,0,0,'0000-00-00','0000-00-00','0000-00-00',0,0,0,0,0,0,NULL),(105,34,'740','TOMATOES','2017-10-07',1,240,240,240,1,1,'','','','','','',0,0,0,0,0,0,'0000-00-00','0000-00-00','0000-00-00',0,0,0,0,0,0,NULL),(106,34,'418','GREEN CHILLI','2017-10-07',0.25,100,100,100,0.25,0.25,'','','','','','',0,0,0,0,0,0,'0000-00-00','0000-00-00','0000-00-00',0,0,0,0,0,0,NULL),(107,34,'401','ONION','2017-10-07',3,80,80,80,3,3,'','','','','','',0,0,0,0,0,0,'0000-00-00','0000-00-00','0000-00-00',0,0,0,0,0,0,NULL),(108,34,'1741','SPINECH(PALIK)','2017-10-07',8,35,35,35,8,8,'','','','','','',0,0,0,0,0,0,'0000-00-00','0000-00-00','0000-00-00',0,0,0,0,0,0,NULL),(109,35,'417','GINGER','2017-10-08',0.25,200,200,200,0.25,0.25,'','','','','','',0,0,0,0,0,0,'0000-00-00','0000-00-00','0000-00-00',0,0,0,0,0,0,NULL),(110,35,'1100','LEMON FRESH ','2017-10-08',1,200,200,200,1,1,'','','','','','',0,0,0,0,0,0,'0000-00-00','0000-00-00','0000-00-00',0,0,0,0,0,0,NULL),(111,36,'401','ONION','2017-10-08',2,85,85,82,2,2,'','','','','','',0,0,0,0,0,0,'0000-00-00','0000-00-00','0000-00-00',0,0,0,0,0,0,NULL),(112,36,'740','TOMATOES','2017-10-08',1,140,140,190,1,1,'','','','','','',0,0,0,0,0,0,'0000-00-00','0000-00-00','0000-00-00',0,0,0,0,0,0,NULL),(113,36,'418','GREEN CHILLI','2017-10-08',0.25,100,100,100,0.25,0.25,'','','','','','',0,0,0,0,0,0,'0000-00-00','0000-00-00','0000-00-00',0,0,0,0,0,0,NULL),(114,37,'271','LEMON JUICE (MITCHELS)','2017-10-06',3,125,125,129,3,3,'','','','','','',0,0,0,0,0,0,'0000-00-00','0000-00-00','0000-00-00',0,0,0,0,0,0,NULL),(115,37,'878','STRAWBERRY TOPPING SUNDAE 3.6 KG SALMAN  ','2017-10-06',1,850,850,850,1,1,'','','','','','',0,0,0,0,0,0,'0000-00-00','0000-00-00','0000-00-00',0,0,0,0,0,0,NULL),(120,39,'822','AQUA FINA WATER 500ML ','2017-10-06',180,21.22,21.22,21.76875,180,180,'','','','','','',0,0,0,0,0,0,'0000-00-00','0000-00-00','0000-00-00',0,0,0,0,0,0,NULL),(121,40,'879','SHOE POLISH ','2017-10-09',1,40,40,40,1,1,'','','','','','',0,0,0,0,0,0,'0000-00-00','0000-00-00','0000-00-00',0,0,0,0,0,0,NULL),(122,40,'710','STRAW','2017-10-09',4,35,35,34,4,4,'','','','','','',0,0,0,0,0,0,'0000-00-00','0000-00-00','0000-00-00',0,0,0,0,0,0,NULL),(123,40,'281','ICEING SUGAR','2017-10-09',4,45,45,125,4,4,'','','','','','',0,0,0,0,0,0,'0000-00-00','0000-00-00','0000-00-00',0,0,0,0,0,0,NULL),(124,40,'799','CHOCOLATE CHIP','2017-10-09',1,280,280,280,1,1,'','','','','','',0,0,0,0,0,0,'0000-00-00','0000-00-00','0000-00-00',0,0,0,0,0,0,NULL),(125,40,'233','MILK PACK CREAM 200ML ','2017-10-09',24,93.75,93.75,93.85750000002,24,24,'','','','','','',0,0,0,0,0,0,'0000-00-00','0000-00-00','0000-00-00',0,0,0,0,0,0,NULL),(126,40,'265','SUGAR','2017-10-09',10,60,60,60,10,10,'','','','','','',0,0,0,0,0,0,'0000-00-00','0000-00-00','0000-00-00',0,0,0,0,0,0,NULL),(127,40,'880','WOOD POLISH ','2017-10-09',2,195,195,195,2,2,'','','','','','',0,0,0,0,0,0,'0000-00-00','0000-00-00','0000-00-00',0,0,0,0,0,0,NULL),(128,41,'801','COKE 300 ML CAN','2017-10-07',180,44.58,44.58,45.089473684211,180,180,'','','','','','',0,0,0,0,0,0,'0000-00-00','0000-00-00','0000-00-00',0,0,0,0,0,0,NULL),(129,41,'805','SPRITE 300ML CAN','2017-10-07',180,44.58,44.58,44.58,180,180,'','','','','','',0,0,0,0,0,0,'0000-00-00','0000-00-00','0000-00-00',0,0,0,0,0,0,NULL),(130,41,'809','COKE DIET 250 ML CAN','2017-10-07',24,31,31,31,24,24,'','','','','','',0,0,0,0,0,0,'0000-00-00','0000-00-00','0000-00-00',0,0,0,0,0,0,NULL),(131,41,'824','KINLEY MINRAL WATER ','2017-10-07',60,18.33,18.33,18.33,60,60,'','','','','','',0,0,0,0,0,0,'0000-00-00','0000-00-00','0000-00-00',0,0,0,0,0,0,NULL),(132,42,'230','CORN FLOUR LOSSE ','2017-10-09',6,69,69,80.066666666667,6,6,'','','','','','',0,0,0,0,0,0,'0000-00-00','0000-00-00','0000-00-00',0,0,0,0,0,0,NULL),(133,43,'204','MILK PACK MILK 1 LTTER ','2017-10-09',2,260,260,134.17346938775,2,2,'','','','','','',0,0,0,0,0,0,'0000-00-00','0000-00-00','0000-00-00',0,0,0,0,0,0,NULL),(134,43,'203','PREMA MILK ','2017-10-09',2,130,130,133.75,2,2,'','','','','','',0,0,0,0,0,0,'0000-00-00','0000-00-00','0000-00-00',0,0,0,0,0,0,NULL),(135,44,'208','CAKE BASE','2017-10-07',20,10,10,10,20,20,'','','','','','',0,0,0,0,0,0,'0000-00-00','0000-00-00','0000-00-00',0,0,0,0,0,0,NULL),(136,45,'369','STRAWBERRY IN SYRUP 425GM ','2017-10-10',3,310,310,310,3,3,'','','','','','',0,0,0,0,0,0,'0000-00-00','0000-00-00','0000-00-00',0,0,0,0,0,0,NULL),(137,45,'210','PARMESAN CHEESE','2017-10-10',2,2150,2150,2150,2,2,'','','','','','',0,0,0,0,0,0,'0000-00-00','0000-00-00','0000-00-00',0,0,0,0,0,0,NULL),(138,45,'856','CHEESE CHADDER 2KG BLOCK ','2017-10-10',2,1340,1340,1340,2,2,'','','','','','',0,0,0,0,0,0,'0000-00-00','0000-00-00','0000-00-00',0,0,0,0,0,0,NULL),(139,45,'233','MILK PACK CREAM 200ML ','2017-10-10',2,2230,2230,203.40326923079,2,2,'','','','','','',0,0,0,0,0,0,'0000-00-00','0000-00-00','0000-00-00',0,0,0,0,0,0,NULL),(140,45,'322','DAMI GLASS BASE','2017-10-10',1,880,880,880,1,1,'','','','','','',0,0,0,0,0,0,'0000-00-00','0000-00-00','0000-00-00',0,0,0,0,0,0,NULL),(141,45,'300','GREEN OLIVES','2017-10-10',1,820,820,820,1,1,'','','','','','',0,0,0,0,0,0,'0000-00-00','0000-00-00','0000-00-00',0,0,0,0,0,0,NULL),(142,45,'732','OREGANO DRY','2017-10-10',3,370,370,370,3,3,'','','','','','',0,0,0,0,0,0,'0000-00-00','0000-00-00','0000-00-00',0,0,0,0,0,0,NULL),(143,45,'313','THYME','2017-10-10',3,470,470,470,3,3,'','','','','','',0,0,0,0,0,0,'0000-00-00','0000-00-00','0000-00-00',0,0,0,0,0,0,NULL),(144,45,'301','EGGS','2017-10-10',15,105,105,102.72727272727,15,15,'','','','','','',0,0,0,0,0,0,'0000-00-00','0000-00-00','0000-00-00',0,0,0,0,0,0,NULL),(145,45,'706','SHOPPING BAG PLASTIC ','2017-10-10',1,230,230,230,1,1,'','','','','','',0,0,0,0,0,0,'0000-00-00','0000-00-00','0000-00-00',0,0,0,0,0,0,NULL),(146,45,'712','PUK CHEESE ','2017-10-10',1,910,910,915,1,1,'','','','','','',0,0,0,0,0,0,'0000-00-00','0000-00-00','0000-00-00',0,0,0,0,0,0,NULL),(147,45,'799','CHOCOLATE CHIP','2017-10-10',3,280,280,280,3,3,'','','','','','',0,0,0,0,0,0,'0000-00-00','0000-00-00','0000-00-00',0,0,0,0,0,0,NULL),(148,45,'612','GLINT GLASS CLEANER PACK ','2017-10-10',2,180,180,180,2,2,'','','','','','',0,0,0,0,0,0,'0000-00-00','0000-00-00','0000-00-00',0,0,0,0,0,0,NULL),(149,45,'261','MALAYSIA DARK CHOCOLATE ','2017-10-10',3,650,650,650,3,3,'','','','','','',0,0,0,0,0,0,'0000-00-00','0000-00-00','0000-00-00',0,0,0,0,0,0,NULL),(150,45,'619','LEMON MAX LIQUID','2017-10-10',1,120,120,120,1,1,'','','','','','',0,0,0,0,0,0,'0000-00-00','0000-00-00','0000-00-00',0,0,0,0,0,0,NULL),(151,45,'881','BLACK OLIVES','2017-10-10',1,780,780,780,1,1,'','','','','','',0,0,0,0,0,0,'0000-00-00','0000-00-00','0000-00-00',0,0,0,0,0,0,NULL),(152,45,'204','MILK PACK MILK 1 LTTER ','2017-10-10',12,120,120,130.90266875981,12,12,'','','','','','',0,0,0,0,0,0,'0000-00-00','0000-00-00','0000-00-00',0,0,0,0,0,0,NULL),(153,45,'710','STRAW','2017-10-10',4,60,60,45.555555555556,4,4,'','','','','','',0,0,0,0,0,0,'0000-00-00','0000-00-00','0000-00-00',0,0,0,0,0,0,NULL),(154,46,'407','POTATOES','2017-10-09',0,45,45,43.571428571429,10,10,'','','','','','',0,0,0,0,0,0,'0000-00-00','0000-00-00','0000-00-00',0,0,0,0,0,0,NULL),(155,46,'401','ONION','2017-10-09',0,85,85,84,6,6,'','','','','','',0,0,0,0,0,0,'0000-00-00','0000-00-00','0000-00-00',0,0,0,0,0,0,NULL),(156,46,'404','GREEN ONION','2017-10-09',0,200,200,224.35897435897,2,2,'','','','','','',0,0,0,0,0,0,'0000-00-00','0000-00-00','0000-00-00',0,0,0,0,0,0,NULL),(157,46,'402','CARROTS','2017-10-09',0,90,90,86.153846153846,8,8,'','','','','','',0,0,0,0,0,0,'0000-00-00','0000-00-00','0000-00-00',0,0,0,0,0,0,NULL),(158,46,'417','GINGER','2017-10-09',0,200,200,200,0.5,0.5,'','','','','','',0,0,0,0,0,0,'0000-00-00','0000-00-00','0000-00-00',0,0,0,0,0,0,NULL),(159,46,'409','BROCCOLI','2017-10-09',0,450,450,466.66666666667,2,2,'','','','','','',0,0,0,0,0,0,'0000-00-00','0000-00-00','0000-00-00',0,0,0,0,0,0,NULL),(160,46,'411','GREEN CAPSICUM','2017-10-09',0,140,140,130,4,4,'','','','','','',0,0,0,0,0,0,'0000-00-00','0000-00-00','0000-00-00',0,0,0,0,0,0,NULL),(161,46,'403','CABBAGE','2017-10-09',0,60,60,60,1,1,'','','','','','',0,0,0,0,0,0,'0000-00-00','0000-00-00','0000-00-00',0,0,0,0,0,0,NULL),(162,46,'406','ZUCCHINI','2017-10-09',0,80,80,80,4,4,'','','','','','',0,0,0,0,0,0,'0000-00-00','0000-00-00','0000-00-00',0,0,0,0,0,0,NULL),(163,47,'407','POTATOES','2017-10-09',10,45,45,44.166666666667,10,10,'','','','','','',0,0,0,0,0,0,'0000-00-00','0000-00-00','0000-00-00',0,0,0,0,0,0,NULL),(164,47,'401','ONION','2017-10-09',6,85,85,84.4,6,6,'','','','','','',0,0,0,0,0,0,'0000-00-00','0000-00-00','0000-00-00',0,0,0,0,0,0,NULL),(165,47,'404','GREEN ONION','2017-10-09',2,200,200,216.10169491525,2,2,'','','','','','',0,0,0,0,0,0,'0000-00-00','0000-00-00','0000-00-00',0,0,0,0,0,0,NULL),(166,47,'403','CABBAGE','2017-10-09',1,60,60,60,1,1,'','','','','','',0,0,0,0,0,0,'0000-00-00','0000-00-00','0000-00-00',0,0,0,0,0,0,NULL),(167,47,'402','CARROTS','2017-10-09',8,90,90,87.619047619048,8,8,'','','','','','',0,0,0,0,0,0,'0000-00-00','0000-00-00','0000-00-00',0,0,0,0,0,0,NULL),(168,47,'417','GINGER','2017-10-09',0.5,200,200,200,0.5,0.5,'','','','','','',0,0,0,0,0,0,'0000-00-00','0000-00-00','0000-00-00',0,0,0,0,0,0,NULL),(169,47,'409','BROCCOLI','2017-10-09',2,450,450,460,2,2,'','','','','','',0,0,0,0,0,0,'0000-00-00','0000-00-00','0000-00-00',0,0,0,0,0,0,NULL),(170,47,'406','ZUCCHINI','2017-10-09',4,80,80,80,4,4,'','','','','','',0,0,0,0,0,0,'0000-00-00','0000-00-00','0000-00-00',0,0,0,0,0,0,NULL),(171,47,'411','GREEN CAPSICUM','2017-10-09',4,140,140,133.33333333333,4,4,'','','','','','',0,0,0,0,0,0,'0000-00-00','0000-00-00','0000-00-00',0,0,0,0,0,0,NULL),(172,48,'407','POTATOES','2017-10-10',10,45,45,44.513888888889,10,10,'','','','','','',0,0,0,0,0,0,'0000-00-00','0000-00-00','0000-00-00',0,0,0,0,0,0,NULL),(173,48,'401','ONION','2017-10-10',6,85,85,84.6,6,6,'','','','','','',0,0,0,0,0,0,'0000-00-00','0000-00-00','0000-00-00',0,0,0,0,0,0,NULL),(174,48,'404','GREEN ONION','2017-10-10',2,200,200,210.64349324906,2,2,'','','','','','',0,0,0,0,0,0,'0000-00-00','0000-00-00','0000-00-00',0,0,0,0,0,0,NULL),(175,48,'403','CABBAGE','2017-10-10',0.5,60,60,60,0.5,0.5,'','','','','','',0,0,0,0,0,0,'0000-00-00','0000-00-00','0000-00-00',0,0,0,0,0,0,NULL),(176,48,'402','CARROTS','2017-10-10',7,85,85,86.964285714286,7,7,'','','','','','',0,0,0,0,0,0,'0000-00-00','0000-00-00','0000-00-00',0,0,0,0,0,0,NULL),(177,48,'740','TOMATOES','2017-10-10',1,120,120,120,1,1,'','','','','','',0,0,0,0,0,0,'0000-00-00','0000-00-00','0000-00-00',0,0,0,0,0,0,NULL),(178,48,'418','GREEN CHILLI','2017-10-10',0.5,90,90,93.333333333333,0.5,0.5,'','','','','','',0,0,0,0,0,0,'0000-00-00','0000-00-00','0000-00-00',0,0,0,0,0,0,NULL),(179,48,'1100','LEMON FRESH ','2017-10-10',1,200,200,200,1,1,'','','','','','',0,0,0,0,0,0,'0000-00-00','0000-00-00','0000-00-00',0,0,0,0,0,0,NULL),(180,48,'409','BROCCOLI','2017-10-10',1,450,450,456.66666666667,1,1,'','','','','','',0,0,0,0,0,0,'0000-00-00','0000-00-00','0000-00-00',0,0,0,0,0,0,NULL),(181,48,'408','ICEBERG LETTUCE','2017-10-10',1,150,150,150,1,1,'','','','','','',0,0,0,0,0,0,'0000-00-00','0000-00-00','0000-00-00',0,0,0,0,0,0,NULL),(182,48,'411','GREEN CAPSICUM','2017-10-10',4,130,130,132.22222222222,4,4,'','','','','','',0,0,0,0,0,0,'0000-00-00','0000-00-00','0000-00-00',0,0,0,0,0,0,NULL),(183,48,'406','ZUCCHINI','2017-10-10',4,80,80,80,4,4,'','','','','','',0,0,0,0,0,0,'0000-00-00','0000-00-00','0000-00-00',0,0,0,0,0,0,NULL),(184,48,'414','FRESH MINT','2017-10-10',6,9,9,9,6,6,'','','','','','',0,0,0,0,0,0,'0000-00-00','0000-00-00','0000-00-00',0,0,0,0,0,0,NULL),(185,48,'738','FRESH BASIL','2017-10-10',0.1,800,800,466.66666666667,0.1,0.1,'','','','','','',0,0,0,0,0,0,'0000-00-00','0000-00-00','0000-00-00',0,0,0,0,0,0,NULL),(186,48,'739','PARSLEY','2017-10-10',0.2,1500,1500,1440,0.2,0.2,'','','','','','',0,0,0,0,0,0,'0000-00-00','0000-00-00','0000-00-00',0,0,0,0,0,0,NULL),(187,49,'301','EGGS','2017-10-11',15,322,322,196.7012987013,15,15,'','','','','','',0,0,0,0,0,0,'0000-00-00','0000-00-00','0000-00-00',0,0,0,0,0,0,NULL),(188,49,'712','PUK CHEESE ','2017-10-11',2,670,670,792.5,2,2,'','','','','','',0,0,0,0,0,0,'0000-00-00','0000-00-00','0000-00-00',0,0,0,0,0,0,NULL),(189,49,'101','CHICKEN FILLET 110 TO 120 GMS K&amp;N&#039;S','2017-10-11',25.35,240,240,320.49079754601,25.35,25.35,'','','','','','',0,0,0,0,0,0,'0000-00-00','0000-00-00','0000-00-00',0,0,0,0,0,0,NULL),(190,49,'001','BEEF TENDERLOIN WITHOUT HEAD','2017-10-11',18,1258.33,1258.33,1258.33,18,18,'','','','','','',0,0,0,0,0,0,'0000-00-00','0000-00-00','0000-00-00',0,0,0,0,0,0,NULL),(191,49,'249','ALMOND ','2017-10-11',1,911.14,911.14,1169.1797752809,1,1,'','','','','','',0,0,0,0,0,0,'0000-00-00','0000-00-00','0000-00-00',0,0,0,0,0,0,NULL),(192,49,'300','GREEN OLIVES','2017-10-11',1,725.64,725.64,772.82,1,1,'','','','','','',0,0,0,0,0,0,'0000-00-00','0000-00-00','0000-00-00',0,0,0,0,0,0,NULL),(193,49,'881','BLACK OLIVES','2017-10-11',1,641,641,710.5,1,1,'','','','','','',0,0,0,0,0,0,'0000-00-00','0000-00-00','0000-00-00',0,0,0,0,0,0,NULL),(194,49,'371','SUFI COOKING OIL 1 LITER ','2017-10-11',25,146,146,156.76923076923,25,25,'','','','','','',0,0,0,0,0,0,'0000-00-00','0000-00-00','0000-00-00',0,0,0,0,0,0,NULL),(195,49,'265','SUGAR','2017-10-11',50,59.26,59.26,59.44776119403,50,50,'','','','','','',0,0,0,0,0,0,'0000-00-00','0000-00-00','0000-00-00',0,0,0,0,0,0,NULL),(196,49,'306','FETTUCCINE PASTA','2017-10-11',5,192.31,192.31,220.25833333333,5,5,'','','','','','',0,0,0,0,0,0,'0000-00-00','0000-00-00','0000-00-00',0,0,0,0,0,0,NULL),(197,49,'230','CORN FLOUR LOSSE ','2017-10-11',10,159.3,159.3,124.08518518519,10,10,'','','','','','',0,0,0,0,0,0,'0000-00-00','0000-00-00','0000-00-00',0,0,0,0,0,0,NULL),(198,49,'821','NESTLE PINEAPPLE JUICE 1 LTR','2017-10-11',48,22.97,22.97,25.460408163265,48,48,'','','','','','',0,0,0,0,0,0,'0000-00-00','0000-00-00','0000-00-00',0,0,0,0,0,0,NULL),(199,49,'801','COKE 300 ML CAN','2017-10-11',180,40.6,40.6,42.395789473684,180,180,'','','','','','',0,0,0,0,0,0,'0000-00-00','0000-00-00','0000-00-00',0,0,0,0,0,0,NULL),(200,49,'805','SPRITE 300ML CAN','2017-10-11',180,40.6,40.6,41.437894736842,180,180,'','','','','','',0,0,0,0,0,0,'0000-00-00','0000-00-00','0000-00-00',0,0,0,0,0,0,NULL),(201,49,'822','AQUA FINA WATER 500ML ','2017-10-11',216,19.37,19.37,20.419453125,216,216,'','','','','','',0,0,0,0,0,0,'0000-00-00','0000-00-00','0000-00-00',0,0,0,0,0,0,NULL);
/*!40000 ALTER TABLE `0_purch_order_details` ENABLE KEYS */;
UNLOCK TABLES;

--
-- Table structure for table `0_purch_orders`
--

DROP TABLE IF EXISTS `0_purch_orders`;
/*!40101 SET @saved_cs_client     = @@character_set_client */;
/*!40101 SET character_set_client = utf8 */;
CREATE TABLE `0_purch_orders` (
  `order_no` int(11) NOT NULL AUTO_INCREMENT,
  `supplier_id` int(11) NOT NULL DEFAULT '0',
  `comments` tinytext COLLATE utf8_unicode_ci,
  `ord_date` date NOT NULL DEFAULT '0000-00-00',
  `reference` tinytext COLLATE utf8_unicode_ci NOT NULL,
  `requisition_no` tinytext COLLATE utf8_unicode_ci,
  `into_stock_location` varchar(5) COLLATE utf8_unicode_ci NOT NULL DEFAULT '',
  `delivery_address` tinytext COLLATE utf8_unicode_ci NOT NULL,
  `total` double NOT NULL DEFAULT '0',
  `prep_amount` double NOT NULL DEFAULT '0',
  `alloc` double NOT NULL DEFAULT '0',
  `tax_included` tinyint(1) NOT NULL DEFAULT '0',
  `pr` varchar(60) COLLATE utf8_unicode_ci NOT NULL,
  `payments` int(11) NOT NULL,
  `delivery_term` varchar(50) COLLATE utf8_unicode_ci NOT NULL,
  `sales_tax` varchar(50) COLLATE utf8_unicode_ci NOT NULL,
  `h_text1` varchar(30) COLLATE utf8_unicode_ci NOT NULL,
  `h_text2` varchar(30) COLLATE utf8_unicode_ci NOT NULL,
  `h_text3` varchar(30) COLLATE utf8_unicode_ci NOT NULL,
  `h_comb1` varchar(30) COLLATE utf8_unicode_ci NOT NULL,
  `h_comb2` varchar(30) COLLATE utf8_unicode_ci NOT NULL,
  `h_comb3` varchar(30) COLLATE utf8_unicode_ci NOT NULL,
  `Comments1` text COLLATE utf8_unicode_ci NOT NULL,
  `Comments2` text COLLATE utf8_unicode_ci NOT NULL,
  `Comments3` text COLLATE utf8_unicode_ci NOT NULL,
  `Comments4` text COLLATE utf8_unicode_ci NOT NULL,
  `Comments5` text COLLATE utf8_unicode_ci NOT NULL,
  `Comments6` text COLLATE utf8_unicode_ci,
  `requisition_detail_id` int(11) DEFAULT NULL,
  `op_po` varchar(20) COLLATE utf8_unicode_ci NOT NULL,
  `receive_ref` varchar(20) COLLATE utf8_unicode_ci NOT NULL,
  PRIMARY KEY (`order_no`),
  KEY `ord_date` (`ord_date`)
) ENGINE=InnoDB DEFAULT CHARSET=utf8 COLLATE=utf8_unicode_ci;
/*!40101 SET character_set_client = @saved_cs_client */;

--
-- Dumping data for table `0_purch_orders`
--

LOCK TABLES `0_purch_orders` WRITE;
/*!40000 ALTER TABLE `0_purch_orders` DISABLE KEYS */;
INSERT INTO `0_purch_orders` VALUES (1,1,'','2017-10-05','auto','7953','001','',36979,0,0,0,'',5,'','','','','','','','','','','','','',NULL,NULL,'',''),(2,1,'','2017-10-06','PO001/10/2017','','001','ALI TRADE CENTRE BASEMENT',14592.6,0,0,0,'',5,'','','','','','','','','','','','','',NULL,NULL,'',''),(3,8,'','2017-10-06','PO002/10/2017','','001','STORE BASEMENT ALI TRADE CENTER',3000,0,0,0,'',5,'','','','','','','','','','','','','',NULL,NULL,'',''),(6,15,'','2017-10-07','PO004/10/2017','','001','BASMENT ',13185.4,0,0,0,'',5,'','','','','','','','','','','','','',NULL,NULL,'',''),(7,16,'','2017-10-05','auto','05-10-2017','DEF','N/A',0,0,0,0,'',5,'','','','','','','','','','','','','',NULL,NULL,'',''),(8,17,'','2017-10-05','auto','05-10-17','DEF','N/A',22652,0,0,0,'',5,'','','','','','','','','','','','','',NULL,NULL,'',''),(9,7,'','2017-10-05','auto','05-10-17','DEF','N/A',24504.48,0,0,0,'',5,'','','','','','','','','','','','','',NULL,NULL,'',''),(10,14,'','2017-10-05','auto','05-10-2017','DEF','N/A',46472.4,0,0,0,'',5,'','','','','','','','','','','','','',NULL,NULL,'',''),(11,3,'','2017-10-05','auto','05-10-2017','DEF','N/A',73218,0,0,0,'',5,'','','','','','','','','','','','','',NULL,NULL,'',''),(12,2,'','2017-10-05','auto','05-10-2017','DEF','N/A',33851,0,0,0,'',5,'','','','','','','','','','','','','',NULL,NULL,'',''),(13,6,'','2017-10-05','auto','05-10-2017','DEF','N/A',95000,0,0,0,'',5,'','','','','','','','','','','','','',NULL,NULL,'',''),(14,18,'','2017-10-05','auto','05-10-17','DEF','N/A',10800,0,0,0,'',5,'','','','','','','','','','','','','',NULL,NULL,'',''),(15,8,'','2017-10-05','auto','5-10-17','DEF','N/A',43156,0,0,0,'',5,'','','','','','','','','','','','','',NULL,NULL,'',''),(16,19,'','2017-10-05','auto','05-10-2017','DEF','N/A',855,0,0,0,'',5,'','','','','','','','','','','','','',NULL,NULL,'',''),(17,15,'','2017-10-05','auto','05-10-2017','DEF','N/A',29811.6,0,0,0,'',5,'','','','','','','','','','','','','',NULL,NULL,'',''),(18,15,'','2017-10-06','auto','05-10-17','DEF','N/A',6072.3,0,0,0,'',5,'','','','','','','','','','','','','',NULL,NULL,'',''),(19,16,'','2017-10-05','auto','05-10-2017','DEF','N/A',157188,0,0,0,'',5,'','','','','','','','','','','','','',NULL,NULL,'',''),(20,15,'','2017-10-05','auto','05-10-2017','DEF','N/A',20190,0,0,0,'',5,'','','','','','','','','','','','','',NULL,NULL,'',''),(21,14,'','2017-10-07','auto','988','DEF','N/A',39720,0,0,0,'',5,'','','','','','','','','','','','','',NULL,NULL,'',''),(22,7,'','2017-10-07','auto','0005150','DEF','N/A',20944,0,0,0,'',5,'','','','','','','','','','','','','',NULL,NULL,'',''),(23,20,'','2017-10-08','auto','171008-50','001','',78582.84,0,0,0,'',5,'','','','','','','','','','','','','',NULL,NULL,'',''),(24,2,'','2017-10-08','auto','101813','001','',1100,0,0,0,'',3,'','','','','','','','','','','','','',NULL,NULL,'',''),(25,2,'','2017-10-07','auto','101736','001','',11160,0,0,0,'',5,'','','','','','','','','','','','','',NULL,NULL,'',''),(26,18,'','2017-10-06','auto','35053','001','',600,0,0,0,'',5,'','','','','','','','','','','','','',NULL,NULL,'',''),(27,18,'','2017-10-09','auto','34901','001','',1500,0,0,0,'',5,'','','','','','','','','','','','','',NULL,NULL,'',''),(28,18,'','2017-10-07','auto','35066','001','',1200,0,0,0,'',5,'','','','','','','','','','','','','',NULL,NULL,'',''),(29,21,'','2017-10-08','auto','6101','001','',3250,0,0,0,'',5,'','','','','','','','','','','','','',NULL,NULL,'',''),(30,2,'','2017-10-09','auto','101867','001','',6880,0,0,0,'',5,'','','','','','','','','','','','','',NULL,NULL,'',''),(31,14,'','2017-10-06','auto','411','001','',5600,0,0,0,'',5,'','','','','','','','','','','','','',NULL,NULL,'',''),(32,14,'','2017-10-09','auto','405','001','',280,0,0,0,'',5,'','','','','','','','','','','','','',NULL,NULL,'',''),(33,17,'','2017-10-07','auto','A1','001','',2520,0,0,0,'',5,'','','','','','','','','','','','','',NULL,NULL,'',''),(34,17,'','2017-10-07','auto','A2','001','',945,0,0,0,'',5,'','','','','','','','','','','','','',NULL,NULL,'',''),(35,17,'','2017-10-08','auto','A3','001','',250,0,0,0,'',5,'','','','','','','','','','','','','',NULL,NULL,'',''),(36,17,'','2017-10-08','auto','A4','001','',335,0,0,0,'',5,'','','','','','','','','','','','','',NULL,NULL,'',''),(37,12,'','2017-10-06','auto','17015945','001','',1225,0,0,0,'',4,'','','','','','','','','','','','','',NULL,NULL,'',''),(39,23,'','2017-10-06','auto','1278435','001','',3819.6,0,0,0,'',5,'','','','','','','','','','','','','',NULL,NULL,'',''),(40,15,'','2017-10-09','auto','819','001','',3880,0,0,0,'',5,'','','','','','','','','','','','','',NULL,NULL,'',''),(41,22,'','2017-10-07','auto','6L-169869','001','',17892.6,0,0,0,'',5,'','','','','','','','','','','','','',NULL,NULL,'',''),(42,12,'','2017-10-09','auto','161906','001','',414,0,0,0,'',5,'','','','','','','','','','','','','',NULL,NULL,'',''),(43,12,'','2017-10-09','auto','5426','001','',780,0,0,0,'',5,'','','','','','','','','','','','','',NULL,NULL,'',''),(44,12,'','2017-10-07','auto','petty cash (14)','001','',200,0,0,0,'',5,'','','','','','','','','','','','','',NULL,NULL,'',''),(45,15,'','2017-10-10','auto','418','001','',25035,0,0,0,'',4,'','','','','','','','','','','','','',NULL,NULL,'',''),(46,10,'','2017-10-09','auto','A5','001','',4020,0,0,0,'',5,'','','','','','','','','','','','','',NULL,NULL,'',''),(47,17,'','2017-10-09','auto','A5','001','',4020,0,0,0,'',3,'','','','','','','','','','','','','',NULL,NULL,'',''),(48,17,'','2017-10-10','auto','A10','001','',4224,0,0,0,'',3,'','','','','','','','','','','','','',NULL,NULL,'',''),(49,4,'these all figures are excluding Tax.\nGST IS 4886.','2017-10-11','auto','050','001','',66251.75,0,0,0,'',5,'','','','','','','','','','','','','',NULL,NULL,'','');
/*!40000 ALTER TABLE `0_purch_orders` ENABLE KEYS */;
UNLOCK TABLES;

--
-- Table structure for table `0_purch_pref`
--

DROP TABLE IF EXISTS `0_purch_pref`;
/*!40101 SET @saved_cs_client     = @@character_set_client */;
/*!40101 SET character_set_client = utf8 */;
CREATE TABLE `0_purch_pref` (
  `name` varchar(20) NOT NULL,
  `label_value` varchar(30) NOT NULL,
  `po_enable` tinyint(1) NOT NULL,
  `grn_enable` tinyint(1) NOT NULL,
  PRIMARY KEY (`name`)
) ENGINE=InnoDB DEFAULT CHARSET=latin1;
/*!40101 SET character_set_client = @saved_cs_client */;

--
-- Dumping data for table `0_purch_pref`
--

LOCK TABLES `0_purch_pref` WRITE;
/*!40000 ALTER TABLE `0_purch_pref` DISABLE KEYS */;
INSERT INTO `0_purch_pref` VALUES ('cart1','',0,0),('cart2','',0,0),('cart3','',0,0),('cart4','',0,0),('cart5','Header 5',0,0),('cart6','Header 6',0,0),('footer_long_text1','Header Combo Label 3',0,0),('footer_long_text2','',0,0),('header_combo1','',0,0),('header_combo2','',0,0),('header_combo3','Header Combo Label 3',1,0),('header_long_text','',0,0),('header_text1','Label text 1',0,0),('header_text2',' Text Label 2',0,0),('header_text3','Label text 3',0,0),('h_combo1','h1',0,1),('h_combo2','h2',0,1),('h_combo3','h3',0,1),('total_headers','h1',0,0),('total_headers2','f',0,0);
/*!40000 ALTER TABLE `0_purch_pref` ENABLE KEYS */;
UNLOCK TABLES;

--
-- Table structure for table `0_quick_entries`
--

DROP TABLE IF EXISTS `0_quick_entries`;
/*!40101 SET @saved_cs_client     = @@character_set_client */;
/*!40101 SET character_set_client = utf8 */;
CREATE TABLE `0_quick_entries` (
  `id` smallint(6) unsigned NOT NULL AUTO_INCREMENT,
  `type` tinyint(1) NOT NULL DEFAULT '0',
  `description` varchar(60) COLLATE utf8_unicode_ci NOT NULL,
  `usage` varchar(120) COLLATE utf8_unicode_ci DEFAULT NULL,
  `base_amount` double NOT NULL DEFAULT '0',
  `base_desc` varchar(60) COLLATE utf8_unicode_ci DEFAULT NULL,
  `bal_type` tinyint(1) NOT NULL DEFAULT '0',
  PRIMARY KEY (`id`),
  KEY `description` (`description`)
) ENGINE=InnoDB DEFAULT CHARSET=utf8 COLLATE=utf8_unicode_ci;
/*!40101 SET character_set_client = @saved_cs_client */;

--
-- Dumping data for table `0_quick_entries`
--

LOCK TABLES `0_quick_entries` WRITE;
/*!40000 ALTER TABLE `0_quick_entries` DISABLE KEYS */;
INSERT INTO `0_quick_entries` VALUES (1,1,'Maintenance',NULL,0,'Amount',0),(2,4,'Phone',NULL,0,'Amount',0),(3,2,'Cash Sales','Retail sales without invoice',0,'Amount',0);
/*!40000 ALTER TABLE `0_quick_entries` ENABLE KEYS */;
UNLOCK TABLES;

--
-- Table structure for table `0_quick_entry_lines`
--

DROP TABLE IF EXISTS `0_quick_entry_lines`;
/*!40101 SET @saved_cs_client     = @@character_set_client */;
/*!40101 SET character_set_client = utf8 */;
CREATE TABLE `0_quick_entry_lines` (
  `id` smallint(6) unsigned NOT NULL AUTO_INCREMENT,
  `qid` smallint(6) unsigned NOT NULL,
  `amount` double DEFAULT '0',
  `memo` tinytext COLLATE utf8_unicode_ci NOT NULL,
  `action` varchar(2) COLLATE utf8_unicode_ci NOT NULL,
  `dest_id` varchar(15) COLLATE utf8_unicode_ci NOT NULL DEFAULT '',
  `dimension_id` smallint(6) unsigned DEFAULT NULL,
  `dimension2_id` smallint(6) unsigned DEFAULT NULL,
  PRIMARY KEY (`id`),
  KEY `qid` (`qid`)
) ENGINE=InnoDB DEFAULT CHARSET=utf8 COLLATE=utf8_unicode_ci;
/*!40101 SET character_set_client = @saved_cs_client */;

--
-- Dumping data for table `0_quick_entry_lines`
--

LOCK TABLES `0_quick_entry_lines` WRITE;
/*!40000 ALTER TABLE `0_quick_entry_lines` DISABLE KEYS */;
INSERT INTO `0_quick_entry_lines` VALUES (1,1,0,'','t-','1',0,0),(2,2,0,'','t-','1',0,0),(3,3,0,'','t-','1',0,0),(4,3,0,'','=','4010',0,0),(5,1,0,'','=','5765',0,0),(6,2,0,'','=','5780',0,0);
/*!40000 ALTER TABLE `0_quick_entry_lines` ENABLE KEYS */;
UNLOCK TABLES;

--
-- Table structure for table `0_recurrent_invoices`
--

DROP TABLE IF EXISTS `0_recurrent_invoices`;
/*!40101 SET @saved_cs_client     = @@character_set_client */;
/*!40101 SET character_set_client = utf8 */;
CREATE TABLE `0_recurrent_invoices` (
  `id` smallint(6) unsigned NOT NULL AUTO_INCREMENT,
  `description` varchar(60) COLLATE utf8_unicode_ci NOT NULL DEFAULT '',
  `order_no` int(11) unsigned NOT NULL,
  `debtor_no` int(11) unsigned DEFAULT NULL,
  `group_no` smallint(6) unsigned DEFAULT NULL,
  `days` int(11) NOT NULL DEFAULT '0',
  `monthly` int(11) NOT NULL DEFAULT '0',
  `begin` date NOT NULL DEFAULT '0000-00-00',
  `end` date NOT NULL DEFAULT '0000-00-00',
  `last_sent` date NOT NULL DEFAULT '0000-00-00',
  PRIMARY KEY (`id`),
  UNIQUE KEY `description` (`description`)
) ENGINE=InnoDB DEFAULT CHARSET=utf8 COLLATE=utf8_unicode_ci;
/*!40101 SET character_set_client = @saved_cs_client */;

--
-- Dumping data for table `0_recurrent_invoices`
--

LOCK TABLES `0_recurrent_invoices` WRITE;
/*!40000 ALTER TABLE `0_recurrent_invoices` DISABLE KEYS */;
INSERT INTO `0_recurrent_invoices` VALUES (1,'Weekly Maintenance',6,1,1,7,0,'2015-04-01','2020-05-07','2015-04-08');
/*!40000 ALTER TABLE `0_recurrent_invoices` ENABLE KEYS */;
UNLOCK TABLES;

--
-- Table structure for table `0_reflines`
--

DROP TABLE IF EXISTS `0_reflines`;
/*!40101 SET @saved_cs_client     = @@character_set_client */;
/*!40101 SET character_set_client = utf8 */;
CREATE TABLE `0_reflines` (
  `id` int(11) NOT NULL AUTO_INCREMENT,
  `trans_type` int(11) NOT NULL,
  `prefix` char(5) COLLATE utf8_unicode_ci NOT NULL DEFAULT '',
  `pattern` varchar(35) COLLATE utf8_unicode_ci NOT NULL DEFAULT '1',
  `description` varchar(60) COLLATE utf8_unicode_ci NOT NULL DEFAULT '',
  `default` tinyint(1) NOT NULL DEFAULT '0',
  `inactive` tinyint(1) NOT NULL DEFAULT '0',
  PRIMARY KEY (`id`),
  UNIQUE KEY `prefix` (`trans_type`,`prefix`)
) ENGINE=InnoDB DEFAULT CHARSET=utf8 COLLATE=utf8_unicode_ci;
/*!40101 SET character_set_client = @saved_cs_client */;

--
-- Dumping data for table `0_reflines`
--

LOCK TABLES `0_reflines` WRITE;
/*!40000 ALTER TABLE `0_reflines` DISABLE KEYS */;
INSERT INTO `0_reflines` VALUES (1,0,'JV','{001}/{MM}/{YYYY}','',1,0),(2,1,'BPV','{001}/{MM}/{YYYY}','',1,0),(3,2,'BRV','{001}/{MM}/{YYYY}','',1,0),(4,4,'FT','{001}/{MM}/{YYYY}','',1,0),(5,10,'SI','{001}/{MM}/{YYYY}','107',1,0),(6,11,'CCN','{001}/{MM}/{YYYY}','113',1,0),(7,12,'CP','{001}/{MM}/{YYYY}','',1,0),(8,13,'DN','{001}/{MM}/{YYYY}','110',1,0),(9,16,'LT','{001}/{MM}/{YYYY}','',1,0),(10,17,'IA','{001}/{MM}/{YYYY}','',1,0),(11,18,'PO','{001}/{MM}/{YYYY}','2090',1,0),(12,20,'PI','{001}/{MM}/{YYYY}','',1,0),(13,21,'SCN','{001}/{MM}/{YYYY}','',1,0),(14,22,'SP','{001}/{MM}/{YYYY}','210',1,0),(15,25,'GRN','{001}/{MM}/{YYYY}','',1,0),(16,26,'WO','{001}/{MM}/{YYYY}','409',1,0),(17,28,'WOI','{001}/{MM}/{YYYY}','',1,0),(18,29,'WOP','{001}/{MM}/{YYYY}','',1,0),(19,30,'SO','{001}/{MM}/{YYYY}','109',1,0),(20,32,'SQ','{001}/{MM}/{YYYY}','110',1,0),(21,35,'CU','{001}/{MM}/{YYYY}','',1,0),(22,40,'CC','{001}/{MM}/{YYYY}','',1,0),(23,41,'CPV','{001}/{MM}/{YYYY}','',1,0),(24,42,'CRV','{001}/{MM}/{YYYY}','',1,0),(25,43,'','{001}/{YYYY}','',1,0);
/*!40000 ALTER TABLE `0_reflines` ENABLE KEYS */;
UNLOCK TABLES;

--
-- Table structure for table `0_refs`
--

DROP TABLE IF EXISTS `0_refs`;
/*!40101 SET @saved_cs_client     = @@character_set_client */;
/*!40101 SET character_set_client = utf8 */;
CREATE TABLE `0_refs` (
  `id` int(11) NOT NULL DEFAULT '0',
  `type` int(11) NOT NULL DEFAULT '0',
  `reference` varchar(100) COLLATE utf8_unicode_ci NOT NULL DEFAULT '',
  PRIMARY KEY (`id`,`type`),
  KEY `Type_and_Reference` (`type`,`reference`)
) ENGINE=InnoDB DEFAULT CHARSET=utf8 COLLATE=utf8_unicode_ci;
/*!40101 SET character_set_client = @saved_cs_client */;

--
-- Dumping data for table `0_refs`
--

LOCK TABLES `0_refs` WRITE;
/*!40000 ALTER TABLE `0_refs` DISABLE KEYS */;
INSERT INTO `0_refs` VALUES (1,0,'JV001/10/2017'),(2,0,'JV001/10/2017'),(3,0,'JV002/10/2017'),(4,0,'JV003/10/2017'),(5,0,'JV004/10/2017'),(6,0,'JV005/10/2017'),(7,0,'JV006/10/2017'),(8,0,'JV007/10/2017'),(9,0,'JV008/10/2017'),(10,0,'JV009/10/2017'),(11,0,'JV010/10/2017'),(12,0,'JV011/10/2017'),(13,0,'JV012/10/2017'),(14,0,'JV013/10/2017'),(15,0,'JV014/10/2017'),(16,0,'JV015/10/2017'),(17,0,'JV016/10/2017'),(18,0,'JV017/10/2017'),(19,0,'JV018/10/2017'),(20,0,'JV019/10/2017'),(21,0,'JV020/10/2017'),(22,0,'JV021/10/2017'),(23,0,'JV022/10/2017'),(24,0,'JV023/10/2017'),(1,1,'BPV001/10/2017'),(1,10,'SI001/10/2017'),(2,10,'SI002/10/2017'),(3,10,'SI003/10/2017'),(4,10,'SI004/10/2017'),(5,10,'SI005/10/2017'),(6,10,'SI006/10/2017'),(7,10,'SI007/10/2017'),(8,10,'SI008/10/2017'),(9,10,'SI009/10/2017'),(10,10,'SI010/10/2017'),(11,10,'SI011/10/2017'),(12,10,'SI012/10/2017'),(13,10,'SI013/10/2017'),(14,10,'SI014/10/2017'),(15,10,'SI015/10/2017'),(1,16,'LT001/10/2017'),(1,17,'IA001/10/2017'),(2,17,'IA002/10/2017'),(3,17,'IA003/10/2017'),(4,17,'IA004/10/2017'),(5,17,'IA005/10/2017'),(6,17,'IA006/10/2017'),(7,17,'IA007/10/2017'),(8,17,'IA008/10/2017'),(9,17,'IA009/10/2017'),(10,17,'IA010/10/2017'),(11,17,'IA011/10/2017'),(12,17,'IA012/10/2017'),(13,17,'IA013/10/2017'),(14,17,'IA014/10/2017'),(15,17,'IA015/10/2017'),(16,17,'IA016/10/2017'),(17,17,'IA017/10/2017'),(18,17,'IA018/10/2017'),(19,17,'IA019/10/2017'),(20,17,'IA020/10/2017'),(21,17,'IA021/10/2017'),(22,17,'IA022/10/2017'),(23,17,'IA023/10/2017'),(2,18,'PO001/10/2017'),(3,18,'PO002/10/2017'),(4,18,'PO003/10/2017'),(5,18,'PO004/10/2017'),(6,18,'PO004/10/2017'),(1,20,'PI001/10/2017'),(2,20,'PI002/10/2017'),(3,20,'PI003/10/2017'),(4,20,'PI004/10/2017'),(5,20,'PI005/10/2017'),(6,20,'PI006/10/2017'),(7,20,'PI007/10/2017'),(8,20,'PI008/10/2017'),(9,20,'PI009/10/2017'),(10,20,'PI010/10/2017'),(11,20,'PI011/10/2017'),(12,20,'PI012/10/2017'),(13,20,'PI013/10/2017'),(14,20,'PI014/10/2017'),(15,20,'PI015/10/2017'),(16,20,'PI016/10/2017'),(17,20,'PI017/10/2017'),(18,20,'PI018/10/2017'),(19,20,'PI019/10/2017'),(20,20,'PI020/10/2017'),(21,20,'PI021/10/2017'),(22,20,'PI022/10/2017'),(23,20,'PI023/10/2017'),(24,20,'PI024/10/2017'),(25,20,'PI025/10/2017'),(26,20,'PI026/10/2017'),(27,20,'PI027/10/2017'),(28,20,'PI028/10/2017'),(29,20,'PI029/10/2017'),(30,20,'PI030/10/2017'),(31,20,'PI031/10/2017'),(32,20,'PI032/10/2017'),(33,20,'PI033/10/2017'),(34,20,'PI034/10/2017'),(35,20,'PI035/10/2017'),(36,20,'PI036/10/2017'),(37,20,'PI037/10/2017'),(38,20,'PI038/10/2017'),(39,20,'PI039/10/2017'),(40,20,'PI040/10/2017'),(41,20,'PI041/10/2017'),(42,20,'PI042/10/2017'),(43,20,'PI042/10/2017'),(44,20,'PI043/10/2017'),(45,20,'PI043/10/2017'),(46,20,'PI044/10/2017'),(47,20,'PI045/10/2017'),(1,22,'SP001/10/2017'),(2,22,'SP002/10/2017'),(3,22,'SP003/10/2017'),(4,22,'SP004/10/2017'),(5,22,'SP005/10/2017'),(6,22,'SP006/10/2017'),(7,22,'SP007/10/2017'),(8,22,'SP008/10/2017'),(9,22,'SP009/10/2017'),(10,22,'SP010/10/2017'),(11,22,'SP011/10/2017'),(12,22,'SP012/10/2017'),(13,22,'SP013/10/2017'),(14,22,'SP014/10/2017'),(18,25,'GRN001/10/2017'),(42,25,'GRN002/10/2017'),(1,41,'CPV001/10/2017'),(2,41,'CPV002/10/2017'),(3,41,'CPV003/10/2017'),(4,41,'CPV004/10/2017'),(5,41,'CPV005/10/2017'),(6,41,'CPV006/10/2017'),(7,41,'CPV007/10/2017'),(8,41,'CPV008/10/2017'),(9,41,'CPV009/10/2017'),(10,41,'CPV010/10/2017'),(11,41,'CPV011/10/2017'),(12,41,'CPV012/10/2017'),(13,41,'CPV013/10/2017');
/*!40000 ALTER TABLE `0_refs` ENABLE KEYS */;
UNLOCK TABLES;

--
-- Table structure for table `0_report_profiles`
--

DROP TABLE IF EXISTS `0_report_profiles`;
/*!40101 SET @saved_cs_client     = @@character_set_client */;
/*!40101 SET character_set_client = utf8 */;
CREATE TABLE `0_report_profiles` (
  `id` smallint(6) unsigned NOT NULL AUTO_INCREMENT,
  `profile` varchar(30) COLLATE utf8_unicode_ci NOT NULL,
  `report` varchar(5) COLLATE utf8_unicode_ci DEFAULT NULL,
  `printer` tinyint(3) unsigned DEFAULT NULL,
  `value` int(11) NOT NULL,
  PRIMARY KEY (`id`),
  UNIQUE KEY `profile` (`profile`,`report`)
) ENGINE=InnoDB DEFAULT CHARSET=utf8 COLLATE=utf8_unicode_ci;
/*!40101 SET character_set_client = @saved_cs_client */;

--
-- Dumping data for table `0_report_profiles`
--

LOCK TABLES `0_report_profiles` WRITE;
/*!40000 ALTER TABLE `0_report_profiles` DISABLE KEYS */;
INSERT INTO `0_report_profiles` VALUES (41,'testing',NULL,NULL,0),(42,'testing','101',1,0),(43,'testing','102',1,0),(44,'testing','103',1,0),(45,'testing','104',1,0),(46,'testing','105',1,0),(47,'testing','106',1,0),(48,'testing','107',1,0),(49,'testing','108',1,0),(50,'testing','109',1,0),(87,'RPL',NULL,1,0),(88,'RPL','101',1,0),(89,'RPL','102',1,0),(90,'RPL','103',1,0),(91,'RPL','104',1,0),(92,'RPL','105',1,0),(93,'RPL','106',1,0),(94,'RPL','107',1,0),(95,'RPL','108',1,0),(96,'RPL','109',1,0),(97,'RPL','110',1,0),(98,'RPL','111',1,0),(99,'RPL','112',1,0),(100,'RPL','113',1,0),(101,'RPL','114',1,0),(102,'RPL','201',1,0),(103,'RPL','202',1,0),(104,'RPL','203',1,0),(105,'RPL','204',1,0),(106,'RPL','205',1,0),(107,'RPL','209',1,0),(108,'RPL','210',1,0),(109,'RPL','301',1,0),(110,'RPL','302',1,0),(111,'RPL','303',1,0),(112,'RPL','304',1,0),(113,'RPL','305',1,0),(114,'RPL','306',1,0),(115,'RPL','307',1,0),(116,'RPL','308',1,0),(117,'RPL','309',1,0),(118,'RPL','401',1,0),(119,'RPL','402',1,0),(120,'RPL','409',1,0),(121,'RPL','451',1,0),(122,'RPL','501',1,0),(123,'RPL','601',1,0),(124,'RPL','602',1,0),(125,'RPL','701',1,0),(126,'RPL','702',1,0),(127,'RPL','704',1,0),(128,'RPL','705',1,0),(129,'RPL','706',1,0),(130,'RPL','707',1,0),(131,'RPL','708',1,0),(132,'RPL','709',1,0),(133,'RPL','710',1,0),(134,'RPL','1009',1,0),(135,'RPL','1011',1,0),(136,'RPL','1012',1,0),(137,'RPL','1013',1,0),(138,'RPL','1014',1,0),(139,'RPL','1015',1,0),(140,'RPL','1016',1,0),(141,'RPL','1017',1,0),(142,'RPL','1018',1,0),(143,'RPL','1071',1,0),(144,'RPL','1072',1,0),(145,'RPL','1073',1,0),(146,'RPL','1091',1,0),(147,'RPL','1100',1,0),(148,'RPL','2099',1,0),(149,'RPL','3041',1,0),(150,'RPL','3042',1,0),(151,'RPL','22011',1,0);
/*!40000 ALTER TABLE `0_report_profiles` ENABLE KEYS */;
UNLOCK TABLES;

--
-- Table structure for table `0_requisition_details`
--

DROP TABLE IF EXISTS `0_requisition_details`;
/*!40101 SET @saved_cs_client     = @@character_set_client */;
/*!40101 SET character_set_client = utf8 */;
CREATE TABLE `0_requisition_details` (
  `requisition_detail_id` bigint(20) unsigned NOT NULL AUTO_INCREMENT,
  `requisition_id` int(11) DEFAULT NULL,
  `item_code` varchar(20) COLLATE utf8_unicode_ci DEFAULT NULL,
  `supplier_id` int(11) DEFAULT NULL,
  `lpo_id` int(11) DEFAULT '0',
  `order_quantity` int(11) NOT NULL DEFAULT '0',
  `estimate_price` double NOT NULL DEFAULT '0',
  `quantity` int(11) NOT NULL DEFAULT '0',
  `price` double NOT NULL DEFAULT '0',
  `purpose` varchar(320) COLLATE utf8_unicode_ci DEFAULT NULL,
  `make_po` int(11) DEFAULT NULL,
  PRIMARY KEY (`requisition_detail_id`),
  UNIQUE KEY `requisition_detail_id` (`requisition_detail_id`),
  KEY `0_requisition_details_requisition_id` (`requisition_id`),
  KEY `0_requisition_details_item_code` (`item_code`),
  KEY `0_requisition_details_supplier_id` (`supplier_id`)
) ENGINE=InnoDB DEFAULT CHARSET=utf8 COLLATE=utf8_unicode_ci;
/*!40101 SET character_set_client = @saved_cs_client */;

--
-- Dumping data for table `0_requisition_details`
--

LOCK TABLES `0_requisition_details` WRITE;
/*!40000 ALTER TABLE `0_requisition_details` DISABLE KEYS */;
INSERT INTO `0_requisition_details` VALUES (1,2,'1001',NULL,0,10,2555,10,2555,'abc',0),(2,2,'1001',NULL,0,100,12000,100,12000,'1233',0),(3,4,'1001',0,0,100,12000,100,12000,'qqqq',0);
/*!40000 ALTER TABLE `0_requisition_details` ENABLE KEYS */;
UNLOCK TABLES;

--
-- Table structure for table `0_requisitions`
--

DROP TABLE IF EXISTS `0_requisitions`;
/*!40101 SET @saved_cs_client     = @@character_set_client */;
/*!40101 SET character_set_client = utf8 */;
CREATE TABLE `0_requisitions` (
  `requisition_id` bigint(20) unsigned NOT NULL AUTO_INCREMENT,
  `point_of_use` varchar(50) COLLATE utf8_unicode_ci DEFAULT NULL,
  `narrative` varchar(240) COLLATE utf8_unicode_ci DEFAULT NULL,
  `application_date` datetime DEFAULT NULL,
  `completed` tinyint(4) NOT NULL DEFAULT '0',
  `processed` tinyint(4) NOT NULL DEFAULT '0',
  `inactive` tinyint(4) NOT NULL DEFAULT '0',
  `details` text COLLATE utf8_unicode_ci,
  PRIMARY KEY (`requisition_id`),
  UNIQUE KEY `requisition_id` (`requisition_id`)
) ENGINE=InnoDB DEFAULT CHARSET=utf8 COLLATE=utf8_unicode_ci;
/*!40101 SET character_set_client = @saved_cs_client */;

--
-- Dumping data for table `0_requisitions`
--

LOCK TABLES `0_requisitions` WRITE;
/*!40000 ALTER TABLE `0_requisitions` DISABLE KEYS */;
INSERT INTO `0_requisitions` VALUES (2,'aasdfgh azyz','axyz','2017-09-14 04:18:25',1,0,0,'ayz'),(4,'aaa','aaa','2017-09-15 10:37:59',1,0,0,'aaaa'),(5,'kitchen','Food Items','2017-10-05 11:31:32',0,0,0,NULL);
/*!40000 ALTER TABLE `0_requisitions` ENABLE KEYS */;
UNLOCK TABLES;

--
-- Table structure for table `0_sales_order_details`
--

DROP TABLE IF EXISTS `0_sales_order_details`;
/*!40101 SET @saved_cs_client     = @@character_set_client */;
/*!40101 SET character_set_client = utf8 */;
CREATE TABLE `0_sales_order_details` (
  `id` int(11) NOT NULL AUTO_INCREMENT,
  `order_no` int(11) NOT NULL DEFAULT '0',
  `trans_type` smallint(6) NOT NULL DEFAULT '30',
  `stk_code` varchar(20) COLLATE utf8_unicode_ci NOT NULL DEFAULT '',
  `description` tinytext COLLATE utf8_unicode_ci,
  `qty_sent` double NOT NULL DEFAULT '0',
  `unit_price` double NOT NULL DEFAULT '0',
  `quantity` double NOT NULL DEFAULT '0',
  `invoiced` double NOT NULL DEFAULT '0',
  `discount_percent` double NOT NULL DEFAULT '0',
  `units_id` varchar(20) COLLATE utf8_unicode_ci NOT NULL,
  `con_factor` double NOT NULL,
  `text1` varchar(55) COLLATE utf8_unicode_ci NOT NULL,
  `text2` varchar(55) COLLATE utf8_unicode_ci NOT NULL,
  `text3` varchar(55) COLLATE utf8_unicode_ci NOT NULL,
  `text4` varchar(55) COLLATE utf8_unicode_ci NOT NULL,
  `text5` varchar(55) COLLATE utf8_unicode_ci DEFAULT NULL,
  `text6` varchar(55) COLLATE utf8_unicode_ci DEFAULT NULL,
  `amount1` double NOT NULL,
  `amount2` double NOT NULL,
  `amount3` double NOT NULL,
  `amount4` double NOT NULL,
  `amount5` double DEFAULT NULL,
  `amount6` double DEFAULT NULL,
  `date1` date NOT NULL,
  `date2` date NOT NULL,
  `date3` date NOT NULL,
  `combo1` int(11) NOT NULL,
  `combo2` int(11) NOT NULL,
  `combo3` int(11) NOT NULL,
  `combo4` int(11) DEFAULT NULL,
  `combo5` int(11) DEFAULT NULL,
  `combo6` int(11) DEFAULT NULL,
  `op_so` varchar(20) COLLATE utf8_unicode_ci DEFAULT NULL,
  PRIMARY KEY (`id`),
  KEY `sorder` (`trans_type`,`order_no`),
  KEY `stkcode` (`stk_code`)
) ENGINE=InnoDB DEFAULT CHARSET=utf8 COLLATE=utf8_unicode_ci;
/*!40101 SET character_set_client = @saved_cs_client */;

--
-- Dumping data for table `0_sales_order_details`
--

LOCK TABLES `0_sales_order_details` WRITE;
/*!40000 ALTER TABLE `0_sales_order_details` DISABLE KEYS */;
INSERT INTO `0_sales_order_details` VALUES (1,1,30,'357','BABY CORN ',3,200,3,0,0,'Jar',0,'0','0','0','0','','',0,0,0,0,0,0,'0000-00-00','0000-00-00','0000-00-00',0,0,0,0,0,0,NULL),(2,1,30,'356','SWEET CORN TIN ',1,200,1,0,0,'Jar',0,'0','0','0','0','','',0,0,0,0,0,0,'0000-00-00','0000-00-00','0000-00-00',0,0,0,0,0,0,NULL),(3,1,30,'267','FISH SAUCE 750ML',1,500,1,0,0,'Kgs',0,'0','0','0','0','','',0,0,0,0,0,0,'0000-00-00','0000-00-00','0000-00-00',0,0,0,0,0,0,NULL),(4,1,30,'396','RED WINE VINEGAR 500ML ',1,500,1,0,0,'Bottles',0,'0','0','0','0','','',0,0,0,0,0,0,'0000-00-00','0000-00-00','0000-00-00',0,0,0,0,0,0,NULL),(5,1,30,'761','MEET TENDER POWDER',1,500,1,0,0,'Bottles',0,'0','0','0','0','','',0,0,0,0,0,0,'0000-00-00','0000-00-00','0000-00-00',0,0,0,0,0,0,NULL),(6,1,30,'279','CHILLI GARLIC (KNORR)',1.5,200,1.5,0,0,'Pack',0,'0','0','0','0','','',0,0,0,0,0,0,'0000-00-00','0000-00-00','0000-00-00',0,0,0,0,0,0,NULL),(7,1,30,'293','SYNTHETIC VINEGAR',1,400,1,0,0,'Bottles',0,'0','0','0','0','','',0,0,0,0,0,0,'0000-00-00','0000-00-00','0000-00-00',0,0,0,0,0,0,NULL),(8,1,30,'302','MAMASITTA OYSTER SAUCE 4KG',1,2400,1,0,0,'Bottles',0,'0','0','0','0','','',0,0,0,0,0,0,'0000-00-00','0000-00-00','0000-00-00',0,0,0,0,0,0,NULL),(9,1,30,'334','SOYA SAUCE DARK 2 LITER (LEE KUM KI )',1,400,1,0,0,'Kgs',0,'0','0','0','0','','',0,0,0,0,0,0,'0000-00-00','0000-00-00','0000-00-00',0,0,0,0,0,0,NULL),(10,1,30,'362','MELAPINE PINEAPPLE SLICE 3KG ',1,800,1,0,0,'Jar',0,'0','0','0','0','','',0,0,0,0,0,0,'0000-00-00','0000-00-00','0000-00-00',0,0,0,0,0,0,NULL),(11,1,30,'355','BAMBOO SHOOT TIN ',1,800,1,0,0,'Jar',0,'0','0','0','0','','',0,0,0,0,0,0,'0000-00-00','0000-00-00','0000-00-00',0,0,0,0,0,0,NULL),(12,1,30,'256','KUNG PAO PASTE 1 KG ',1,900,1,0,0,'Kgs',0,'0','0','0','0','','',0,0,0,0,0,0,'0000-00-00','0000-00-00','0000-00-00',0,0,0,0,0,0,NULL),(13,1,30,'764','RED FOOD COLOR 100 GRAMS  ',1,100,1,0,0,'Pack',0,'0','0','0','0','','',0,0,0,0,0,0,'0000-00-00','0000-00-00','0000-00-00',0,0,0,0,0,0,NULL),(14,1,30,'736','BROWN SUGAR',1,300,1,0,0,'Pack',0,'0','0','0','0','','',0,0,0,0,0,0,'0000-00-00','0000-00-00','0000-00-00',0,0,0,0,0,0,NULL),(15,1,30,'800','KNOOR CHICKEN POWDER',1,600,1,0,0,'Jar',0,'0','0','0','0','','',0,0,0,0,0,0,'0000-00-00','0000-00-00','0000-00-00',0,0,0,0,0,0,NULL),(16,1,30,'284','SEASAME OIL (HEINZ) 500ML',1,0,1,0,0,'Pack',0,'0','0','0','0','','',0,0,0,0,0,0,'0000-00-00','0000-00-00','0000-00-00',0,0,0,0,0,0,NULL),(17,1,30,'275','THAI CHILLI PASTE',3,150,3,0,0,'Bottles',0,'0','0','0','0','','',0,0,0,0,0,0,'0000-00-00','0000-00-00','0000-00-00',0,0,0,0,0,0,NULL),(18,1,30,'319','TOBASSCO SAUCE',3,250,3,0,0,'Pack',0,'0','0','0','0','','',0,0,0,0,0,0,'0000-00-00','0000-00-00','0000-00-00',0,0,0,0,0,0,NULL),(19,1,30,'305','CRISPY TAMPOORA FLOUR',1,250,1,0,0,'Pack',0,'0','0','0','0','','',0,0,0,0,0,0,'0000-00-00','0000-00-00','0000-00-00',0,0,0,0,0,0,NULL),(20,1,30,'787','WHOLE RED CHILLI LONG ',1.5,250,1.5,0,0,'Kgs',0,'0','0','0','0','','',0,0,0,0,0,0,'0000-00-00','0000-00-00','0000-00-00',0,0,0,0,0,0,NULL),(21,1,30,'249','ALMOND ',0.5,1500,0.5,0,0,'Kgs',0,'0','0','0','0','','',0,0,0,0,0,0,'0000-00-00','0000-00-00','0000-00-00',0,0,0,0,0,0,NULL),(22,1,30,'250','PEANUTS LOOSE ',0.2,300,0.2,0,0,'Kgs',0,'0','0','0','0','','',0,0,0,0,0,0,'0000-00-00','0000-00-00','0000-00-00',0,0,0,0,0,0,NULL),(23,1,30,'776','SHEEZAN TOMATO KETCHUP 4KG ',1,400,1,0,0,'Bottles',0,'0','0','0','0','','',0,0,0,0,0,0,'0000-00-00','0000-00-00','0000-00-00',0,0,0,0,0,0,NULL),(24,1,30,'291','ABC SAUCE',1,250,1,0,0,'Bottles',0,'0','0','0','0','','',0,0,0,0,0,0,'0000-00-00','0000-00-00','0000-00-00',0,0,0,0,0,0,NULL),(25,1,30,'398','BACKING POWDER 300 GRAMS ',1,200,1,0,0,'Jar',0,'0','0','0','0','','',0,0,0,0,0,0,'0000-00-00','0000-00-00','0000-00-00',0,0,0,0,0,0,NULL),(26,1,30,'389','OLIVE OIL 4 LITTER ',1,4000,1,0,0,'Bottles',0,'0','0','0','0','','',0,0,0,0,0,0,'0000-00-00','0000-00-00','0000-00-00',0,0,0,0,0,0,NULL),(27,1,30,'399','HONEY 4.2 KGS ',1,4200,1,0,0,'Jar',0,'0','0','0','0','','',0,0,0,0,0,0,'0000-00-00','0000-00-00','0000-00-00',0,0,0,0,0,0,NULL),(28,1,30,'387','TOMATO PUREE 450 GRAM ',1,300,1,0,0,'Jar',0,'0','0','0','0','','',0,0,0,0,0,0,'0000-00-00','0000-00-00','0000-00-00',0,0,0,0,0,0,NULL),(29,1,30,'327','BLACK PEPPER POWDER',1,1500,1,0,0,'Kgs',0,'0','0','0','0','','',0,0,0,0,0,0,'0000-00-00','0000-00-00','0000-00-00',0,0,0,0,0,0,NULL),(30,1,30,'325','GIREE BRADA',0.1,600,0.1,0,0,'Kgs',0,'0','0','0','0','','',0,0,0,0,0,0,'0000-00-00','0000-00-00','0000-00-00',0,0,0,0,0,0,NULL),(31,1,30,'388','TOMATO PASTE 450 GRAMS ',4,250,4,0,0,'Jar',0,'0','0','0','0','','',0,0,0,0,0,0,'0000-00-00','0000-00-00','0000-00-00',0,0,0,0,0,0,NULL),(32,1,30,'767','HOT SAUCE 470GRAMS ',2,250,2,0,0,'Bottles',0,'0','0','0','0','','',0,0,0,0,0,0,'0000-00-00','0000-00-00','0000-00-00',0,0,0,0,0,0,NULL),(33,1,30,'795','PEEL TOMATO TIN PACK ',2,250,2,0,0,'Pack',0,'0','0','0','0','','',0,0,0,0,0,0,'0000-00-00','0000-00-00','0000-00-00',0,0,0,0,0,0,NULL),(34,1,30,'392','SUN DRY TOMATO 300 GRAMS ',2,500,2,0,0,'Jar',0,'0','0','0','0','','',0,0,0,0,0,0,'0000-00-00','0000-00-00','0000-00-00',0,0,0,0,0,0,NULL),(35,1,30,'274','SAMBOLIC CHILLI',2,250,2,0,0,'Bottles',0,'0','0','0','0','','',0,0,0,0,0,0,'0000-00-00','0000-00-00','0000-00-00',0,0,0,0,0,0,NULL),(36,1,30,'269','THAI SWEET CHILLI',1,200,1,0,0,'Bottles',0,'0','0','0','0','','',0,0,0,0,0,0,'0000-00-00','0000-00-00','0000-00-00',0,0,0,0,0,0,NULL),(37,1,30,'762','CHILLI SAUCE 5KG PACK ',1,600,1,0,0,'Bottles',0,'0','0','0','0','','',0,0,0,0,0,0,'0000-00-00','0000-00-00','0000-00-00',0,0,0,0,0,0,NULL),(38,1,30,'295','FRENCH MUSTARD ',1,300,1,0,0,'Bottles',0,'0','0','0','0','','',0,0,0,0,0,0,'0000-00-00','0000-00-00','0000-00-00',0,0,0,0,0,0,NULL),(39,1,30,'272','CAPERS (BEN-DELS)',1,560,1,0,0,'pcs',0,'0','0','0','0','','',0,0,0,0,0,0,'0000-00-00','0000-00-00','0000-00-00',0,0,0,0,0,0,NULL),(40,1,30,'296','GREEN CAPER CORN',1,200,1,0,0,'Bottles',0,'0','0','0','0','','',0,0,0,0,0,0,'0000-00-00','0000-00-00','0000-00-00',0,0,0,0,0,0,NULL),(41,1,30,'379','CREAM PEANUT BUTTER 340G',1,300,1,0,0,'Bottles',0,'0','0','0','0','','',0,0,0,0,0,0,'0000-00-00','0000-00-00','0000-00-00',0,0,0,0,0,0,NULL),(42,1,30,'268','BALSAMIC VINEGAR',1,500,1,0,0,'Bottles',0,'0','0','0','0','','',0,0,0,0,0,0,'0000-00-00','0000-00-00','0000-00-00',0,0,0,0,0,0,NULL),(43,1,30,'252','WALNUT AKHROOT ',0.2,1500,0.2,0,0,'Kgs',0,'0','0','0','0','','',0,0,0,0,0,0,'0000-00-00','0000-00-00','0000-00-00',0,0,0,0,0,0,NULL),(44,1,30,'737','BLACK PEPPER SABAT',0.5,1200,0.5,0,0,'Kgs',0,'0','0','0','0','','',0,0,0,0,0,0,'0000-00-00','0000-00-00','0000-00-00',0,0,0,0,0,0,NULL),(45,1,30,'322','DAMI GLASS BASE',1,800,1,0,0,'Jar',0,'0','0','0','0','','',0,0,0,0,0,0,'0000-00-00','0000-00-00','0000-00-00',0,0,0,0,0,0,NULL),(46,1,30,'297','RED BEANS',1,200,1,0,0,'Jar',0,'0','0','0','0','','',0,0,0,0,0,0,'0000-00-00','0000-00-00','0000-00-00',0,0,0,0,0,0,NULL),(47,1,30,'292','GRAPE VINEGAR',1,600,1,0,0,'Kgs',0,'0','0','0','0','','',0,0,0,0,0,0,'0000-00-00','0000-00-00','0000-00-00',0,0,0,0,0,0,NULL),(48,1,30,'299','SEA SALT',1,500,1,0,0,'Pack',0,'0','0','0','0','','',0,0,0,0,0,0,'0000-00-00','0000-00-00','0000-00-00',0,0,0,0,0,0,NULL),(49,1,30,'309','PANNE REGGIA PASTA',2,300,2,0,0,'Pack',0,'0','0','0','0','','',0,0,0,0,0,0,'0000-00-00','0000-00-00','0000-00-00',0,0,0,0,0,0,NULL),(50,1,30,'307','MACARONI ELBLOW BIG',1,300,1,0,0,'Pack',0,'0','0','0','0','','',0,0,0,0,0,0,'0000-00-00','0000-00-00','0000-00-00',0,0,0,0,0,0,NULL),(51,1,30,'233','MILK PACK CREAM 200ML ',24,93.89,24,0,0,'pcs',0,'0','0','0','0','','',0,0,0,0,0,0,'0000-00-00','0000-00-00','0000-00-00',0,0,0,0,0,0,NULL),(52,1,30,'308','BREAD CRUMBS',2,260,2,0,0,'Pack',0,'0','0','0','0','','',0,0,0,0,0,0,'0000-00-00','0000-00-00','0000-00-00',0,0,0,0,0,0,NULL),(53,1,30,'317','WHITE PEPPER POWDER',0.2,1500,0.2,0,0,'Kgs',0,'0','0','0','0','','',0,0,0,0,0,0,'0000-00-00','0000-00-00','0000-00-00',0,0,0,0,0,0,NULL),(54,1,30,'313','THYME',0.05,500,0.05,0,0,'Pack',0,'0','0','0','0','','',0,0,0,0,0,0,'0000-00-00','0000-00-00','0000-00-00',0,0,0,0,0,0,NULL),(55,1,30,'312','DRY BASIL',0.05,500,0.05,0,0,'Pack',0,'0','0','0','0','','',0,0,0,0,0,0,'0000-00-00','0000-00-00','0000-00-00',0,0,0,0,0,0,NULL),(56,1,30,'311','TARRAGON',1,500,1,0,0,'Pack',0,'0','0','0','0','','',0,0,0,0,0,0,'0000-00-00','0000-00-00','0000-00-00',0,0,0,0,0,0,NULL),(57,1,30,'734','MASHROOM FUNGUS',0.3,2000,0.3,0,0,'Kgs',0,'0','0','0','0','','',0,0,0,0,0,0,'0000-00-00','0000-00-00','0000-00-00',0,0,0,0,0,0,NULL),(58,1,30,'732','OREGANO DRY',0.3,500,0.3,0,0,'Kgs',0,'0','0','0','0','','',0,0,0,0,0,0,'0000-00-00','0000-00-00','0000-00-00',0,0,0,0,0,0,NULL),(59,1,30,'731','KACHRI POWDER LOOSE',1,500,1,0,0,'Kgs',0,'0','0','0','0','','',0,0,0,0,0,0,'0000-00-00','0000-00-00','0000-00-00',0,0,0,0,0,0,NULL),(60,1,30,'324','TURMERIC POWDER',0.1,300,0.1,0,0,'Kgs',0,'0','0','0','0','','',0,0,0,0,0,0,'0000-00-00','0000-00-00','0000-00-00',0,0,0,0,0,0,NULL),(61,1,30,'304','CRACKERS',0.6,500,0.6,0,0,'pcs',0,'0','0','0','0','','',0,0,0,0,0,0,'0000-00-00','0000-00-00','0000-00-00',0,0,0,0,0,0,NULL),(62,1,30,'314','SALT',1,20,1,0,0,'Pack',0,'0','0','0','0','','',0,0,0,0,0,0,'0000-00-00','0000-00-00','0000-00-00',0,0,0,0,0,0,NULL),(63,1,30,'265','SUGAR',1,60,1,0,0,'Kgs',0,'0','0','0','0','','',0,0,0,0,0,0,'0000-00-00','0000-00-00','0000-00-00',0,0,0,0,0,0,NULL),(64,1,30,'245','CHINESE SALT (CHINA NAMAK) LOOSE ',1,600,1,0,0,'Kgs',0,'0','0','0','0','','',0,0,0,0,0,0,'0000-00-00','0000-00-00','0000-00-00',0,0,0,0,0,0,NULL),(65,1,30,'246','RED CHILLI WHOLE ROUND ',0.05,300,0.05,0,0,'Kgs',0,'0','0','0','0','','',0,0,0,0,0,0,'0000-00-00','0000-00-00','0000-00-00',0,0,0,0,0,0,NULL),(66,1,30,'321','CHICKEN SOUP CUBE',1,800,1,0,0,'Jar',0,'0','0','0','0','','',0,0,0,0,0,0,'0000-00-00','0000-00-00','0000-00-00',0,0,0,0,0,0,NULL),(67,1,30,'106','CHICKEN BREAST LOCAL',4.5,360,4.5,0,0,'Kgs',0,'0','0','0','0','','',0,0,0,0,0,0,'0000-00-00','0000-00-00','0000-00-00',0,0,0,0,0,0,NULL),(68,1,30,'001','BEEF TENDERLOIN WITHOUT HEAD',28,1050,28,0,0,'Kgs',0,'0','0','0','0','','',0,0,0,0,0,0,'0000-00-00','0000-00-00','0000-00-00',0,0,0,0,0,0,NULL),(69,1,30,'104','CHICKEN NIBLETS WINGS (K&amp;N&#039;S)',2,290,2,0,0,'Kgs',0,'0','0','0','0','','',0,0,0,0,0,0,'0000-00-00','0000-00-00','0000-00-00',0,0,0,0,0,0,NULL),(70,1,30,'101','CHICKEN FILLET 110 TO 120 GMS K&amp;N&#039;S',27,363,27,0,0,'Kgs',0,'0','0','0','0','','',0,0,0,0,0,0,'0000-00-00','0000-00-00','0000-00-00',0,0,0,0,0,0,NULL),(71,1,30,'857','FISH PREGOSIUS RAW',4,360,4,0,0,'Kgs',0,'0','0','0','0','','',0,0,0,0,0,0,'0000-00-00','0000-00-00','0000-00-00',0,0,0,0,0,0,NULL),(72,1,30,'105','CHICKEN WINGS LOCAL',3,200,3,0,0,'Kgs',0,'0','0','0','0','','',0,0,0,0,0,0,'0000-00-00','0000-00-00','0000-00-00',0,0,0,0,0,0,NULL),(73,1,30,'152','SHRIMPS 16/20 ',1.5,1100,1.5,0,0,'Kgs',0,'0','0','0','0','','',0,0,0,0,0,0,'0000-00-00','0000-00-00','0000-00-00',0,0,0,0,0,0,NULL),(74,1,30,'102','CHICKEN THAI BONELESS (LOCAL)',0.25,350,0.25,0,0,'Kgs',0,'0','0','0','0','','',0,0,0,0,0,0,'0000-00-00','0000-00-00','0000-00-00',0,0,0,0,0,0,NULL),(75,1,30,'403','CABBAGE',1,150,1,0,0,'Kgs',0,'0','0','0','0','','',0,0,0,0,0,0,'0000-00-00','0000-00-00','0000-00-00',0,0,0,0,0,0,NULL),(76,1,30,'402','CARROTS',1,85,1,0,0,'Kgs',0,'0','0','0','0','','',0,0,0,0,0,0,'0000-00-00','0000-00-00','0000-00-00',0,0,0,0,0,0,NULL),(77,1,30,'406','ZUCCHINI',0.5,250,0.5,0,0,'Kgs',0,'0','0','0','0','','',0,0,0,0,0,0,'0000-00-00','0000-00-00','0000-00-00',0,0,0,0,0,0,NULL),(78,1,30,'418','GREEN CHILLI',0.1,150,0.1,0,0,'Kgs',0,'0','0','0','0','','',0,0,0,0,0,0,'0000-00-00','0000-00-00','0000-00-00',0,0,0,0,0,0,NULL),(79,2,30,'854','WHIP CREAM RICHI WHIP ',2,1100,2,0,0,'Pack',0,'0','0','0','0','','',0,0,0,0,0,0,'0000-00-00','0000-00-00','0000-00-00',0,0,0,0,0,0,NULL),(80,2,30,'364','POLAC MILK 390 GRAMS ',0,200,0,0,0,'Bottles',0,'0','0','0','0','','',0,0,0,0,0,0,'0000-00-00','0000-00-00','0000-00-00',0,0,0,0,0,0,NULL),(81,2,30,'371','SUFI COOKING OIL 1 LITER ',3,176,3,0,0,'Pack',0,'0','0','0','0','','',0,0,0,0,0,0,'0000-00-00','0000-00-00','0000-00-00',0,0,0,0,0,0,NULL),(82,2,30,'205','YELLOW BUTTER FRESH',0.5,500,0.5,0,0,'Kgs',0,'0','0','0','0','','',0,0,0,0,0,0,'0000-00-00','0000-00-00','0000-00-00',0,0,0,0,0,0,NULL),(83,2,30,'233','MILK PACK CREAM 200ML ',2,93.89,2,0,0,'pcs',0,'0','0','0','0','','',0,0,0,0,0,0,'0000-00-00','0000-00-00','0000-00-00',0,0,0,0,0,0,NULL),(84,2,30,'254','CHOCO  POWDER LOOSE ',2,200,2,0,0,'Kgs',0,'0','0','0','0','','',0,0,0,0,0,0,'0000-00-00','0000-00-00','0000-00-00',0,0,0,0,0,0,NULL),(85,2,30,'759','BELGIAN WHITE CHOCOLATE 31.3% COCOA',0,1200,0,0,0,'pcs',0,'0','0','0','0','','',0,0,0,0,0,0,'0000-00-00','0000-00-00','0000-00-00',0,0,0,0,0,0,NULL),(86,2,30,'712','PUK CHEESE ',1,920,1,0,0,'Bottles',0,'0','0','0','0','','',0,0,0,0,0,0,'0000-00-00','0000-00-00','0000-00-00',0,0,0,0,0,0,NULL),(87,2,30,'266','GLUCOSE',2,150,2,0,0,'Kgs',0,'0','0','0','0','','',0,0,0,0,0,0,'0000-00-00','0000-00-00','0000-00-00',0,0,0,0,0,0,NULL),(88,2,30,'389','OLIVE OIL 4 LITTER ',1,4000,1,0,0,'Bottles',0,'0','0','0','0','','',0,0,0,0,0,0,'0000-00-00','0000-00-00','0000-00-00',0,0,0,0,0,0,NULL),(89,2,30,'252','WALNUT AKHROOT ',0.4,1500,0.4,0,0,'Kgs',0,'0','0','0','0','','',0,0,0,0,0,0,'0000-00-00','0000-00-00','0000-00-00',0,0,0,0,0,0,NULL),(90,2,30,'249','ALMOND ',0.6,1500,0.6,0,0,'Kgs',0,'0','0','0','0','','',0,0,0,0,0,0,'0000-00-00','0000-00-00','0000-00-00',0,0,0,0,0,0,NULL),(91,2,30,'263','ALL PURPOSE FLOUR',2,60,2,0,0,'Kgs',0,'0','0','0','0','','',0,0,0,0,0,0,'0000-00-00','0000-00-00','0000-00-00',0,0,0,0,0,0,NULL),(92,2,30,'301','EGGS',5,100,5,0,0,'Doz',0,'0','0','0','0','','',0,0,0,0,0,0,'0000-00-00','0000-00-00','0000-00-00',0,0,0,0,0,0,NULL),(93,2,30,'736','BROWN SUGAR',1,300,1,0,0,'Pack',0,'0','0','0','0','','',0,0,0,0,0,0,'0000-00-00','0000-00-00','0000-00-00',0,0,0,0,0,0,NULL),(94,2,30,'281','ICEING SUGAR',2,300,2,0,0,'Pack',0,'0','0','0','0','','',0,0,0,0,0,0,'0000-00-00','0000-00-00','0000-00-00',0,0,0,0,0,0,NULL),(95,2,30,'798','CHOCOLATE SYRUP',1,620,1,0,0,'Bottles',0,'0','0','0','0','','',0,0,0,0,0,0,'0000-00-00','0000-00-00','0000-00-00',0,0,0,0,0,0,NULL),(96,2,30,'858','VANILLA CAKEMIX BATTYCROKER ',1,300,1,0,0,'Pack',0,'0','0','0','0','','',0,0,0,0,0,0,'0000-00-00','0000-00-00','0000-00-00',0,0,0,0,0,0,NULL),(97,2,30,'859','ZILANDIA CHOCOLATE ',3.5,1000,3.5,0,0,'Kgs',0,'0','0','0','0','','',0,0,0,0,0,0,'0000-00-00','0000-00-00','0000-00-00',0,0,0,0,0,0,NULL),(98,2,30,'860','NESCAFE COFFEE  ',1,500,1,0,0,'Jar',0,'0','0','0','0','','',0,0,0,0,0,0,'0000-00-00','0000-00-00','0000-00-00',0,0,0,0,0,0,NULL),(99,2,30,'589','KISHMISH (SOGHI)',0.8,1000,0.8,0,0,'Kgs',0,'0','0','0','0','','',0,0,0,0,0,0,'0000-00-00','0000-00-00','0000-00-00',0,0,0,0,0,0,NULL),(100,2,30,'261','MALAYSIA DARK CHOCOLATE ',1.7,1200,1.7,0,0,'Kgs',0,'0','0','0','0','','',0,0,0,0,0,0,'0000-00-00','0000-00-00','0000-00-00',0,0,0,0,0,0,NULL),(101,3,30,'531','PLATE VERSECE LOGO ',74,1100,74,0,0,'pcs',0,'0','0','0','0','','',0,0,0,0,0,0,'0000-00-00','0000-00-00','0000-00-00',0,0,0,0,0,0,NULL),(102,3,30,'514','STEAK KNIFE ',23,100,23,0,0,'pcs',0,'0','0','0','0','','',0,0,0,0,0,0,'0000-00-00','0000-00-00','0000-00-00',0,0,0,0,0,0,NULL),(103,3,30,'533','SOUP CONTINENTS TRAY',4,100,4,0,0,'pcs',0,'0','0','0','0','','',0,0,0,0,0,0,'0000-00-00','0000-00-00','0000-00-00',0,0,0,0,0,0,NULL),(104,3,30,'517','SOUP BOWL CHINA ',33,325,33,0,0,'pcs',0,'0','0','0','0','','',0,0,0,0,0,0,'0000-00-00','0000-00-00','0000-00-00',0,0,0,0,0,0,NULL),(105,3,30,'524','STEAK VEGI PLATE  (WOODEN) ',9,200,9,0,0,'pcs',0,'0','0','0','0','','',0,0,0,0,0,0,'0000-00-00','0000-00-00','0000-00-00',0,0,0,0,0,0,NULL),(106,3,30,'525','STEAK SAUCE BOWL  (WOODEN)',25,100,25,0,0,'pcs',0,'0','0','0','0','','',0,0,0,0,0,0,'0000-00-00','0000-00-00','0000-00-00',0,0,0,0,0,0,NULL),(107,3,30,'504','RECT SERVING PLATE 33CM',61,800,61,0,0,'pcs',0,'0','0','0','0','','',0,0,0,0,0,0,'0000-00-00','0000-00-00','0000-00-00',0,0,0,0,0,0,NULL),(108,3,30,'503','SQ DINNER PLATE 27CM',62,750,62,0,0,'pcs',0,'0','0','0','0','','',0,0,0,0,0,0,'0000-00-00','0000-00-00','0000-00-00',0,0,0,0,0,0,NULL),(109,3,30,'518','SOUP SAUCER CHINA ',34,100,34,0,0,'pcs',0,'0','0','0','0','','',0,0,0,0,0,0,'0000-00-00','0000-00-00','0000-00-00',0,0,0,0,0,0,NULL),(110,3,30,'502','SQ DESSERT PLATE 21CM',93,400,93,0,0,'pcs',0,'0','0','0','0','','',0,0,0,0,0,0,'0000-00-00','0000-00-00','0000-00-00',0,0,0,0,0,0,NULL),(111,3,30,'505','RECT SERVING BOWL 22.5CM',25,650,25,0,0,'pcs',0,'0','0','0','0','','',0,0,0,0,0,0,'0000-00-00','0000-00-00','0000-00-00',0,0,0,0,0,0,NULL),(112,3,30,'506','SQ Soup PLATE 20.5CM',24,650,24,0,0,'pcs',0,'0','0','0','0','','',0,0,0,0,0,0,'0000-00-00','0000-00-00','0000-00-00',0,0,0,0,0,0,NULL),(113,3,30,'511','DESSERT SPOON SMALL ',90,150,90,0,0,'pcs',0,'0','0','0','0','','',0,0,0,0,0,0,'0000-00-00','0000-00-00','0000-00-00',0,0,0,0,0,0,NULL),(114,3,30,'513','DINNER KNIFE ',111,200,111,0,0,'pcs',0,'0','0','0','0','','',0,0,0,0,0,0,'0000-00-00','0000-00-00','0000-00-00',0,0,0,0,0,0,NULL),(115,3,30,'510','DINNER SPOON MEDIUM',109,200,109,0,0,'pcs',0,'0','0','0','0','','',0,0,0,0,0,0,'0000-00-00','0000-00-00','0000-00-00',0,0,0,0,0,0,NULL),(116,3,30,'501','DINNER SPOON LARGE',110,0,110,0,0,'pcs',0,'0','0','0','0','','',0,0,0,0,0,0,'0000-00-00','0000-00-00','0000-00-00',0,0,0,0,0,0,NULL),(117,3,30,'512','DINNER FORK ',116,200,116,0,0,'pcs',0,'0','0','0','0','','',0,0,0,0,0,0,'0000-00-00','0000-00-00','0000-00-00',0,0,0,0,0,0,NULL),(118,3,30,'528','GLASS 350ML JUICE LONG ',32,1100,32,0,0,'pcs',0,'0','0','0','0','','',0,0,0,0,0,0,'0000-00-00','0000-00-00','0000-00-00',0,0,0,0,0,0,NULL),(119,3,30,'529','GLASS 300ML WATER (WINE) ',63,850,63,0,0,'pcs',0,'0','0','0','0','','',0,0,0,0,0,0,'0000-00-00','0000-00-00','0000-00-00',0,0,0,0,0,0,NULL),(120,3,30,'534','COFFEE MUG PORCILEN ',14,200,14,0,0,'pcs',0,'0','0','0','0','','',0,0,0,0,0,0,'0000-00-00','0000-00-00','0000-00-00',0,0,0,0,0,0,NULL),(121,3,30,'530','GLASS 50ML MINI ',84,50,84,0,0,'pcs',0,'0','0','0','0','','',0,0,0,0,0,0,'0000-00-00','0000-00-00','0000-00-00',0,0,0,0,0,0,NULL),(122,3,30,'544','ICE BUCKET ',2,250,2,0,0,'pcs',0,'0','0','0','0','','',0,0,0,0,0,0,'0000-00-00','0000-00-00','0000-00-00',0,0,0,0,0,0,NULL),(123,3,30,'545','SOUP CONTENTMENT FIX TYPE  ',7,150,7,0,0,'pcs',0,'0','0','0','0','','',0,0,0,0,0,0,'0000-00-00','0000-00-00','0000-00-00',0,0,0,0,0,0,NULL),(124,4,30,'871','SASAME SEED(TIL)',0.7,250,0.7,0,0,'Kgs',0,'','','','','','',0,0,0,0,0,0,'0000-00-00','0000-00-00','0000-00-00',0,0,0,0,0,0,NULL),(125,4,30,'867','MUSTARD YELLOW FRENCHS 2.98 KG ',1,1400,1,0,0,'Bottles',0,'','','','','','',0,0,0,0,0,0,'0000-00-00','0000-00-00','0000-00-00',0,0,0,0,0,0,NULL),(126,4,30,'873','SUNDRIED TOMATO OIL ',0,400,0,0,0,'Bottles',0,'','','','','','',0,0,0,0,0,0,'0000-00-00','0000-00-00','0000-00-00',0,0,0,0,0,0,NULL),(127,4,30,'872','DORITOS(CORN CHIPS) 50 GRAM',1,70,1,0,0,'Pack',0,'','','','','','',0,0,0,0,0,0,'0000-00-00','0000-00-00','0000-00-00',0,0,0,0,0,0,NULL),(128,4,30,'866','WORCESTER SHIRE SAUCE 295ML ',1,245,1,0,0,'Bottles',0,'','','','','','',0,0,0,0,0,0,'0000-00-00','0000-00-00','0000-00-00',0,0,0,0,0,0,NULL),(129,5,30,'303','RICE ZARAFA 2 YEARS OLD',5,170,5,0,0,'Kgs',0,'','','','','','',0,0,0,0,0,0,'0000-00-00','0000-00-00','0000-00-00',0,0,0,0,0,0,NULL),(130,5,30,'246','RED CHILLI WHOLE ROUND ',2,300,2,0,0,'pcs',0,'','','','','','',0,0,0,0,0,0,'0000-00-00','0000-00-00','0000-00-00',0,0,0,0,0,0,NULL),(131,5,30,'356','SWEET CORN TIN ',1,200,1,0,0,'Jar',0,'','','','','','',0,0,0,0,0,0,'0000-00-00','0000-00-00','0000-00-00',0,0,0,0,0,0,NULL),(132,5,30,'272','CAPERS (BEN-DELS)',1,560,1,0,0,'pcs',0,'','','','','','',0,0,0,0,0,0,'0000-00-00','0000-00-00','0000-00-00',0,0,0,0,0,0,NULL),(133,5,30,'306','FETTUCCINE PASTA',1,360,1,0,0,'Pack',0,'','','','','','',0,0,0,0,0,0,'0000-00-00','0000-00-00','0000-00-00',0,0,0,0,0,0,NULL),(134,5,30,'201','FRESH CREAM',6,280,6,0,0,'Kgs',0,'','','','','','',0,0,0,0,0,0,'0000-00-00','0000-00-00','0000-00-00',0,0,0,0,0,0,NULL),(135,5,30,'762','CHILLI SAUCE 5KG PACK ',1,600,1,0,0,'Bottles',0,'','','','','','',0,0,0,0,0,0,'0000-00-00','0000-00-00','0000-00-00',0,0,0,0,0,0,NULL),(136,5,30,'776','SHEEZAN TOMATO KETCHUP 4KG ',1,400,1,0,0,'Bottles',0,'','','','','','',0,0,0,0,0,0,'0000-00-00','0000-00-00','0000-00-00',0,0,0,0,0,0,NULL),(137,5,30,'774','CLING FILM ',1,250,1,0,0,'Pack',0,'','','','','','',0,0,0,0,0,0,'0000-00-00','0000-00-00','0000-00-00',0,0,0,0,0,0,NULL),(138,5,30,'271','LEMON JUICE (MITCHELS)',2,129,2,0,0,'Bottles',0,'','','','','','',0,0,0,0,0,0,'0000-00-00','0000-00-00','0000-00-00',0,0,0,0,0,0,NULL),(139,5,30,'300','GREEN OLIVES',1,400,1,0,0,'Bottles',0,'','','','','','',0,0,0,0,0,0,'0000-00-00','0000-00-00','0000-00-00',0,0,0,0,0,0,NULL),(140,5,30,'791','NESTLE JUICE KINNU ',1,160,1,0,0,'Pack',0,'','','','','','',0,0,0,0,0,0,'0000-00-00','0000-00-00','0000-00-00',0,0,0,0,0,0,NULL),(141,5,30,'204','MILK PACK MILK 1 LTTER ',1,127.55,1,0,0,'Kgs',0,'','','','','','',0,0,0,0,0,0,'0000-00-00','0000-00-00','0000-00-00',0,0,0,0,0,0,NULL),(142,5,30,'857','FISH PREGOSIUS RAW',6,360,6,0,0,'Kgs',0,'','','','','','',0,0,0,0,0,0,'0000-00-00','0000-00-00','0000-00-00',0,0,0,0,0,0,NULL),(143,5,30,'805','SPRITE 300ML CAN',36,44.58,36,0,0,'Bottles',0,'','','','','','',0,0,0,0,0,0,'0000-00-00','0000-00-00','0000-00-00',0,0,0,0,0,0,NULL),(144,5,30,'822','AQUA FINA WATER 500ML ',12,21.77,12,0,0,'Bottles',0,'','','','','','',0,0,0,0,0,0,'0000-00-00','0000-00-00','0000-00-00',0,0,0,0,0,0,NULL),(145,5,30,'801','COKE 300 ML CAN',12,45.09,12,0,0,'Bottles',0,'','','','','','',0,0,0,0,0,0,'0000-00-00','0000-00-00','0000-00-00',0,0,0,0,0,0,NULL),(146,5,30,'782','LIME JUICE GORDIAL ',1,250,1,0,0,'Bottles',0,'','','','','','',0,0,0,0,0,0,'0000-00-00','0000-00-00','0000-00-00',0,0,0,0,0,0,NULL),(147,5,30,'350','FRENCH FRIES Mccain 2.5kg ',2,716.67,2,0,0,'Pack',0,'','','','','','',0,0,0,0,0,0,'0000-00-00','0000-00-00','0000-00-00',0,0,0,0,0,0,NULL),(148,5,30,'106','CHICKEN BREAST LOCAL',6,363,6,0,0,'Kgs',0,'','','','','','',0,0,0,0,0,0,'0000-00-00','0000-00-00','0000-00-00',0,0,0,0,0,0,NULL),(149,5,30,'233','MILK PACK CREAM 200ML ',10,93.86,10,0,0,'pcs',0,'','','','','','',0,0,0,0,0,0,'0000-00-00','0000-00-00','0000-00-00',0,0,0,0,0,0,NULL),(150,5,30,'371','SUFI COOKING OIL 1 LITER ',10,176,10,0,0,'Pack',0,'','','','','','',0,0,0,0,0,0,'0000-00-00','0000-00-00','0000-00-00',0,0,0,0,0,0,NULL),(151,5,30,'294','BUTTON MASHROOM 400G TIN ',7,127.42,7,0,0,'Pack',0,'','','','','','',0,0,0,0,0,0,'0000-00-00','0000-00-00','0000-00-00',0,0,0,0,0,0,NULL),(152,5,30,'413','GARLIC',2,290,2,0,0,'Kgs',0,'','','','','','',0,0,0,0,0,0,'0000-00-00','0000-00-00','0000-00-00',0,0,0,0,0,0,NULL),(153,5,30,'106','CHICKEN BREAST LOCAL',3,360,3,0,0,'Kgs',0,'','','','','','',0,0,0,0,0,0,'0000-00-00','0000-00-00','0000-00-00',0,0,0,0,0,0,NULL),(154,5,30,'230','CORN FLOUR LOSSE ',6,96.67,6,0,0,'Kgs',0,'','','','','','',0,0,0,0,0,0,'0000-00-00','0000-00-00','0000-00-00',0,0,0,0,0,0,NULL),(155,5,30,'201','FRESH CREAM',2,280,2,0,0,'Kgs',0,'','','','','','',0,0,0,0,0,0,'0000-00-00','0000-00-00','0000-00-00',0,0,0,0,0,0,NULL),(156,5,30,'233','MILK PACK CREAM 200ML ',6,93.86,6,0,0,'pcs',0,'','','','','','',0,0,0,0,0,0,'0000-00-00','0000-00-00','0000-00-00',0,0,0,0,0,0,NULL),(157,5,30,'777','CESHWNUT (KAJU) LOOSE ',0.3,2500,0.3,0,0,'Kgs',0,'','','','','','',0,0,0,0,0,0,'0000-00-00','0000-00-00','0000-00-00',0,0,0,0,0,0,NULL),(158,5,30,'203','PREMA MILK ',2,135,2,0,0,'Kgs',0,'','','','','','',0,0,0,0,0,0,'0000-00-00','0000-00-00','0000-00-00',0,0,0,0,0,0,NULL),(159,5,30,'232','CRUSHED CHILLI (DADER MIRCH)',0.5,285,0.5,0,0,'Kgs',0,'','','','','','',0,0,0,0,0,0,'0000-00-00','0000-00-00','0000-00-00',0,0,0,0,0,0,NULL),(160,6,30,'274','SAMBAL OELEK CHILLI 250G YEOS',1,292.86,1,0,0,'Bottles',0,'','','','','','',0,0,0,0,0,0,'0000-00-00','0000-00-00','0000-00-00',0,0,0,0,0,0,NULL),(161,6,30,'294','BUTTON MASHROOM 400G TIN ',7,127.42,7,0,0,'Pack',0,'','','','','','',0,0,0,0,0,0,'0000-00-00','0000-00-00','0000-00-00',0,0,0,0,0,0,NULL),(162,6,30,'795','PEEL TOMATO TIN PACK ',2,166,2,0,0,'Pack',0,'','','','','','',0,0,0,0,0,0,'0000-00-00','0000-00-00','0000-00-00',0,0,0,0,0,0,NULL),(163,6,30,'201','FRESH CREAM',4,280,4,0,0,'Kgs',0,'','','','','','',0,0,0,0,0,0,'0000-00-00','0000-00-00','0000-00-00',0,0,0,0,0,0,NULL),(164,6,30,'306','FETTUCCINE PASTA',1,360,1,0,0,'Pack',0,'','','','','','',0,0,0,0,0,0,'0000-00-00','0000-00-00','0000-00-00',0,0,0,0,0,0,NULL),(165,6,30,'308','BREAD CRUMBS 1KG ',1,320,1,0,0,'Pack',0,'','','','','','',0,0,0,0,0,0,'0000-00-00','0000-00-00','0000-00-00',0,0,0,0,0,0,NULL),(166,6,30,'301','EGGS',7.5,100,7.5,0,0,'Doz',0,'','','','','','',0,0,0,0,0,0,'0000-00-00','0000-00-00','0000-00-00',0,0,0,0,0,0,NULL),(167,6,30,'790','RICE STAFF FOOD',5,130,5,0,0,'Kgs',0,'','','','','','',0,0,0,0,0,0,'0000-00-00','0000-00-00','0000-00-00',0,0,0,0,0,0,NULL),(168,6,30,'856','CHEESE CHADDER 2KG BLOCK ',1,2000,1,0,0,'Pack',0,'','','','','','',0,0,0,0,0,0,'0000-00-00','0000-00-00','0000-00-00',0,0,0,0,0,0,NULL),(169,6,30,'205','YELLOW BUTTER FRESH',3,500,3,0,0,'Kgs',0,'','','','','','',0,0,0,0,0,0,'0000-00-00','0000-00-00','0000-00-00',0,0,0,0,0,0,NULL),(170,6,30,'309','PANNE REGGIA PASTA',1,300,1,0,0,'Pack',0,'','','','','','',0,0,0,0,0,0,'0000-00-00','0000-00-00','0000-00-00',0,0,0,0,0,0,NULL),(171,6,30,'153','SHRIMPS 21/25',1,1300,1,0,0,'Kgs',0,'','','','','','',0,0,0,0,0,0,'0000-00-00','0000-00-00','0000-00-00',0,0,0,0,0,0,NULL),(172,6,30,'335','SOYA SAUCE LIGHT 2 LITER (LEE KUM KI )',1,400,1,0,0,'Bottles',0,'','','','','','',0,0,0,0,0,0,'0000-00-00','0000-00-00','0000-00-00',0,0,0,0,0,0,NULL),(173,6,30,'334','SOYA SAUCE DARK 2 LITER (LEE KUM KI )',1,400,1,0,0,'Bottles',0,'','','','','','',0,0,0,0,0,0,'0000-00-00','0000-00-00','0000-00-00',0,0,0,0,0,0,NULL),(174,6,30,'790','RICE STAFF FOOD',4,130,4,0,0,'Kgs',0,'','','','','','',0,0,0,0,0,0,'0000-00-00','0000-00-00','0000-00-00',0,0,0,0,0,0,NULL),(175,6,30,'265','SUGAR',4,60,4,0,0,'Kgs',0,'','','','','','',0,0,0,0,0,0,'0000-00-00','0000-00-00','0000-00-00',0,0,0,0,0,0,NULL),(176,6,30,'613','LEMON MAX BAR 290 GRAMS ',1,77.72,1,0,0,'Kgs',0,'','','','','','',0,0,0,0,0,0,'0000-00-00','0000-00-00','0000-00-00',0,0,0,0,0,0,NULL),(177,6,30,'705','TISSUE BOX ANTIQUE ',3,77.72,3,0,0,'Kgs',0,'','','','','','',0,0,0,0,0,0,'0000-00-00','0000-00-00','0000-00-00',0,0,0,0,0,0,NULL),(178,6,30,'801','COKE 300 ML CAN',48,45.09,48,0,0,'Bottles',0,'','','','','','',0,0,0,0,0,0,'0000-00-00','0000-00-00','0000-00-00',0,0,0,0,0,0,NULL),(179,6,30,'805','SPRITE 300ML CAN',48,44.58,48,0,0,'Bottles',0,'','','','','','',0,0,0,0,0,0,'0000-00-00','0000-00-00','0000-00-00',0,0,0,0,0,0,NULL),(180,6,30,'824','KINLEY MINRAL WATER ',48,77.72,48,0,0,'Kgs',0,'','','','','','',0,0,0,0,0,0,'0000-00-00','0000-00-00','0000-00-00',0,0,0,0,0,0,NULL),(181,6,30,'800','KNOOR CHICKEN POWDER',2,77.72,2,0,0,'Kgs',0,'','','','','','',0,0,0,0,0,0,'0000-00-00','0000-00-00','0000-00-00',0,0,0,0,0,0,NULL),(182,7,30,'303','RICE ZARAFA 2 YEARS OLD',5,170,5,0,0,'Kgs',0,'','','','','','',0,0,0,0,0,0,'0000-00-00','0000-00-00','0000-00-00',0,0,0,0,0,0,NULL),(183,7,30,'265','SUGAR',0,60,0,0,0,'Kgs',0,'','','','','','',0,0,0,0,0,0,'0000-00-00','0000-00-00','0000-00-00',0,0,0,0,0,0,NULL),(184,7,30,'204','MILK PACK MILK 1 LTTER ',3,127.55,3,0,0,'Kgs',0,'','','','','','',0,0,0,0,0,0,'0000-00-00','0000-00-00','0000-00-00',0,0,0,0,0,0,NULL),(185,7,30,'233','MILK PACK CREAM 200ML ',24,93.86,24,0,0,'pcs',0,'','','','','','',0,0,0,0,0,0,'0000-00-00','0000-00-00','0000-00-00',0,0,0,0,0,0,NULL),(186,7,30,'201','FRESH CREAM',6,280,6,0,0,'Kgs',0,'','','','','','',0,0,0,0,0,0,'0000-00-00','0000-00-00','0000-00-00',0,0,0,0,0,0,NULL),(187,7,30,'850','DAAL MASH ',3,180,3,0,0,'Kgs',0,'','','','','','',0,0,0,0,0,0,'0000-00-00','0000-00-00','0000-00-00',0,0,0,0,0,0,NULL),(188,7,30,'371','SUFI COOKING OIL 1 LITER ',1,176,1,0,0,'Pack',0,'','','','','','',0,0,0,0,0,0,'0000-00-00','0000-00-00','0000-00-00',0,0,0,0,0,0,NULL),(189,7,30,'418','GREEN CHILLI',0.25,100,0.25,0,0,'Kgs',0,'','','','','','',0,0,0,0,0,0,'0000-00-00','0000-00-00','0000-00-00',0,0,0,0,0,0,NULL),(190,7,30,'401','ONION',2,82,2,0,0,'Kgs',0,'','','','','','',0,0,0,0,0,0,'0000-00-00','0000-00-00','0000-00-00',0,0,0,0,0,0,NULL),(191,7,30,'1100','LEMON FRESH ',1,200,1,0,0,'Kgs',0,'','','','','','',0,0,0,0,0,0,'0000-00-00','0000-00-00','0000-00-00',0,0,0,0,0,0,NULL),(192,7,30,'740','TOMATOES',2,190,2,0,0,'Kgs',0,'','','','','','',0,0,0,0,0,0,'0000-00-00','0000-00-00','0000-00-00',0,0,0,0,0,0,NULL),(193,7,30,'417','GINGER',0.25,200,0.25,0,0,'Kgs',0,'','','','','','',0,0,0,0,0,0,'0000-00-00','0000-00-00','0000-00-00',0,0,0,0,0,0,NULL),(194,7,30,'153','SHRIMPS 21/25',1,1300,1,0,0,'Kgs',0,'','','','','','',0,0,0,0,0,0,'0000-00-00','0000-00-00','0000-00-00',0,0,0,0,0,0,NULL),(195,7,30,'294','BUTTON MASHROOM 400G TIN ',9,127.42,9,0,0,'Pack',0,'','','','','','',0,0,0,0,0,0,'0000-00-00','0000-00-00','0000-00-00',0,0,0,0,0,0,NULL),(196,7,30,'314','SALT',1,20,1,0,0,'Pack',0,'','','','','','',0,0,0,0,0,0,'0000-00-00','0000-00-00','0000-00-00',0,0,0,0,0,0,NULL),(197,7,30,'800','KNOOR CHICKEN POWDER',2,491.91,2,0,0,'Jar',1,'','','','','','',0,0,0,0,0,0,'0000-00-00','0000-00-00','0000-00-00',0,0,0,0,0,0,NULL),(198,7,30,'309','PANNE REGGIA PASTA',1,300,1,0,0,'Pack',0,'','','','','','',0,0,0,0,0,0,'0000-00-00','0000-00-00','0000-00-00',0,0,0,0,0,0,NULL),(199,7,30,'272','CAPERS (BEN-DELS)',1,560,1,0,0,'pcs',0,'','','','','','',0,0,0,0,0,0,'0000-00-00','0000-00-00','0000-00-00',0,0,0,0,0,0,NULL),(200,7,30,'867','MUSTARD YELLOW FRENCHS 2.98 KG ',1,1400,1,0,0,'Bottles',0,'','','','','','',0,0,0,0,0,0,'0000-00-00','0000-00-00','0000-00-00',0,0,0,0,0,0,NULL),(201,7,30,'396','RED WINE VINEGAR 500ML ',1,341.82,1,0,0,'Bottles',0,'','','','','','',0,0,0,0,0,0,'0000-00-00','0000-00-00','0000-00-00',0,0,0,0,0,0,NULL),(202,7,30,'767','HOT SAUCE 470GRAMS ',1,250,1,0,0,'Bottles',0,'','','','','','',0,0,0,0,0,0,'0000-00-00','0000-00-00','0000-00-00',0,0,0,0,0,0,NULL),(203,7,30,'262','DRIED MASHROOM BLACK',0.2,4000,0.2,0,0,'Kgs',0,'','','','','','',0,0,0,0,0,0,'0000-00-00','0000-00-00','0000-00-00',0,0,0,0,0,0,NULL),(204,7,30,'319','TOBASSCO SAUCE',3,250,3,0,0,'Pack',0,'','','','','','',0,0,0,0,0,0,'0000-00-00','0000-00-00','0000-00-00',0,0,0,0,0,0,NULL),(205,7,30,'865','TOMATO KETCHUP (KNORR) 4kg ',2,835,2,0,0,'pcs',0,'','','','','','',0,0,0,0,0,0,'0000-00-00','0000-00-00','0000-00-00',0,0,0,0,0,0,NULL),(206,7,30,'308','BREAD CRUMBS 1KG ',2,320,2,0,0,'Pack',0,'','','','','','',0,0,0,0,0,0,'0000-00-00','0000-00-00','0000-00-00',0,0,0,0,0,0,NULL),(207,7,30,'350','FRENCH FRIES Mccain 2.5kg ',5,716.67,5,0,0,'Pack',0,'','','','','','',0,0,0,0,0,0,'0000-00-00','0000-00-00','0000-00-00',0,0,0,0,0,0,NULL),(208,7,30,'306','FETTUCCINE PASTA',1,360,1,0,0,'Pack',0,'','','','','','',0,0,0,0,0,0,'0000-00-00','0000-00-00','0000-00-00',0,0,0,0,0,0,NULL),(209,7,30,'301','EGGS',7.5,100,7.5,0,0,'Doz',0,'','','','','','',0,0,0,0,0,0,'0000-00-00','0000-00-00','0000-00-00',0,0,0,0,0,0,NULL),(210,7,30,'230','CORN FLOUR LOSSE ',5,96.67,5,0,0,'Kgs',0,'','','','','','',0,0,0,0,0,0,'0000-00-00','0000-00-00','0000-00-00',0,0,0,0,0,0,NULL),(211,7,30,'868','FRY ALL 16 LITER DALDA ',1,2970,1,0,0,'Jar',0,'','','','','','',0,0,0,0,0,0,'0000-00-00','0000-00-00','0000-00-00',0,0,0,0,0,0,NULL),(212,7,30,'303','RICE ZARAFA 2 YEARS OLD',2,170,2,0,0,'Kgs',0,'','','','','','',0,0,0,0,0,0,'0000-00-00','0000-00-00','0000-00-00',0,0,0,0,0,0,NULL),(213,8,30,'301','EGGS',4,100,4,0,0,'Doz',0,'','','','','','',0,0,0,0,0,0,'0000-00-00','0000-00-00','0000-00-00',0,0,0,0,0,0,NULL),(214,8,30,'372','STRAWBERRY FILLING 595GM ',1,392,1,0,0,'Bottles',0,'','','','','','',0,0,0,0,0,0,'0000-00-00','0000-00-00','0000-00-00',0,0,0,0,0,0,NULL),(215,8,30,'265','SUGAR',2,60,2,0,0,'Kgs',0,'','','','','','',0,0,0,0,0,0,'0000-00-00','0000-00-00','0000-00-00',0,0,0,0,0,0,NULL),(216,8,30,'281','ICEING SUGAR',3,125,3,0,0,'Pack',0,'','','','','','',0,0,0,0,0,0,'0000-00-00','0000-00-00','0000-00-00',0,0,0,0,0,0,NULL),(217,8,30,'308','BREAD CRUMBS 1KG ',1,77.72,1,0,0,'Kgs',0,'','','','','','',0,0,0,0,0,0,'0000-00-00','0000-00-00','0000-00-00',0,0,0,0,0,0,NULL),(218,8,30,'204','MILK PACK MILK 1 LTTER ',1,130,1,0,0,'Kgs',0,'','','','','','',0,0,0,0,0,0,'0000-00-00','0000-00-00','0000-00-00',0,0,0,0,0,0,NULL),(219,8,30,'233','MILK PACK CREAM 200ML ',10,93.86,10,0,0,'pcs',0,'','','','','','',0,0,0,0,0,0,'0000-00-00','0000-00-00','0000-00-00',0,0,0,0,0,0,NULL),(220,8,30,'878','STRAWBERRY TOPPING SUNDAE 3.6 KG SALMAN  ',1,920,1,0,0,'Bottles',0,'','','','','','',0,0,0,0,0,0,'0000-00-00','0000-00-00','0000-00-00',0,0,0,0,0,0,NULL),(221,9,30,'233','MILK PACK CREAM 200ML ',9,93.86,9,0,0,'pcs',0,'','','','','','',0,0,0,0,0,0,'0000-00-00','0000-00-00','0000-00-00',0,0,0,0,0,0,NULL),(222,9,30,'281','ICEING SUGAR',1,125,1,0,0,'Pack',0,'','','','','','',0,0,0,0,0,0,'0000-00-00','0000-00-00','0000-00-00',0,0,0,0,0,0,NULL),(223,9,30,'204','MILK PACK MILK 1 LTTER ',3,130,3,0,0,'Kgs',0,'','','','','','',0,0,0,0,0,0,'0000-00-00','0000-00-00','0000-00-00',0,0,0,0,0,0,NULL),(224,9,30,'301','EGGS',3.5,100,3.5,0,0,'Doz',0,'','','','','','',0,0,0,0,0,0,'0000-00-00','0000-00-00','0000-00-00',0,0,0,0,0,0,NULL),(225,9,30,'205','YELLOW BUTTER FRESH',3.5,500,3.5,0,0,'Kgs',0,'','','','','','',0,0,0,0,0,0,'0000-00-00','0000-00-00','0000-00-00',0,0,0,0,0,0,NULL),(226,9,30,'265','SUGAR',2,60,2,0,0,'Kgs',0,'','','','','','',0,0,0,0,0,0,'0000-00-00','0000-00-00','0000-00-00',0,0,0,0,0,0,NULL),(227,10,30,'760','SUPERBASE 100',1,1800,1,0,0,'Pack',0,'','','','','','',0,0,0,0,0,0,'0000-00-00','0000-00-00','0000-00-00',0,0,0,0,0,0,NULL),(228,10,30,'877','ICE CUBE(10KG BAG)',2,366.67,2,0,0,'Pack',0,'','','','','','',0,0,0,0,0,0,'0000-00-00','0000-00-00','0000-00-00',0,0,0,0,0,0,NULL),(229,10,30,'818','NESTLE APPLE JUICE 1 LTR',2,140,2,0,0,'Pack',0,'','','','','','',0,0,0,0,0,0,'0000-00-00','0000-00-00','0000-00-00',0,0,0,0,0,0,NULL),(230,10,30,'204','MILK PACK MILK 1 LTTER ',2,127.55,2,0,0,'Kgs',0,'','','','','','',0,0,0,0,0,0,'0000-00-00','0000-00-00','0000-00-00',0,0,0,0,0,0,NULL),(231,10,30,'823','RED BULL',6,195,6,0,0,'Bottles',0,'','','','','','',0,0,0,0,0,0,'0000-00-00','0000-00-00','0000-00-00',0,0,0,0,0,0,NULL),(232,10,30,'204','MILK PACK MILK 1 LTTER ',1,127.55,1,0,0,'Kgs',0,'','','','','','',0,0,0,0,0,0,'0000-00-00','0000-00-00','0000-00-00',0,0,0,0,0,0,NULL),(233,10,30,'203','PREMA MILK ',2,135,2,0,0,'Kgs',0,'','','','','','',0,0,0,0,0,0,'0000-00-00','0000-00-00','0000-00-00',0,0,0,0,0,0,NULL),(234,11,30,'101','CHICKEN FILLET 110 TO 120 GMS K&amp;N&#039;S',16,363,16,0,0,'Kgs',0,'','','','','','',0,0,0,0,0,0,'0000-00-00','0000-00-00','0000-00-00',0,0,0,0,0,0,NULL),(235,12,30,'201','FRESH CREAM',6,280,6,0,0,'Kgs',0,'','','','','','',0,0,0,0,0,0,'0000-00-00','0000-00-00','0000-00-00',0,0,0,0,0,0,NULL),(236,12,30,'271','LEMON JUICE (MITCHELS)',1,129,1,0,0,'Bottles',0,'','','','','','',0,0,0,0,0,0,'0000-00-00','0000-00-00','0000-00-00',0,0,0,0,0,0,NULL),(237,12,30,'204','MILK PACK MILK 1 LTTER ',2,130.9,2,0,0,'Kgs',0,'','','','','','',0,0,0,0,0,0,'0000-00-00','0000-00-00','0000-00-00',0,0,0,0,0,0,NULL),(238,12,30,'800','KNOOR CHICKEN POWDER',1,492,1,0,0,'Jar',0,'','','','','','',0,0,0,0,0,0,'0000-00-00','0000-00-00','0000-00-00',0,0,0,0,0,0,NULL),(239,12,30,'280','TOMATO KETCHUP 800GMS (KNORR)',1,120,1,0,0,'Bottles',0,'','','','','','',0,0,0,0,0,0,'0000-00-00','0000-00-00','0000-00-00',0,0,0,0,0,0,NULL),(240,12,30,'302','MAMASITTA OYSTER SAUCE 4.5 KG',1,2372,1,0,0,'Bottles',0,'','','','','','',0,0,0,0,0,0,'0000-00-00','0000-00-00','0000-00-00',0,0,0,0,0,0,NULL),(241,12,30,'232','CRUSHED CHILLI (DADER MIRCH)',1.5,285,1.5,0,0,'Kgs',0,'','','','','','',0,0,0,0,0,0,'0000-00-00','0000-00-00','0000-00-00',0,0,0,0,0,0,NULL),(242,12,30,'295','FRENCH MUSTARD ',1,300,1,0,0,'Bottles',0,'','','','','','',0,0,0,0,0,0,'0000-00-00','0000-00-00','0000-00-00',0,0,0,0,0,0,NULL),(243,12,30,'869','MUSHROOM SLICED TIN 3KG  ',3,670,3,0,0,'Jar',0,'','','','','','',0,0,0,0,0,0,'0000-00-00','0000-00-00','0000-00-00',0,0,0,0,0,0,NULL),(244,12,30,'104','CHICKEN NIBLETS WINGS (K&amp;N&#039;S)',2,290,2,0,0,'Kgs',0,'','','','','','',0,0,0,0,0,0,'0000-00-00','0000-00-00','0000-00-00',0,0,0,0,0,0,NULL),(245,12,30,'857','FISH PREGOSIUS RAW',7,360,7,0,0,'Kgs',0,'','','','','','',0,0,0,0,0,0,'0000-00-00','0000-00-00','0000-00-00',0,0,0,0,0,0,NULL),(246,12,30,'356','SWEET CORN TIN ',2,200,2,0,0,'Jar',0,'','','','','','',0,0,0,0,0,0,'0000-00-00','0000-00-00','0000-00-00',0,0,0,0,0,0,NULL),(247,12,30,'808','7UP 1.5 LTR',6,80,6,0,0,'Bottles',0,'','','','','','',0,0,0,0,0,0,'0000-00-00','0000-00-00','0000-00-00',0,0,0,0,0,0,NULL),(248,12,30,'265','SUGAR',5,60,5,0,0,'Bottles',0,'','','','','','',0,0,0,0,0,0,'0000-00-00','0000-00-00','0000-00-00',0,0,0,0,0,0,NULL),(249,12,30,'407','POTATOES',10,45,10,0,0,'Pack',0,'','','','','','',0,0,0,0,0,0,'0000-00-00','0000-00-00','0000-00-00',0,0,0,0,0,0,NULL),(250,12,30,'401','ONION',3,85,3,0,0,'Kgs',0,'','','','','','',0,0,0,0,0,0,'0000-00-00','0000-00-00','0000-00-00',0,0,0,0,0,0,NULL),(251,12,30,'404','GREEN ONION',2,200,2,0,0,'Kgs',0,'','','','','','',0,0,0,0,0,0,'0000-00-00','0000-00-00','0000-00-00',0,0,0,0,0,0,NULL),(252,12,30,'403','CABBAGE',1,90,1,0,0,'Kgs',0,'','','','','','',0,0,0,0,0,0,'0000-00-00','0000-00-00','0000-00-00',0,0,0,0,0,0,NULL),(253,12,30,'409','BROCCOLI',3,467,3,0,0,'Kgs',0,'','','','','','',0,0,0,0,0,0,'0000-00-00','0000-00-00','0000-00-00',0,0,0,0,0,0,NULL),(254,12,30,'411','GREEN CAPSICUM',4,130,4,0,0,'Kgs',0,'','','','','','',0,0,0,0,0,0,'0000-00-00','0000-00-00','0000-00-00',0,0,0,0,0,0,NULL),(255,12,30,'406','ZUCCHINI',5,130,5,0,0,'Kgs',0,'','','','','','',0,0,0,0,0,0,'0000-00-00','0000-00-00','0000-00-00',0,0,0,0,0,0,NULL),(256,12,30,'297','RED BEANS',3,77.72,3,0,0,'Kgs',0,'','','','','','',0,0,0,0,0,0,'0000-00-00','0000-00-00','0000-00-00',0,0,0,0,0,0,NULL),(257,12,30,'739','PARSLEY',0.2,1500,0.2,0,0,'Kgs',0,'','','','','','',0,0,0,0,0,0,'0000-00-00','0000-00-00','0000-00-00',0,0,0,0,0,0,NULL),(258,13,30,'203','PREMA MILK ',4,135,4,0,0,'Kgs',0,'','','','','','',0,0,0,0,0,0,'0000-00-00','0000-00-00','0000-00-00',0,0,0,0,0,0,NULL),(259,13,30,'204','MILK PACK MILK 1 LTTER ',4,133.75,4,0,0,'Kgs',0,'','','','','','',0,0,0,0,0,0,'0000-00-00','0000-00-00','0000-00-00',0,0,0,0,0,0,NULL),(260,13,30,'281','ICEING SUGAR',2,125,2,0,0,'Pack',0,'','','','','','',0,0,0,0,0,0,'0000-00-00','0000-00-00','0000-00-00',0,0,0,0,0,0,NULL),(261,13,30,'801','COKE 300 ML CAN',48,46,48,0,0,'Bottles',0,'','','','','','',0,0,0,0,0,0,'0000-00-00','0000-00-00','0000-00-00',0,0,0,0,0,0,NULL),(262,13,30,'805','SPRITE 300ML CAN',48,45.09,48,0,0,'Bottles',0,'','','','','','',0,0,0,0,0,0,'0000-00-00','0000-00-00','0000-00-00',0,0,0,0,0,0,NULL),(263,13,30,'809','COKE DIET 250 ML CAN',12,31,12,0,0,'Bottles',0,'','','','','','',0,0,0,0,0,0,'0000-00-00','0000-00-00','0000-00-00',0,0,0,0,0,0,NULL),(264,13,30,'875','BODY SPRAY',1,250,1,0,0,'pcs',0,'','','','','','',0,0,0,0,0,0,'0000-00-00','0000-00-00','0000-00-00',0,0,0,0,0,0,NULL),(265,13,30,'880','WOOD POLISH ',1,195,1,0,0,'Bottles',0,'','','','','','',0,0,0,0,0,0,'0000-00-00','0000-00-00','0000-00-00',0,0,0,0,0,0,NULL),(266,13,30,'777','CESHWNUT (KAJU) LOOSE ',0.5,2500,0.5,0,0,'Kgs',0,'','','','','','',0,0,0,0,0,0,'0000-00-00','0000-00-00','0000-00-00',0,0,0,0,0,0,NULL),(267,13,30,'808','7UP 1.5 LTR',6,80,6,0,0,'Kgs',0,'','','','','','',0,0,0,0,0,0,'0000-00-00','0000-00-00','0000-00-00',0,0,0,0,0,0,NULL),(268,13,30,'265','SUGAR',5,60,5,0,0,'Kgs',0,'','','','','','',0,0,0,0,0,0,'0000-00-00','0000-00-00','0000-00-00',0,0,0,0,0,0,NULL),(269,13,30,'794','KNOOR LIME SEASONING POWDER 400G',1,270,1,0,0,'Pack',0,'','','','','','',0,0,0,0,0,0,'0000-00-00','0000-00-00','0000-00-00',0,0,0,0,0,0,NULL),(270,13,30,'362','MELAPINE PINEAPPLE SLICE 3KG ',1,632,1,0,0,'Jar',0,'','','','','','',0,0,0,0,0,0,'0000-00-00','0000-00-00','0000-00-00',0,0,0,0,0,0,NULL),(271,13,30,'203','PREMA MILK ',2,135,2,0,0,'Kgs',0,'','','','','','',0,0,0,0,0,0,'0000-00-00','0000-00-00','0000-00-00',0,0,0,0,0,0,NULL),(272,13,30,'204','MILK PACK MILK 1 LTTER ',4,145,4,0,0,'Kgs',0,'','','','','','',0,0,0,0,0,0,'0000-00-00','0000-00-00','0000-00-00',0,0,0,0,0,0,NULL),(273,13,30,'822','AQUA FINA WATER 500ML ',12,25,12,0,0,'Kgs',0,'','','','','','',0,0,0,0,0,0,'0000-00-00','0000-00-00','0000-00-00',0,0,0,0,0,0,NULL),(274,14,30,'230','CORN FLOUR LOSSE ',2,82,2,0,0,'Kgs',0,'','','','','','',0,0,0,0,0,0,'0000-00-00','0000-00-00','0000-00-00',0,0,0,0,0,0,NULL),(275,15,30,'301','EGGS',7.5,105,7.5,0,0,'Doz',0,'','','','','','',0,0,0,0,0,0,'0000-00-00','0000-00-00','0000-00-00',0,0,0,0,0,0,NULL);
/*!40000 ALTER TABLE `0_sales_order_details` ENABLE KEYS */;
UNLOCK TABLES;

--
-- Table structure for table `0_sales_orders`
--

DROP TABLE IF EXISTS `0_sales_orders`;
/*!40101 SET @saved_cs_client     = @@character_set_client */;
/*!40101 SET character_set_client = utf8 */;
CREATE TABLE `0_sales_orders` (
  `order_no` int(11) NOT NULL,
  `trans_type` smallint(6) NOT NULL DEFAULT '30',
  `version` tinyint(1) unsigned NOT NULL DEFAULT '0',
  `type` tinyint(1) NOT NULL DEFAULT '0',
  `debtor_no` int(11) NOT NULL DEFAULT '0',
  `branch_code` int(11) NOT NULL DEFAULT '0',
  `reference` varchar(100) COLLATE utf8_unicode_ci NOT NULL DEFAULT '',
  `customer_ref` tinytext COLLATE utf8_unicode_ci NOT NULL,
  `comments` tinytext COLLATE utf8_unicode_ci,
  `ord_date` date NOT NULL DEFAULT '0000-00-00',
  `order_type` int(11) NOT NULL DEFAULT '0',
  `ship_via` int(11) NOT NULL DEFAULT '0',
  `delivery_address` tinytext COLLATE utf8_unicode_ci NOT NULL,
  `contact_phone` varchar(30) COLLATE utf8_unicode_ci DEFAULT NULL,
  `contact_email` varchar(100) COLLATE utf8_unicode_ci DEFAULT NULL,
  `deliver_to` tinytext COLLATE utf8_unicode_ci NOT NULL,
  `freight_cost` double NOT NULL DEFAULT '0',
  `from_stk_loc` varchar(5) COLLATE utf8_unicode_ci NOT NULL DEFAULT '',
  `delivery_date` date NOT NULL DEFAULT '0000-00-00',
  `payment_terms` int(11) DEFAULT NULL,
  `total` double NOT NULL DEFAULT '0',
  `prep_amount` double NOT NULL DEFAULT '0',
  `alloc` double NOT NULL DEFAULT '0',
  `sample` tinyint(4) NOT NULL,
  `supply` tinyint(4) NOT NULL,
  `dc` tinyint(4) NOT NULL,
  `invoice` tinyint(4) NOT NULL,
  `application` varchar(60) COLLATE utf8_unicode_ci NOT NULL,
  `discount1` double NOT NULL,
  `discount2` double NOT NULL,
  `disc1` double NOT NULL,
  `disc2` double NOT NULL,
  `po_date` date NOT NULL DEFAULT '0000-00-00',
  `term_cond` longtext COLLATE utf8_unicode_ci,
  `h_text1` varchar(55) COLLATE utf8_unicode_ci NOT NULL,
  `h_text2` varchar(55) COLLATE utf8_unicode_ci NOT NULL,
  `h_text3` varchar(55) COLLATE utf8_unicode_ci NOT NULL,
  `h_amount1` double NOT NULL,
  `h_amount2` double NOT NULL,
  `h_amount3` double NOT NULL,
  `h_date1` date NOT NULL DEFAULT '0000-00-00',
  `h_date2` date NOT NULL DEFAULT '0000-00-00',
  `h_date3` date NOT NULL DEFAULT '0000-00-00',
  `h_combo1` int(11) NOT NULL,
  `h_combo2` int(11) NOT NULL,
  `h_combo3` int(11) NOT NULL,
  `f_text1` varchar(55) COLLATE utf8_unicode_ci NOT NULL,
  `f_text2` varchar(55) COLLATE utf8_unicode_ci NOT NULL,
  `f_text3` varchar(55) COLLATE utf8_unicode_ci NOT NULL,
  `f_date1` date NOT NULL DEFAULT '0000-00-00',
  `f_date2` date NOT NULL DEFAULT '0000-00-00',
  `f_date3` date NOT NULL DEFAULT '0000-00-00',
  `f_combo1` int(11) NOT NULL,
  `f_combo2` int(11) NOT NULL,
  `f_combo3` int(11) NOT NULL,
  `f_comment1` text COLLATE utf8_unicode_ci NOT NULL,
  `f_comment2` text COLLATE utf8_unicode_ci NOT NULL,
  `f_comment3` text COLLATE utf8_unicode_ci NOT NULL,
  PRIMARY KEY (`trans_type`,`order_no`)
) ENGINE=InnoDB DEFAULT CHARSET=utf8 COLLATE=utf8_unicode_ci;
/*!40101 SET character_set_client = @saved_cs_client */;

--
-- Dumping data for table `0_sales_orders`
--

LOCK TABLES `0_sales_orders` WRITE;
/*!40000 ALTER TABLE `0_sales_orders` DISABLE KEYS */;
INSERT INTO `0_sales_orders` VALUES (1,30,1,0,10,8,'auto','','OPENING STOCK WAS TAKEN ON 5TH OCT 2017 MID NIGHT ','2017-10-08',1,1,'MAIN KITCHEN ANTIQUE CAFE','',NULL,'MAIN KITCHEN ANTIQUE CAFE',0,'001','2018-01-06',5,85156.86,0,0,0,0,0,0,'',0,0,0,0,'2017-10-08','','','','',0,0,0,'0000-00-00','0000-00-00','0000-00-00',0,0,0,'','','','0000-00-00','0000-00-00','0000-00-00',0,0,0,'','',''),(2,30,1,0,3,3,'auto','','','2017-10-09',1,1,'BAKERY SECTION ANTIQUE ','',NULL,'BAKERY SECTION ANTIQUE ',0,'001','2018-01-07',5,19565.78,0,0,0,0,0,0,'',0,0,0,0,'2017-10-09','','','','',0,0,0,'0000-00-00','0000-00-00','0000-00-00',0,0,0,'','','','0000-00-00','0000-00-00','0000-00-00',0,0,0,'','',''),(3,30,1,0,7,7,'auto','','','2017-10-09',1,1,'Front Cutlery &amp; Crockery ','',NULL,'Front Cutlery &amp; Crockery ',0,'001','2018-01-07',5,444875,0,0,0,0,0,0,'',0,0,0,0,'2017-10-09','','','','',0,0,0,'0000-00-00','0000-00-00','0000-00-00',0,0,0,'','','','0000-00-00','0000-00-00','0000-00-00',0,0,0,'','',''),(4,30,1,0,10,8,'auto','','','2017-10-09',1,1,'MAIN KITCHEN ANTIQUE CAFE','',NULL,'MAIN KITCHEN ANTIQUE CAFE',0,'001','2018-01-07',5,1890,0,0,0,0,0,0,'',0,0,0,0,'2017-10-09','','','','',0,0,0,'0000-00-00','0000-00-00','0000-00-00',0,0,0,'','','','0000-00-00','0000-00-00','0000-00-00',0,0,0,'','',''),(5,30,1,0,10,8,'auto','','','2017-10-09',1,1,'main kitchen ','',NULL,'MAIN KITCHEN ANTIQUE CAFE',0,'001','2018-01-07',5,22990.31,0,0,0,0,0,0,'',0,0,0,0,'2017-10-09','','','','',0,0,0,'0000-00-00','0000-00-00','0000-00-00',0,0,0,'','','','0000-00-00','0000-00-00','0000-00-00',0,0,0,'','',''),(6,30,1,0,10,8,'auto','','','2017-10-08',1,1,'MAIN KITCHEN ANTIQUE CAFE','',NULL,'MAIN KITCHEN ANTIQUE CAFE',0,'001','2018-01-06',5,19877.84,0,0,0,0,0,0,'',0,0,0,0,'2017-10-09','','','','',0,0,0,'0000-00-00','0000-00-00','0000-00-00',0,0,0,'','','','0000-00-00','0000-00-00','0000-00-00',0,0,0,'','',''),(7,30,1,0,10,8,'auto','','','2017-10-09',1,1,'main kitchen ','',NULL,'MAIN KITCHEN ANTIQUE CAFE',0,'001','2018-01-07',5,25349.41,0,0,0,0,0,0,'',0,0,0,0,'2017-10-09','','','','',0,0,0,'0000-00-00','0000-00-00','0000-00-00',0,0,0,'','','','0000-00-00','0000-00-00','0000-00-00',0,0,0,'','',''),(8,30,1,0,3,3,'auto','','','2017-10-08',1,1,'BAKERY SECTION ANTIQUE ','',NULL,'BAKERY SECTION ANTIQUE ',0,'001','2018-01-06',5,3353.32,0,0,0,0,0,0,'',0,0,0,0,'2017-10-09','','','','',0,0,0,'0000-00-00','0000-00-00','0000-00-00',0,0,0,'','','','0000-00-00','0000-00-00','0000-00-00',0,0,0,'','',''),(9,30,1,0,3,3,'auto','','','2017-10-09',1,1,'antique ','',NULL,'BAKERY SECTION ANTIQUE ',0,'001','2018-01-07',5,3579.74,0,0,0,0,0,0,'',0,0,0,0,'2017-10-09','','','','',0,0,0,'0000-00-00','0000-00-00','0000-00-00',0,0,0,'','','','0000-00-00','0000-00-00','0000-00-00',0,0,0,'','',''),(10,30,1,0,4,4,'auto','','','2017-10-09',1,1,'antique ','',NULL,'BAR SECTION ANTIQUE ',0,'001','2018-01-07',5,4635.99,0,0,0,0,0,0,'',0,0,0,0,'2017-10-09','','','','',0,0,0,'0000-00-00','0000-00-00','0000-00-00',0,0,0,'','','','0000-00-00','0000-00-00','0000-00-00',0,0,0,'','',''),(11,30,1,0,10,8,'auto','','','2017-10-05',1,1,'MAIN KITCHEN ANTIQUE CAFE','',NULL,'MAIN KITCHEN ANTIQUE CAFE',0,'001','2018-01-03',5,5808,0,0,0,0,0,0,'',0,0,0,0,'2017-10-10','','','','',0,0,0,'0000-00-00','0000-00-00','0000-00-00',0,0,0,'','','','0000-00-00','0000-00-00','0000-00-00',0,0,0,'','',''),(12,30,1,0,10,8,'auto','','','2017-10-09',1,1,'MAIN KITCHEN ANTIQUE CAFE','',NULL,'MAIN KITCHEN ANTIQUE CAFE',0,'001','2018-01-07',5,16371.46,0,0,0,0,0,0,'',0,0,0,0,'2017-10-11','','','','',0,0,0,'0000-00-00','0000-00-00','0000-00-00',0,0,0,'','','','0000-00-00','0000-00-00','0000-00-00',0,0,0,'','',''),(13,30,1,0,4,4,'auto','','','2017-10-11',1,1,'BAR SECTION ANTIQUE ','',NULL,'BAR SECTION ANTIQUE ',0,'001','2018-01-09',5,10596.32,0,0,0,0,0,0,'',0,0,0,0,'2017-10-11','','','','',0,0,0,'0000-00-00','0000-00-00','0000-00-00',0,0,0,'','','','0000-00-00','0000-00-00','0000-00-00',0,0,0,'','',''),(14,30,1,0,10,8,'auto','','','2017-10-09',1,1,'MAIN KITCHEN ANTIQUE CAFE','',NULL,'MAIN KITCHEN ANTIQUE CAFE',0,'001','2018-01-07',5,164,0,0,0,0,0,0,'',0,0,0,0,'2017-10-11','','','','',0,0,0,'0000-00-00','0000-00-00','0000-00-00',0,0,0,'','','','0000-00-00','0000-00-00','0000-00-00',0,0,0,'','',''),(15,30,1,0,3,3,'auto','','','2017-10-09',1,1,'BAKERY SECTION ANTIQUE ','',NULL,'BAKERY SECTION ANTIQUE ',0,'001','2018-01-07',5,787.5,0,0,0,0,0,0,'',0,0,0,0,'2017-10-11','','','','',0,0,0,'0000-00-00','0000-00-00','0000-00-00',0,0,0,'','','','0000-00-00','0000-00-00','0000-00-00',0,0,0,'','','');
/*!40000 ALTER TABLE `0_sales_orders` ENABLE KEYS */;
UNLOCK TABLES;

--
-- Table structure for table `0_sales_pos`
--

DROP TABLE IF EXISTS `0_sales_pos`;
/*!40101 SET @saved_cs_client     = @@character_set_client */;
/*!40101 SET character_set_client = utf8 */;
CREATE TABLE `0_sales_pos` (
  `id` smallint(6) unsigned NOT NULL AUTO_INCREMENT,
  `pos_name` varchar(30) COLLATE utf8_unicode_ci NOT NULL,
  `cash_sale` tinyint(1) NOT NULL,
  `credit_sale` tinyint(1) NOT NULL,
  `pos_location` varchar(5) COLLATE utf8_unicode_ci NOT NULL,
  `pos_account` smallint(6) unsigned NOT NULL,
  `inactive` tinyint(1) NOT NULL DEFAULT '0',
  PRIMARY KEY (`id`),
  UNIQUE KEY `pos_name` (`pos_name`)
) ENGINE=InnoDB DEFAULT CHARSET=utf8 COLLATE=utf8_unicode_ci;
/*!40101 SET character_set_client = @saved_cs_client */;

--
-- Dumping data for table `0_sales_pos`
--

LOCK TABLES `0_sales_pos` WRITE;
/*!40000 ALTER TABLE `0_sales_pos` DISABLE KEYS */;
INSERT INTO `0_sales_pos` VALUES (1,'Default',1,1,'DEF',2,0);
/*!40000 ALTER TABLE `0_sales_pos` ENABLE KEYS */;
UNLOCK TABLES;

--
-- Table structure for table `0_sales_pref`
--

DROP TABLE IF EXISTS `0_sales_pref`;
/*!40101 SET @saved_cs_client     = @@character_set_client */;
/*!40101 SET character_set_client = utf8 */;
CREATE TABLE `0_sales_pref` (
  `name` varchar(20) NOT NULL,
  `label_value` varchar(30) NOT NULL,
  `so_enable` tinyint(1) NOT NULL,
  PRIMARY KEY (`name`)
) ENGINE=InnoDB DEFAULT CHARSET=latin1;
/*!40101 SET character_set_client = @saved_cs_client */;

--
-- Dumping data for table `0_sales_pref`
--

LOCK TABLES `0_sales_pref` WRITE;
/*!40000 ALTER TABLE `0_sales_pref` DISABLE KEYS */;
INSERT INTO `0_sales_pref` VALUES ('amount_1','amount_1',0),('amount_2','amount_2',0),('amount_3','amount_3',0),('amount_4','amount_4',0),('amount_5','amount_5',0),('amount_6','amount_6',0),('f_combo1','footer_combo1',0),('f_combo2','footer_combo2',0),('f_combo3','Footer Combo 3',0),('h_combo1','h_combo1',0),('h_combo2','h_combo2',0),('h_combo3','footer_combo3',0),('so_cart1','jh',0),('so_cart2','jg',0),('so_cart3','jhg',0),('so_cart4','gjh',0),('so_cart5','jhg',0),('so_cart6','gjh',0),('so_footer_long_text1','klhkhjkj',0),('so_footer_long_text2','gjh',0),('so_footer_long_text3','g',0),('so_footer_long_text4','jh',0),('so_footer_long_text5','gjh',0),('so_footer_long_text6','jhg',0),('so_header_combo1','jhg',0),('so_header_combo2','gj',0),('so_header_combo3','jh',0),('so_header_combo4','so_header_combo4',0),('so_header_combo5','so_header_combo5',0),('so_header_combo6','so_header_combo6',0),('so_header_long_text','',0),('so_header_text1','jhg',0),('so_header_text2','gjh',0),('so_header_text3','jhg',0),('so_header_text4','so_header_text4',0),('so_header_text5','so_header_text5',0),('so_header_text6','so_header_text6',0),('text_box_1','asd',0),('text_box_2','sdfd',0),('text_box_3','sd',0),('text_box_4','1',0),('text_box_5','2',0),('text_box_6','3',0),('total_date','1',1),('total_footer','1',1),('total_footer_text','1',1),('total_headers','2131',0),('total_headers2','123',0),('total_headers_long','1',1),('total_header_text','1',1),('total_h_combo','1',1),('total_long_footer','1',1);
/*!40000 ALTER TABLE `0_sales_pref` ENABLE KEYS */;
UNLOCK TABLES;

--
-- Table structure for table `0_sales_types`
--

DROP TABLE IF EXISTS `0_sales_types`;
/*!40101 SET @saved_cs_client     = @@character_set_client */;
/*!40101 SET character_set_client = utf8 */;
CREATE TABLE `0_sales_types` (
  `id` int(11) NOT NULL AUTO_INCREMENT,
  `sales_type` char(50) COLLATE utf8_unicode_ci NOT NULL DEFAULT '',
  `tax_included` int(1) NOT NULL DEFAULT '0',
  `factor` double NOT NULL DEFAULT '1',
  `inactive` tinyint(1) NOT NULL DEFAULT '0',
  PRIMARY KEY (`id`),
  UNIQUE KEY `sales_type` (`sales_type`)
) ENGINE=InnoDB DEFAULT CHARSET=utf8 COLLATE=utf8_unicode_ci;
/*!40101 SET character_set_client = @saved_cs_client */;

--
-- Dumping data for table `0_sales_types`
--

LOCK TABLES `0_sales_types` WRITE;
/*!40000 ALTER TABLE `0_sales_types` DISABLE KEYS */;
INSERT INTO `0_sales_types` VALUES (1,'Retail',1,1,0),(2,'Wholesale',0,0.7,0);
/*!40000 ALTER TABLE `0_sales_types` ENABLE KEYS */;
UNLOCK TABLES;

--
-- Table structure for table `0_salesman`
--

DROP TABLE IF EXISTS `0_salesman`;
/*!40101 SET @saved_cs_client     = @@character_set_client */;
/*!40101 SET character_set_client = utf8 */;
CREATE TABLE `0_salesman` (
  `salesman_code` int(11) NOT NULL AUTO_INCREMENT,
  `salesman_name` char(60) COLLATE utf8_unicode_ci NOT NULL DEFAULT '',
  `salesman_phone` char(30) COLLATE utf8_unicode_ci NOT NULL DEFAULT '',
  `salesman_fax` char(30) COLLATE utf8_unicode_ci NOT NULL DEFAULT '',
  `salesman_email` varchar(100) COLLATE utf8_unicode_ci NOT NULL DEFAULT '',
  `provision` double NOT NULL DEFAULT '0',
  `break_pt` double NOT NULL DEFAULT '0',
  `provision2` double NOT NULL DEFAULT '0',
  `inactive` tinyint(1) NOT NULL DEFAULT '0',
  PRIMARY KEY (`salesman_code`),
  UNIQUE KEY `salesman_name` (`salesman_name`)
) ENGINE=InnoDB DEFAULT CHARSET=utf8 COLLATE=utf8_unicode_ci;
/*!40101 SET character_set_client = @saved_cs_client */;

--
-- Dumping data for table `0_salesman`
--

LOCK TABLES `0_salesman` WRITE;
/*!40000 ALTER TABLE `0_salesman` DISABLE KEYS */;
INSERT INTO `0_salesman` VALUES (1,'Sales Person','','','',5,1000,4,0);
/*!40000 ALTER TABLE `0_salesman` ENABLE KEYS */;
UNLOCK TABLES;

--
-- Table structure for table `0_security_roles`
--

DROP TABLE IF EXISTS `0_security_roles`;
/*!40101 SET @saved_cs_client     = @@character_set_client */;
/*!40101 SET character_set_client = utf8 */;
CREATE TABLE `0_security_roles` (
  `id` int(11) NOT NULL AUTO_INCREMENT,
  `role` varchar(30) COLLATE utf8_unicode_ci NOT NULL,
  `description` varchar(50) COLLATE utf8_unicode_ci DEFAULT NULL,
  `sections` text COLLATE utf8_unicode_ci,
  `areas` text COLLATE utf8_unicode_ci,
  `inactive` tinyint(1) NOT NULL DEFAULT '0',
  PRIMARY KEY (`id`),
  UNIQUE KEY `role` (`role`)
) ENGINE=InnoDB DEFAULT CHARSET=utf8 COLLATE=utf8_unicode_ci;
/*!40101 SET character_set_client = @saved_cs_client */;

--
-- Dumping data for table `0_security_roles`
--

LOCK TABLES `0_security_roles` WRITE;
/*!40000 ALTER TABLE `0_security_roles` DISABLE KEYS */;
INSERT INTO `0_security_roles` VALUES (1,'Inquiries','Inquiries','768;2816;3072;3328;5632;5888;8192;8448;10752;11008;13312;15872;16128','257;258;259;260;513;514;515;516;517;518;519;520;521;522;523;524;525;773;774;2822;3073;3075;3076;3077;3329;3330;3331;3332;3333;3334;3335;5377;5633;5640;5889;5890;5891;7937;7938;7939;7940;8193;8194;8450;8451;10497;10753;11009;11010;11012;13313;13315;15617;15618;15619;15620;15621;15622;15623;15624;15625;15626;15873;15882;16129;16130;16131;16132;775',0),(2,'System Administrator','System Administrator','512;768;2816;3072;3328;5376;5632;5888;7936;8192;8448;9216;9472;9728;10496;10752;11008;13056;13312;15616;15872;16128;484352;943104;1008640','513;514;515;516;517;518;519;520;521;522;523;524;525;526;769;770;771;772;773;774;775;2817;2818;2819;2820;2821;2822;2823;3073;3074;3082;3075;3076;3077;3078;3079;3080;3081;3329;3330;3331;3332;3333;3334;3335;5377;5633;5634;5635;5636;5637;5641;5638;5639;5640;5889;5890;5891;7937;7938;7939;7940;8193;8194;8195;8196;8197;8449;8450;8451;9217;9218;9220;9473;9474;9475;9476;9729;10497;10753;10754;10755;10756;10757;11009;11010;11011;11012;13057;13313;13314;13315;15617;15618;15619;15620;15621;15622;15623;15624;15628;15625;15626;15627;15630;15873;15874;15875;15876;15877;15878;15879;15880;15883;15881;15882;15884;16129;16130;16131;16132;484452;943204;943205;1008740',0),(3,'Salesman','Salesman','768;3072;5632;8192;15872','773;774;3073;3075;3081;5633;8194;15873;775',0),(4,'Stock Manager','Stock Manager','768;2816;3072;3328;5632;5888;8192;8448;10752;11008;13312;15872;16128','2818;2822;3073;3076;3077;3329;3330;3330;3330;3331;3331;3332;3333;3334;3335;5633;5640;5889;5890;5891;8193;8194;8450;8451;10753;11009;11010;11012;13313;13315;15882;16129;16130;16131;16132;775',0),(5,'Production Manager','Production Manager','512;768;2816;3072;3328;5632;5888;8192;8448;10752;11008;13312;15616;15872;16128','521;523;524;2818;2819;2820;2821;2822;2823;3073;3074;3076;3077;3078;3079;3080;3081;3329;3330;3330;3330;3331;3331;3332;3333;3334;3335;5633;5640;5640;5889;5890;5891;8193;8194;8196;8197;8450;8451;10753;10755;11009;11010;11012;13313;13315;15617;15619;15620;15621;15624;15624;15876;15877;15880;15882;16129;16130;16131;16132;775',0),(6,'Purchase Officer','Purchase Officer','512;768;2816;3072;3328;5376;5632;5888;8192;8448;10752;11008;13312;15616;15872;16128','521;523;524;2818;2819;2820;2821;2822;2823;3073;3074;3076;3077;3078;3079;3080;3081;3329;3330;3330;3330;3331;3331;3332;3333;3334;3335;5377;5633;5635;5640;5640;5889;5890;5891;8193;8194;8196;8197;8449;8450;8451;10753;10755;11009;11010;11012;13313;13315;15617;15619;15620;15621;15624;15624;15876;15877;15880;15882;16129;16130;16131;16132;775',0),(7,'AR Officer','AR Officer','512;768;2816;3072;3328;5632;5888;8192;8448;10752;11008;13312;15616;15872;16128','521;523;524;771;773;774;2818;2819;2820;2821;2822;2823;3073;3073;3074;3075;3076;3077;3078;3079;3080;3081;3081;3329;3330;3330;3330;3331;3331;3332;3333;3334;3335;5633;5633;5634;5637;5638;5639;5640;5640;5889;5890;5891;8193;8194;8194;8196;8197;8450;8451;10753;10755;11009;11010;11012;13313;13315;15617;15619;15620;15621;15624;15624;15873;15876;15877;15878;15880;15882;16129;16130;16131;16132;775',0),(8,'AP Officer','AP Officer','5632','5633;5635;5636;3073;3074;3082;3076;3077;3078;3079;3080;3081;3335;13057',0),(9,'Accountant','New Accountant','5632','5635;5636;521;523;524;771;772;773;774;775;2818;2819;2820;2821;2822;2823;3073;3074;3075;3076;3077;3078;3079;3080;3081;3329;3330;3331;3332;3333;3334;3335;5377;5889;5890;5891;7937;7938;7939;7940;8193;8194;8196;8197;8449;8450;8451;10497;10753;10755;11009;11010;11012;13313;13315;15617;15618;15619;15620;15621;15624;15873;15876;15877;15878;15880;15882;16129;16130;16131;16132',0),(10,'Sub Admin','Sub Admin','512;768;2816;3072;3328;5376;5632;5888;8192;8448;10752;11008;13312;15616;15872;16128','257;258;259;260;521;523;524;771;772;773;774;2818;2819;2820;2821;2822;2823;3073;3074;3082;3075;3076;3077;3078;3079;3080;3081;3329;3330;3331;3332;3333;3334;3335;5377;5633;5634;5635;5637;5638;5639;5640;5889;5890;5891;7937;7938;7939;7940;8193;8194;8196;8197;8449;8450;8451;10497;10753;10755;11009;11010;11012;13057;13313;13315;15617;15619;15620;15621;15624;15873;15874;15876;15877;15878;15879;15880;15882;16129;16130;16131;16132;775',0),(11,'cash account','cash account','768;15616;15872','774;15873;15877;15878;15879',0);
/*!40000 ALTER TABLE `0_security_roles` ENABLE KEYS */;
UNLOCK TABLES;

--
-- Table structure for table `0_shippers`
--

DROP TABLE IF EXISTS `0_shippers`;
/*!40101 SET @saved_cs_client     = @@character_set_client */;
/*!40101 SET character_set_client = utf8 */;
CREATE TABLE `0_shippers` (
  `shipper_id` int(11) NOT NULL AUTO_INCREMENT,
  `shipper_name` varchar(60) COLLATE utf8_unicode_ci NOT NULL DEFAULT '',
  `phone` varchar(30) COLLATE utf8_unicode_ci NOT NULL DEFAULT '',
  `phone2` varchar(30) COLLATE utf8_unicode_ci NOT NULL DEFAULT '',
  `contact` tinytext COLLATE utf8_unicode_ci NOT NULL,
  `address` tinytext COLLATE utf8_unicode_ci NOT NULL,
  `shipping_account` int(11) DEFAULT NULL,
  `inactive` tinyint(1) NOT NULL DEFAULT '0',
  PRIMARY KEY (`shipper_id`),
  UNIQUE KEY `name` (`shipper_name`)
) ENGINE=InnoDB DEFAULT CHARSET=utf8 COLLATE=utf8_unicode_ci;
/*!40101 SET character_set_client = @saved_cs_client */;

--
-- Dumping data for table `0_shippers`
--

LOCK TABLES `0_shippers` WRITE;
/*!40000 ALTER TABLE `0_shippers` DISABLE KEYS */;
INSERT INTO `0_shippers` VALUES (1,'Default','','','','',4021,0);
/*!40000 ALTER TABLE `0_shippers` ENABLE KEYS */;
UNLOCK TABLES;

--
-- Table structure for table `0_sql_trail`
--

DROP TABLE IF EXISTS `0_sql_trail`;
/*!40101 SET @saved_cs_client     = @@character_set_client */;
/*!40101 SET character_set_client = utf8 */;
CREATE TABLE `0_sql_trail` (
  `id` int(11) unsigned NOT NULL AUTO_INCREMENT,
  `sql` text COLLATE utf8_unicode_ci NOT NULL,
  `result` tinyint(1) NOT NULL,
  `msg` varchar(255) COLLATE utf8_unicode_ci NOT NULL,
  PRIMARY KEY (`id`)
) ENGINE=InnoDB DEFAULT CHARSET=utf8 COLLATE=utf8_unicode_ci;
/*!40101 SET character_set_client = @saved_cs_client */;

--
-- Dumping data for table `0_sql_trail`
--

LOCK TABLES `0_sql_trail` WRITE;
/*!40000 ALTER TABLE `0_sql_trail` DISABLE KEYS */;
/*!40000 ALTER TABLE `0_sql_trail` ENABLE KEYS */;
UNLOCK TABLES;

--
-- Table structure for table `0_stock_category`
--

DROP TABLE IF EXISTS `0_stock_category`;
/*!40101 SET @saved_cs_client     = @@character_set_client */;
/*!40101 SET character_set_client = utf8 */;
CREATE TABLE `0_stock_category` (
  `category_id` int(11) NOT NULL AUTO_INCREMENT,
  `description` varchar(60) COLLATE utf8_unicode_ci NOT NULL DEFAULT '',
  `dflt_tax_type` int(11) NOT NULL DEFAULT '1',
  `dflt_units` varchar(20) COLLATE utf8_unicode_ci NOT NULL DEFAULT 'each',
  `dflt_mb_flag` char(1) COLLATE utf8_unicode_ci NOT NULL DEFAULT 'B',
  `dflt_sales_act` varchar(15) COLLATE utf8_unicode_ci NOT NULL DEFAULT '',
  `dflt_cogs_act` varchar(15) COLLATE utf8_unicode_ci NOT NULL DEFAULT '',
  `dflt_inventory_act` varchar(15) COLLATE utf8_unicode_ci NOT NULL DEFAULT '',
  `dflt_adjustment_act` varchar(15) COLLATE utf8_unicode_ci NOT NULL DEFAULT '',
  `dflt_wip_act` varchar(15) COLLATE utf8_unicode_ci NOT NULL DEFAULT '',
  `dflt_dim1` int(11) DEFAULT NULL,
  `dflt_dim2` int(11) DEFAULT NULL,
  `inactive` tinyint(1) NOT NULL DEFAULT '0',
  `dflt_no_sale` tinyint(1) NOT NULL DEFAULT '0',
  `dflt_no_purchase` tinyint(1) NOT NULL DEFAULT '0',
  PRIMARY KEY (`category_id`),
  UNIQUE KEY `description` (`description`)
) ENGINE=InnoDB DEFAULT CHARSET=utf8 COLLATE=utf8_unicode_ci;
/*!40101 SET character_set_client = @saved_cs_client */;

--
-- Dumping data for table `0_stock_category`
--

LOCK TABLES `0_stock_category` WRITE;
/*!40000 ALTER TABLE `0_stock_category` DISABLE KEYS */;
INSERT INTO `0_stock_category` VALUES (7,'Beef Products ',1,'Kgs','B','4011','5011','1021','5014','1023',0,0,0,0,0),(8,'Chicken Products ',1,'Kgs','B','4011','5011','1021','5014','1023',0,0,0,0,0),(9,'Dairy Products ',1,'Kgs','B','4011','5011','1021','5014','1023',0,0,0,0,0),(10,'Grocery Products ',1,'pcs','B','4011','5011','1021','5014','1023',0,0,0,0,0),(11,'Vegetables ',1,'Kgs','B','4011','5011','1021','5014','1023',0,0,0,0,0),(12,'Cutlery &amp; Crockery ',1,'pcs','B','4011','5011','1021','5014','1023',0,0,0,0,0),(13,'House Keeping ',1,'Kgs','B','4011','5011','1021','5014','1023',0,0,0,0,0),(14,'Miscellaneous ',1,'pcs','B','4011','5011','1021','5014','1023',0,0,0,0,0),(15,'LPG Gas',1,'Kgs','M','4011','5011','1021','5014','1023',0,0,0,0,0),(16,'Beverages ',1,'Bottles','B','4011','5011','1021','5014','1023',0,0,0,0,0),(17,'FRUITS ',1,'Kgs','B','4011','5011','1021','5014','1023',0,0,0,0,0),(18,'Sea Food',1,'Kgs','B','4011','5011','1021','5014','1023',0,0,0,0,0);
/*!40000 ALTER TABLE `0_stock_category` ENABLE KEYS */;
UNLOCK TABLES;

--
-- Table structure for table `0_stock_fa_class`
--

DROP TABLE IF EXISTS `0_stock_fa_class`;
/*!40101 SET @saved_cs_client     = @@character_set_client */;
/*!40101 SET character_set_client = utf8 */;
CREATE TABLE `0_stock_fa_class` (
  `fa_class_id` varchar(20) COLLATE utf8_unicode_ci NOT NULL DEFAULT '',
  `parent_id` varchar(20) COLLATE utf8_unicode_ci NOT NULL DEFAULT '',
  `description` varchar(200) COLLATE utf8_unicode_ci NOT NULL DEFAULT '',
  `long_description` tinytext COLLATE utf8_unicode_ci NOT NULL,
  `depreciation_rate` double NOT NULL DEFAULT '0',
  `inactive` tinyint(1) NOT NULL DEFAULT '0',
  PRIMARY KEY (`fa_class_id`)
) ENGINE=InnoDB DEFAULT CHARSET=utf8 COLLATE=utf8_unicode_ci;
/*!40101 SET character_set_client = @saved_cs_client */;

--
-- Dumping data for table `0_stock_fa_class`
--

LOCK TABLES `0_stock_fa_class` WRITE;
/*!40000 ALTER TABLE `0_stock_fa_class` DISABLE KEYS */;
INSERT INTO `0_stock_fa_class` VALUES ('1','','A','',10,0),('11','1','A-A','',10,0),('2','','B','',20,0),('22','2','B-B','',20,0);
/*!40000 ALTER TABLE `0_stock_fa_class` ENABLE KEYS */;
UNLOCK TABLES;

--
-- Table structure for table `0_stock_master`
--

DROP TABLE IF EXISTS `0_stock_master`;
/*!40101 SET @saved_cs_client     = @@character_set_client */;
/*!40101 SET character_set_client = utf8 */;
CREATE TABLE `0_stock_master` (
  `stock_id` varchar(20) COLLATE utf8_unicode_ci NOT NULL DEFAULT '',
  `category_id` int(11) NOT NULL DEFAULT '0',
  `tax_type_id` int(11) NOT NULL DEFAULT '0',
  `description` varchar(200) COLLATE utf8_unicode_ci NOT NULL DEFAULT '',
  `long_description` tinytext COLLATE utf8_unicode_ci NOT NULL,
  `carton` varchar(55) COLLATE utf8_unicode_ci NOT NULL,
  `units` varchar(20) COLLATE utf8_unicode_ci NOT NULL DEFAULT 'each',
  `mb_flag` char(1) COLLATE utf8_unicode_ci NOT NULL DEFAULT 'B',
  `sales_account` varchar(15) COLLATE utf8_unicode_ci NOT NULL DEFAULT '',
  `cogs_account` varchar(15) COLLATE utf8_unicode_ci NOT NULL DEFAULT '',
  `inventory_account` varchar(15) COLLATE utf8_unicode_ci NOT NULL DEFAULT '',
  `adjustment_account` varchar(15) COLLATE utf8_unicode_ci NOT NULL DEFAULT '',
  `wip_account` varchar(15) COLLATE utf8_unicode_ci NOT NULL DEFAULT '',
  `dimension_id` int(11) DEFAULT NULL,
  `dimension2_id` int(11) DEFAULT NULL,
  `purchase_cost` double NOT NULL DEFAULT '0',
  `material_cost` double NOT NULL DEFAULT '0',
  `labour_cost` double NOT NULL DEFAULT '0',
  `overhead_cost` double NOT NULL DEFAULT '0',
  `inactive` tinyint(1) NOT NULL DEFAULT '0',
  `no_sale` tinyint(1) NOT NULL DEFAULT '0',
  `no_purchase` tinyint(1) NOT NULL DEFAULT '0',
  `editable` tinyint(1) NOT NULL DEFAULT '0',
  `depreciation_method` char(1) COLLATE utf8_unicode_ci NOT NULL DEFAULT 'S',
  `depreciation_rate` double NOT NULL DEFAULT '0',
  `depreciation_factor` double NOT NULL DEFAULT '1',
  `depreciation_start` date NOT NULL DEFAULT '0000-00-00',
  `depreciation_date` date NOT NULL DEFAULT '0000-00-00',
  `fa_class_id` varchar(20) COLLATE utf8_unicode_ci NOT NULL DEFAULT '',
  `salesman` int(11) NOT NULL,
  `batch_status` int(11) NOT NULL,
  `alt_units` varchar(50) COLLATE utf8_unicode_ci NOT NULL,
  `con_factor` double NOT NULL,
  `con_type` int(11) NOT NULL,
  `text1` varchar(55) COLLATE utf8_unicode_ci DEFAULT NULL,
  `text2` varchar(55) COLLATE utf8_unicode_ci DEFAULT NULL,
  `text3` varchar(55) COLLATE utf8_unicode_ci DEFAULT NULL,
  `text4` varchar(55) COLLATE utf8_unicode_ci DEFAULT NULL,
  `text5` varchar(55) COLLATE utf8_unicode_ci DEFAULT NULL,
  `text6` varchar(55) COLLATE utf8_unicode_ci DEFAULT NULL,
  `amount1` double DEFAULT NULL,
  `amount2` double DEFAULT NULL,
  `amount3` double DEFAULT NULL,
  `amount4` double DEFAULT NULL,
  `amount5` double DEFAULT NULL,
  `amount6` double DEFAULT NULL,
  `date1` date DEFAULT NULL,
  `date2` date DEFAULT NULL,
  `date3` date DEFAULT NULL,
  `combo1` int(11) DEFAULT NULL,
  `combo2` int(11) DEFAULT NULL,
  `combo3` int(11) DEFAULT NULL,
  `combo4` int(11) DEFAULT NULL,
  `combo5` int(11) DEFAULT NULL,
  `combo6` int(11) DEFAULT NULL,
  `combo_so_1` varchar(60) COLLATE utf8_unicode_ci NOT NULL,
  `combo_so_2` varchar(60) COLLATE utf8_unicode_ci NOT NULL,
  `combo_so_3` varchar(60) COLLATE utf8_unicode_ci NOT NULL,
  `combo_so_4` varchar(60) COLLATE utf8_unicode_ci NOT NULL,
  `combo_so_5` varchar(60) COLLATE utf8_unicode_ci NOT NULL,
  `combo_so_6` varchar(60) COLLATE utf8_unicode_ci NOT NULL,
  PRIMARY KEY (`stock_id`)
) ENGINE=InnoDB DEFAULT CHARSET=utf8 COLLATE=utf8_unicode_ci;
/*!40101 SET character_set_client = @saved_cs_client */;

--
-- Dumping data for table `0_stock_master`
--

LOCK TABLES `0_stock_master` WRITE;
/*!40000 ALTER TABLE `0_stock_master` DISABLE KEYS */;
INSERT INTO `0_stock_master` VALUES ('001',7,1,'BEEF TENDERLOIN WITHOUT HEAD','','','Kgs','B','4011','5011','1021','5014','1023',0,0,1258.33,1258.33,0,0,0,0,0,0,'',0,0,'0000-00-00','0000-00-00','',1,0,'',0,0,NULL,NULL,NULL,NULL,NULL,NULL,NULL,NULL,NULL,NULL,NULL,NULL,NULL,NULL,NULL,NULL,NULL,NULL,NULL,NULL,NULL,'','','','','',''),('002',7,1,'BEEF TENDERLOIN WITH HEAD','','','Kgs','B','4011','5011','1021','5014','1023',0,0,0,0,0,0,0,0,0,0,'',0,0,'0000-00-00','0000-00-00','',1,0,'',0,0,NULL,NULL,NULL,NULL,NULL,NULL,NULL,NULL,NULL,NULL,NULL,NULL,NULL,NULL,NULL,NULL,NULL,NULL,NULL,NULL,NULL,'','','','','',''),('003',7,1,'BEEF SLICE FOR GRAVY','','','Kgs','B','4011','5011','1021','5014','1023',0,0,0,0,0,0,0,0,0,0,'',0,0,'0000-00-00','0000-00-00','',1,0,'',0,0,NULL,NULL,NULL,NULL,NULL,NULL,NULL,NULL,NULL,NULL,NULL,NULL,NULL,NULL,NULL,NULL,NULL,NULL,NULL,NULL,NULL,'','','','','',''),('004',7,1,'BEEF WASTE LEFT FROM CLEANING','','','Kgs','B','4011','5011','1021','5014','1023',0,0,1050,1050,0,0,0,0,0,0,'',0,0,'0000-00-00','0000-00-00','',1,0,'',0,0,NULL,NULL,NULL,NULL,NULL,NULL,NULL,NULL,NULL,NULL,NULL,NULL,NULL,NULL,NULL,NULL,NULL,NULL,NULL,NULL,NULL,'','','','','',''),('101',8,1,'CHICKEN FILLET 110 TO 120 GMS K&amp;N&#039;S','','','Kgs','B','4011','5011','1021','5014','1023',0,0,240,320.49079754601,0,0,0,0,0,0,'',0,0,'0000-00-00','0000-00-00','',1,0,'',0,0,NULL,NULL,NULL,NULL,NULL,NULL,NULL,NULL,NULL,NULL,NULL,NULL,NULL,NULL,NULL,NULL,NULL,NULL,NULL,NULL,NULL,'','','','','',''),('102',8,1,'CHICKEN THAI BONELESS (LOCAL)','','','Kgs','B','4011','5011','1021','5014','1023',0,0,350,350,0,0,0,0,0,0,'',0,0,'0000-00-00','0000-00-00','',1,0,'',0,0,NULL,NULL,NULL,NULL,NULL,NULL,NULL,NULL,NULL,NULL,NULL,NULL,NULL,NULL,NULL,NULL,NULL,NULL,NULL,NULL,NULL,'','','','','',''),('103',8,1,'CHICKEN THAI BONELESS (K&amp;N&#039;S)','','','Kgs','B','4011','5011','1021','5014','1023',0,0,400,400,0,0,0,0,0,0,'',0,0,'0000-00-00','0000-00-00','',1,0,'',0,0,NULL,NULL,NULL,NULL,NULL,NULL,NULL,NULL,NULL,NULL,NULL,NULL,NULL,NULL,NULL,NULL,NULL,NULL,NULL,NULL,NULL,'','','','','',''),('104',8,1,'CHICKEN NIBLETS WINGS (K&amp;N&#039;S)','','','Kgs','B','4011','5011','1021','5014','1023',0,0,290,290,0,0,0,0,0,0,'',0,0,'0000-00-00','0000-00-00','',1,0,'',0,0,NULL,NULL,NULL,NULL,NULL,NULL,NULL,NULL,NULL,NULL,NULL,NULL,NULL,NULL,NULL,NULL,NULL,NULL,NULL,NULL,NULL,'','','','','',''),('105',8,1,'CHICKEN WINGS LOCAL','','','Kgs','B','4011','5011','1021','5014','1023',0,0,0,200,0,0,0,0,0,0,'',0,0,'0000-00-00','0000-00-00','',1,0,'',0,0,NULL,NULL,NULL,NULL,NULL,NULL,NULL,NULL,NULL,NULL,NULL,NULL,NULL,NULL,NULL,NULL,NULL,NULL,NULL,NULL,NULL,'','','','','',''),('106',8,1,'CHICKEN BREAST LOCAL','','','Kgs','B','4011','5011','1021','5014','1023',0,0,360,360,0,0,0,0,0,0,'',0,0,'0000-00-00','0000-00-00','',1,0,'',0,0,NULL,NULL,NULL,NULL,NULL,NULL,NULL,NULL,NULL,NULL,NULL,NULL,NULL,NULL,NULL,NULL,NULL,NULL,NULL,NULL,NULL,'','','','','',''),('107',8,1,'CHICKEN 9 CUT WITH SKIN (MARINATO)','','','pcs','B','4011','5011','1021','5014','1023',0,0,50,50,0,0,0,0,0,0,'',0,0,'0000-00-00','0000-00-00','',1,0,'',0,0,NULL,NULL,NULL,NULL,NULL,NULL,NULL,NULL,NULL,NULL,NULL,NULL,NULL,NULL,NULL,NULL,NULL,NULL,NULL,NULL,NULL,'','','','','',''),('109',8,1,'CHICKEN BONE (LOCAL)','','','Kgs','B','4011','5011','1021','5014','1023',0,0,90,90,0,0,0,0,0,0,'',0,0,'0000-00-00','0000-00-00','',1,0,'',0,0,NULL,NULL,NULL,NULL,NULL,NULL,NULL,NULL,NULL,NULL,NULL,NULL,NULL,NULL,NULL,NULL,NULL,NULL,NULL,NULL,NULL,'','','','','',''),('1100',11,1,'LEMON FRESH ','','','Kgs','B','4011','5011','1021','5014','1023',0,0,200,200,0,0,0,0,0,0,'',0,0,'0000-00-00','0000-00-00','',1,0,'Kgs',0,0,'','','',NULL,NULL,NULL,0,0,0,0,0,0,NULL,NULL,NULL,0,0,0,0,0,0,'','','','','',''),('151',18,1,'SHRIMPS WHITE BAG 2KG ','','','Kgs','B','4011','5011','1021','5014','1023',0,0,1100,1100,0,0,0,0,0,0,'',0,0,'0000-00-00','0000-00-00','',1,0,'',0,0,NULL,NULL,NULL,NULL,NULL,NULL,NULL,NULL,NULL,NULL,NULL,NULL,NULL,NULL,NULL,NULL,NULL,NULL,NULL,NULL,NULL,'','','','','',''),('152',18,1,'SHRIMPS 16/20 ','','','Kgs','B','4011','5011','1021','5014','1023',0,0,1200,1100,0,0,0,0,0,0,'',0,0,'0000-00-00','0000-00-00','',1,0,'',0,0,NULL,NULL,NULL,NULL,NULL,NULL,NULL,NULL,NULL,NULL,NULL,NULL,NULL,NULL,NULL,NULL,NULL,NULL,NULL,NULL,NULL,'','','','','',''),('153',18,1,'SHRIMPS 21/25','','','Kgs','B','4011','5011','1021','5014','1023',0,0,1300,1300,0,0,0,0,0,0,'',0,0,'0000-00-00','0000-00-00','',1,0,'',0,0,NULL,NULL,NULL,NULL,NULL,NULL,NULL,NULL,NULL,NULL,NULL,NULL,NULL,NULL,NULL,NULL,NULL,NULL,NULL,NULL,NULL,'','','','','',''),('154',18,1,'SHRIMPS GLOBAL ','','','Kgs','B','4011','5011','1021','5014','1023',0,0,1000,1000,0,0,0,0,0,0,'',0,0,'0000-00-00','0000-00-00','',1,0,'',0,0,NULL,NULL,NULL,NULL,NULL,NULL,NULL,NULL,NULL,NULL,NULL,NULL,NULL,NULL,NULL,NULL,NULL,NULL,NULL,NULL,NULL,'','','','','',''),('1741',11,1,'SPINECH(PALIK)','','','Kgs','B','4011','5011','1021','5014','1023',0,0,35,35,0,0,0,0,0,0,'',0,0,'0000-00-00','0000-00-00','',1,0,'Bottles',0,0,'','','',NULL,NULL,NULL,0,0,0,0,0,0,NULL,NULL,NULL,0,0,0,0,0,0,'','','','','',''),('201',9,1,'FRESH CREAM','','','Kgs','B','4011','5011','1021','5014','1023',0,0,280,280,0,0,0,0,0,0,'',0,0,'0000-00-00','0000-00-00','',1,0,'',0,0,NULL,NULL,NULL,NULL,NULL,NULL,NULL,NULL,NULL,NULL,NULL,NULL,NULL,NULL,NULL,NULL,NULL,NULL,NULL,NULL,NULL,'','','','','',''),('202',9,1,'FRESH YOUGERT ','','','Kgs','B','4011','5011','1021','5014','1023',0,0,0,0,0,0,0,0,0,0,'',0,0,'0000-00-00','0000-00-00','',1,0,'',0,0,NULL,NULL,NULL,NULL,NULL,NULL,NULL,NULL,NULL,NULL,NULL,NULL,NULL,NULL,NULL,NULL,NULL,NULL,NULL,NULL,NULL,'','','','','',''),('203',9,1,'PREMA MILK ','','','Kgs','B','4011','5011','1021','5014','1023',0,0,130,133.75,0,0,0,0,0,0,'',0,0,'0000-00-00','0000-00-00','',1,0,'',0,0,NULL,NULL,NULL,NULL,NULL,NULL,NULL,NULL,NULL,NULL,NULL,NULL,NULL,NULL,NULL,NULL,NULL,NULL,NULL,NULL,NULL,'','','','','',''),('204',9,1,'MILK PACK MILK 1 LTTER ','','','Kgs','B','4011','5011','1021','5014','1023',0,0,120,130.90266875981,0,0,0,0,0,0,'',0,0,'0000-00-00','0000-00-00','',1,0,'',0,0,NULL,NULL,NULL,NULL,NULL,NULL,NULL,NULL,NULL,NULL,NULL,NULL,NULL,NULL,NULL,NULL,NULL,NULL,NULL,NULL,NULL,'','','','','',''),('205',9,1,'YELLOW BUTTER FRESH','','','Kgs','B','4011','5011','1021','5014','1023',0,0,460,500,0,0,0,0,0,0,'',0,0,'0000-00-00','0000-00-00','',1,0,'',0,0,NULL,NULL,NULL,NULL,NULL,NULL,NULL,NULL,NULL,NULL,NULL,NULL,NULL,NULL,NULL,NULL,NULL,NULL,NULL,NULL,NULL,'','','','','',''),('206',9,1,'WHITE BUTTER ','','','Kgs','B','4011','5011','1021','5014','1023',0,0,500,500,0,0,0,0,0,0,'',0,0,'0000-00-00','0000-00-00','',1,0,'',0,0,NULL,NULL,NULL,NULL,NULL,NULL,NULL,NULL,NULL,NULL,NULL,NULL,NULL,NULL,NULL,NULL,NULL,NULL,NULL,NULL,NULL,'','','','','',''),('207',9,1,'HICO VANILA ICE CREAM 2 LITTER ','','','Jar','B','4011','5011','1021','5014','1023',0,0,500,500,0,0,0,0,0,0,'',0,0,'0000-00-00','0000-00-00','',1,0,'',0,0,NULL,NULL,NULL,NULL,NULL,NULL,NULL,NULL,NULL,NULL,NULL,NULL,NULL,NULL,NULL,NULL,NULL,NULL,NULL,NULL,NULL,'','','','','',''),('208',9,1,'CAKE BASE','','','pcs','B','4011','5011','1021','5014','1023',0,0,10,10,0,0,0,0,0,0,'',0,0,'0000-00-00','0000-00-00','',1,0,'pcs',0,0,'','','',NULL,NULL,NULL,0,0,0,0,0,0,NULL,NULL,NULL,0,0,0,0,0,0,'','','','','',''),('210',9,1,'PARMESAN CHEESE','','','Kgs','B','4011','5011','1021','5014','1023',0,0,2150,2150,0,0,0,0,0,0,'',0,0,'0000-00-00','0000-00-00','',1,0,'Kgs',0,0,'','','',NULL,NULL,NULL,0,0,0,0,0,0,NULL,NULL,NULL,0,0,0,0,0,0,'','','','','',''),('230',10,1,'CORN FLOUR LOSSE ','','','Kgs','B','4011','5011','1021','5014','1023',0,0,159.3,124.08518518519,0,0,0,0,0,0,'',0,0,'0000-00-00','0000-00-00','',1,0,'',0,0,NULL,NULL,NULL,NULL,NULL,NULL,NULL,NULL,NULL,NULL,NULL,NULL,NULL,NULL,NULL,NULL,NULL,NULL,NULL,NULL,NULL,'','','','','',''),('231',10,1,'RED CHILLI PWODER LOOSE ','','','Kgs','B','4011','5011','1021','5014','1023',0,0,0,350,0,0,0,0,0,0,'',0,0,'0000-00-00','0000-00-00','',1,0,'',0,0,NULL,NULL,NULL,NULL,NULL,NULL,NULL,NULL,NULL,NULL,NULL,NULL,NULL,NULL,NULL,NULL,NULL,NULL,NULL,NULL,NULL,'','','','','',''),('232',10,1,'CRUSHED CHILLI (DADER MIRCH)','','','Kgs','B','4011','5011','1021','5014','1023',0,0,220,285,0,0,0,0,0,0,'',0,0,'0000-00-00','0000-00-00','',1,0,'',0,0,NULL,NULL,NULL,NULL,NULL,NULL,NULL,NULL,NULL,NULL,NULL,NULL,NULL,NULL,NULL,NULL,NULL,NULL,NULL,NULL,NULL,'','','','','',''),('233',10,1,'MILK PACK CREAM 200ML ','','','pcs','B','4011','5011','1021','5014','1023',0,0,2230,203.40326923079,0,0,0,0,0,0,'',0,0,'0000-00-00','0000-00-00','',1,0,'',0,0,NULL,NULL,NULL,NULL,NULL,NULL,NULL,NULL,NULL,NULL,NULL,NULL,NULL,NULL,NULL,NULL,NULL,NULL,NULL,NULL,NULL,'','','','','',''),('234',10,1,'CINNAMON POWDER ','','','Kgs','B','4011','5011','1021','5014','1023',0,0,0,500,0,0,0,0,0,0,'',0,0,'0000-00-00','0000-00-00','',1,0,'',0,0,NULL,NULL,NULL,NULL,NULL,NULL,NULL,NULL,NULL,NULL,NULL,NULL,NULL,NULL,NULL,NULL,NULL,NULL,NULL,NULL,NULL,'','','','','',''),('235',10,1,'FOOD COLOR YELLOW POWDER ','','','Kgs','B','4011','5011','1021','5014','1023',0,0,0,500,0,0,0,0,0,0,'',0,0,'0000-00-00','0000-00-00','',1,0,'',0,0,NULL,NULL,NULL,NULL,NULL,NULL,NULL,NULL,NULL,NULL,NULL,NULL,NULL,NULL,NULL,NULL,NULL,NULL,NULL,NULL,NULL,'','','','','',''),('236',10,1,'GARLIC POWDER LOOSE ','','','Kgs','B','4011','5011','1021','5014','1023',0,0,0,500,0,0,0,0,0,0,'',0,0,'0000-00-00','0000-00-00','',1,0,'',0,0,NULL,NULL,NULL,NULL,NULL,NULL,NULL,NULL,NULL,NULL,NULL,NULL,NULL,NULL,NULL,NULL,NULL,NULL,NULL,NULL,NULL,'','','','','',''),('237',10,1,'SUJI SAMOLINA ','','','Kgs','B','4011','5011','1021','5014','1023',0,0,0,100,0,0,0,0,0,0,'',0,0,'0000-00-00','0000-00-00','',1,0,'',0,0,NULL,NULL,NULL,NULL,NULL,NULL,NULL,NULL,NULL,NULL,NULL,NULL,NULL,NULL,NULL,NULL,NULL,NULL,NULL,NULL,NULL,'','','','','',''),('238',10,1,'OREAL CHICKEN POWDER ','','','Jar','B','4011','5011','1021','5014','1023',0,0,0,0,0,0,1,0,0,0,'',0,0,'0000-00-00','0000-00-00','',1,0,'Bottles',0,0,'','','',NULL,NULL,NULL,0,0,0,0,0,0,NULL,NULL,NULL,0,0,0,0,0,0,'','','','','',''),('239',10,1,'DASHI CHICKEN POWDER SACHET 100GRAM ','','','Pack','B','4011','5011','1021','5014','1023',0,0,0,0,0,0,1,0,0,0,'',0,0,'0000-00-00','0000-00-00','',1,0,'Bottles',0,0,'','','',NULL,NULL,NULL,0,0,0,0,0,0,NULL,NULL,NULL,0,0,0,0,0,0,'','','','','',''),('240',10,1,'CHILI POWDER NATIONAL 200GRAMS ','','','Pack','B','4011','5011','1021','5014','1023',0,0,0,0,0,0,0,0,0,0,'',0,0,'0000-00-00','0000-00-00','',1,0,'',0,0,NULL,NULL,NULL,NULL,NULL,NULL,NULL,NULL,NULL,NULL,NULL,NULL,NULL,NULL,NULL,NULL,NULL,NULL,NULL,NULL,NULL,'','','','','',''),('241',10,1,'ZEERA POWDER 50GRAMS ','','','Pack','B','4011','5011','1021','5014','1023',0,0,0,0,0,0,0,0,0,0,'',0,0,'0000-00-00','0000-00-00','',1,0,'',0,0,NULL,NULL,NULL,NULL,NULL,NULL,NULL,NULL,NULL,NULL,NULL,NULL,NULL,NULL,NULL,NULL,NULL,NULL,NULL,NULL,NULL,'','','','','',''),('242',10,1,'GARLIC POWDER 50GRAMS ','','','Pack','B','4011','5011','1021','5014','1023',0,0,0,0,0,0,0,0,0,0,'',0,0,'0000-00-00','0000-00-00','',1,0,'',0,0,NULL,NULL,NULL,NULL,NULL,NULL,NULL,NULL,NULL,NULL,NULL,NULL,NULL,NULL,NULL,NULL,NULL,NULL,NULL,NULL,NULL,'','','','','',''),('243',10,1,'TURMARIC POWDER 50 GRAMS ','','','pcs','B','4011','5011','1021','5014','1023',0,0,0,0,0,0,0,0,0,0,'',0,0,'0000-00-00','0000-00-00','',1,0,'',0,0,NULL,NULL,NULL,NULL,NULL,NULL,NULL,NULL,NULL,NULL,NULL,NULL,NULL,NULL,NULL,NULL,NULL,NULL,NULL,NULL,NULL,'','','','','',''),('244',10,1,'HOT CHOCOLOT LAVAZZA ','','','Pack','B','4011','5011','1021','5014','1023',0,0,0,1200,0,0,0,0,0,0,'',0,0,'0000-00-00','0000-00-00','',1,0,'',0,0,NULL,NULL,NULL,NULL,NULL,NULL,NULL,NULL,NULL,NULL,NULL,NULL,NULL,NULL,NULL,NULL,NULL,NULL,NULL,NULL,NULL,'','','','','',''),('245',10,1,'CHINESE SALT (CHINA NAMAK) LOOSE ','','','Kgs','B','4011','5011','1021','5014','1023',0,0,0,600,0,0,0,0,0,0,'',0,0,'0000-00-00','0000-00-00','',1,0,'',0,0,NULL,NULL,NULL,NULL,NULL,NULL,NULL,NULL,NULL,NULL,NULL,NULL,NULL,NULL,NULL,NULL,NULL,NULL,NULL,NULL,NULL,'','','','','',''),('246',10,1,'RED CHILLI WHOLE ROUND ','','','pcs','B','4011','5011','1021','5014','1023',0,0,0,300,0,0,0,0,0,0,'',0,0,'0000-00-00','0000-00-00','',1,0,'',0,0,NULL,NULL,NULL,NULL,NULL,NULL,NULL,NULL,NULL,NULL,NULL,NULL,NULL,NULL,NULL,NULL,NULL,NULL,NULL,NULL,NULL,'','','','','',''),('247',10,1,'LADY FRUIT GEL 5KG ','','','Jar','B','4011','5011','1021','5014','1023',0,0,0,1500,0,0,0,0,0,0,'',0,0,'0000-00-00','0000-00-00','',1,0,'',0,0,NULL,NULL,NULL,NULL,NULL,NULL,NULL,NULL,NULL,NULL,NULL,NULL,NULL,NULL,NULL,NULL,NULL,NULL,NULL,NULL,NULL,'','','','','',''),('248',10,1,'IMLI LOOSE ','','','Kgs','B','4011','5011','1021','5014','1023',0,0,0,300,0,0,0,0,0,0,'',0,0,'0000-00-00','0000-00-00','',1,0,'',0,0,NULL,NULL,NULL,NULL,NULL,NULL,NULL,NULL,NULL,NULL,NULL,NULL,NULL,NULL,NULL,NULL,NULL,NULL,NULL,NULL,NULL,'','','','','',''),('249',10,1,'ALMOND ','','','Kgs','B','4011','5011','1021','5014','1023',0,0,911.14,1169.1797752809,0,0,0,0,0,0,'',0,0,'0000-00-00','0000-00-00','',1,0,'',0,0,NULL,NULL,NULL,NULL,NULL,NULL,NULL,NULL,NULL,NULL,NULL,NULL,NULL,NULL,NULL,NULL,NULL,NULL,NULL,NULL,NULL,'','','','','',''),('250',10,1,'PEANUTS LOOSE ','','','Kgs','B','4011','5011','1021','5014','1023',0,0,0,300,0,0,0,0,0,0,'',0,0,'0000-00-00','0000-00-00','',1,0,'',0,0,NULL,NULL,NULL,NULL,NULL,NULL,NULL,NULL,NULL,NULL,NULL,NULL,NULL,NULL,NULL,NULL,NULL,NULL,NULL,NULL,NULL,'','','','','',''),('251',10,1,'PISTA ','','','Kgs','B','4011','5011','1021','5014','1023',0,0,0,2500,0,0,0,0,0,0,'',0,0,'0000-00-00','0000-00-00','',1,0,'',0,0,NULL,NULL,NULL,NULL,NULL,NULL,NULL,NULL,NULL,NULL,NULL,NULL,NULL,NULL,NULL,NULL,NULL,NULL,NULL,NULL,NULL,'','','','','',''),('252',10,1,'WALNUT AKHROOT ','','','Kgs','B','4011','5011','1021','5014','1023',0,0,0,1500,0,0,0,0,0,0,'',0,0,'0000-00-00','0000-00-00','',1,0,'',0,0,NULL,NULL,NULL,NULL,NULL,NULL,NULL,NULL,NULL,NULL,NULL,NULL,NULL,NULL,NULL,NULL,NULL,NULL,NULL,NULL,NULL,'','','','','',''),('253',10,1,'PISTACHIO CRUSH IMPORTD ','','','Kgs','B','4011','5011','1021','5014','1023',0,0,0,0,0,0,0,0,0,0,'',0,0,'0000-00-00','0000-00-00','',1,0,'Bottles',0,0,'','','',NULL,NULL,NULL,0,0,0,0,0,0,NULL,NULL,NULL,0,0,0,0,0,0,'','','','','',''),('254',10,1,'CHOCO  POWDER LOOSE ','','','Kgs','B','4011','5011','1021','5014','1023',0,0,0,200,0,0,0,0,0,0,'',0,0,'0000-00-00','0000-00-00','',1,0,'',0,0,NULL,NULL,NULL,NULL,NULL,NULL,NULL,NULL,NULL,NULL,NULL,NULL,NULL,NULL,NULL,NULL,NULL,NULL,NULL,NULL,NULL,'','','','','',''),('255',10,1,'KUNG PAO PASTE 150 GRAMS ','','','Jar','B','4011','5011','1021','5014','1023',0,0,0,150,0,0,0,0,0,0,'',0,0,'0000-00-00','0000-00-00','',1,0,'',0,0,NULL,NULL,NULL,NULL,NULL,NULL,NULL,NULL,NULL,NULL,NULL,NULL,NULL,NULL,NULL,NULL,NULL,NULL,NULL,NULL,NULL,'','','','','',''),('256',10,1,'KUNG PAO PASTE 1 KG ','','','Jar','B','4011','5011','1021','5014','1023',0,0,0,900,0,0,0,0,0,0,'',0,0,'0000-00-00','0000-00-00','',1,0,'',0,0,NULL,NULL,NULL,NULL,NULL,NULL,NULL,NULL,NULL,NULL,NULL,NULL,NULL,NULL,NULL,NULL,NULL,NULL,NULL,NULL,NULL,'','','','','',''),('257',10,1,'KUNG PAO PASTE 500GRAMS ','','','Jar','B','4011','5011','1021','5014','1023',0,0,0,500,0,0,0,0,0,0,'',0,0,'0000-00-00','0000-00-00','',1,0,'',0,0,NULL,NULL,NULL,NULL,NULL,NULL,NULL,NULL,NULL,NULL,NULL,NULL,NULL,NULL,NULL,NULL,NULL,NULL,NULL,NULL,NULL,'','','','','',''),('258',10,1,'CORRIANDER','','','Kgs','B','4011','5011','1021','5014','1023',0,0,0,0,0,0,0,0,0,0,'',0,0,'0000-00-00','0000-00-00','',1,0,'',0,0,NULL,NULL,NULL,NULL,NULL,NULL,NULL,NULL,NULL,NULL,NULL,NULL,NULL,NULL,NULL,NULL,NULL,NULL,NULL,NULL,NULL,'','','','','',''),('259',10,1,'RED CHILLI PASTE','','','Jar','B','4011','5011','1021','5014','1023',0,0,0,0,0,0,0,0,0,0,'',0,0,'0000-00-00','0000-00-00','',1,0,'',0,0,NULL,NULL,NULL,NULL,NULL,NULL,NULL,NULL,NULL,NULL,NULL,NULL,NULL,NULL,NULL,NULL,NULL,NULL,NULL,NULL,NULL,'','','','','',''),('260',10,1,'LEMON GRASS','','','Pack','B','4011','5011','1021','5014','1023',0,0,0,0,0,0,0,0,0,0,'',0,0,'0000-00-00','0000-00-00','',1,0,'',0,0,NULL,NULL,NULL,NULL,NULL,NULL,NULL,NULL,NULL,NULL,NULL,NULL,NULL,NULL,NULL,NULL,NULL,NULL,NULL,NULL,NULL,'','','','','',''),('261',10,1,'MALAYSIA DARK CHOCOLATE ','','','Kgs','B','4011','5011','1021','5014','1023',0,0,650,650,0,0,0,0,0,0,'',0,0,'0000-00-00','0000-00-00','',1,0,'Bottles',0,0,'','','',NULL,NULL,NULL,0,0,0,0,0,0,NULL,NULL,NULL,0,0,0,0,0,0,'','','','','',''),('262',10,1,'DRIED MASHROOM BLACK','','','Kgs','B','4011','5011','1021','5014','1023',0,0,0,4000,0,0,0,0,0,0,'',0,0,'0000-00-00','0000-00-00','',1,0,'',0,0,NULL,NULL,NULL,NULL,NULL,NULL,NULL,NULL,NULL,NULL,NULL,NULL,NULL,NULL,NULL,NULL,NULL,NULL,NULL,NULL,NULL,'','','','','',''),('263',10,1,'ALL PURPOSE FLOUR','','','Kgs','B','4011','5011','1021','5014','1023',0,0,0,60,0,0,0,0,0,0,'',0,0,'0000-00-00','0000-00-00','',1,0,'',0,0,NULL,NULL,NULL,NULL,NULL,NULL,NULL,NULL,NULL,NULL,NULL,NULL,NULL,NULL,NULL,NULL,NULL,NULL,NULL,NULL,NULL,'','','','','',''),('264',10,1,'SUGAR SACHET WHITE','','','pcs','B','4011','5011','1021','5014','1023',0,0,0,0,0,0,0,0,0,0,'',0,0,'0000-00-00','0000-00-00','',1,0,'',0,0,NULL,NULL,NULL,NULL,NULL,NULL,NULL,NULL,NULL,NULL,NULL,NULL,NULL,NULL,NULL,NULL,NULL,NULL,NULL,NULL,NULL,'','','','','',''),('265',10,1,'SUGAR','','','Kgs','B','4011','5011','1021','5014','1023',0,0,59.26,59.44776119403,0,0,0,0,0,0,'',0,0,'0000-00-00','0000-00-00','',1,0,'',0,0,NULL,NULL,NULL,NULL,NULL,NULL,NULL,NULL,NULL,NULL,NULL,NULL,NULL,NULL,NULL,NULL,NULL,NULL,NULL,NULL,NULL,'','','','','',''),('266',10,1,'GLUCOSE','','','Kgs','B','4011','5011','1021','5014','1023',0,0,0,150,0,0,0,0,0,0,'',0,0,'0000-00-00','0000-00-00','',1,0,'',0,0,NULL,NULL,NULL,NULL,NULL,NULL,NULL,NULL,NULL,NULL,NULL,NULL,NULL,NULL,NULL,NULL,NULL,NULL,NULL,NULL,NULL,'','','','','',''),('267',10,1,'FISH SAUCE 750ML','','','Bottles','B','4011','5011','1021','5014','1023',0,0,0,500,0,0,0,0,0,0,'',0,0,'0000-00-00','0000-00-00','',1,0,'',0,0,NULL,NULL,NULL,NULL,NULL,NULL,NULL,NULL,NULL,NULL,NULL,NULL,NULL,NULL,NULL,NULL,NULL,NULL,NULL,NULL,NULL,'','','','','',''),('268',10,1,'BALSAMIC VINEGAR','','','Bottles','B','4011','5011','1021','5014','1023',0,0,0,500,0,0,0,0,0,0,'',0,0,'0000-00-00','0000-00-00','',1,0,'',0,0,NULL,NULL,NULL,NULL,NULL,NULL,NULL,NULL,NULL,NULL,NULL,NULL,NULL,NULL,NULL,NULL,NULL,NULL,NULL,NULL,NULL,'','','','','',''),('269',10,1,'THAI SWEET CHILLI','','','Bottles','B','4011','5011','1021','5014','1023',0,0,0,200,0,0,0,0,0,0,'',0,0,'0000-00-00','0000-00-00','',1,0,'',0,0,NULL,NULL,NULL,NULL,NULL,NULL,NULL,NULL,NULL,NULL,NULL,NULL,NULL,NULL,NULL,NULL,NULL,NULL,NULL,NULL,NULL,'','','','','',''),('270',10,1,'HOT SAUCE (SHANGRILLA)','','','Bottles','B','4011','5011','1021','5014','1023',0,0,0,150,0,0,0,0,0,0,'',0,0,'0000-00-00','0000-00-00','',1,0,'',0,0,NULL,NULL,NULL,NULL,NULL,NULL,NULL,NULL,NULL,NULL,NULL,NULL,NULL,NULL,NULL,NULL,NULL,NULL,NULL,NULL,NULL,'','','','','',''),('271',10,1,'LEMON JUICE (MITCHELS)','','','Bottles','B','4011','5011','1021','5014','1023',0,0,125,129,0,0,0,0,0,0,'',0,0,'0000-00-00','0000-00-00','',1,0,'',0,0,NULL,NULL,NULL,NULL,NULL,NULL,NULL,NULL,NULL,NULL,NULL,NULL,NULL,NULL,NULL,NULL,NULL,NULL,NULL,NULL,NULL,'','','','','',''),('272',10,1,'CAPERS (BEN-DELS)','','','pcs','B','4011','5011','1021','5014','1023',0,0,560,560,0,0,0,0,0,0,'',0,0,'0000-00-00','0000-00-00','',1,0,'',0,0,NULL,NULL,NULL,NULL,NULL,NULL,NULL,NULL,NULL,NULL,NULL,NULL,NULL,NULL,NULL,NULL,NULL,NULL,NULL,NULL,NULL,'','','','','',''),('273',10,1,'GREEN PEPPER CORN 100GMS (BEN-DELS)','','','Bottles','B','4011','5011','1021','5014','1023',0,0,0,150,0,0,0,0,0,0,'',0,0,'0000-00-00','0000-00-00','',1,0,'',0,0,NULL,NULL,NULL,NULL,NULL,NULL,NULL,NULL,NULL,NULL,NULL,NULL,NULL,NULL,NULL,NULL,NULL,NULL,NULL,NULL,NULL,'','','','','',''),('274',10,1,'SAMBAL OELEK CHILLI 250G YEOS','','','Bottles','B','4011','5011','1021','5014','1023',0,0,350,292.85714285714,0,0,0,0,0,0,'',0,0,'0000-00-00','0000-00-00','',1,0,'Bottles',0,0,'','','',NULL,NULL,NULL,0,0,0,0,0,0,NULL,NULL,NULL,0,0,0,0,0,0,'','','','','',''),('275',10,1,'THAI CHILLI PASTE','','','Bottles','B','4011','5011','1021','5014','1023',0,0,0,150,0,0,0,0,0,0,'',0,0,'0000-00-00','0000-00-00','',1,0,'',0,0,NULL,NULL,NULL,NULL,NULL,NULL,NULL,NULL,NULL,NULL,NULL,NULL,NULL,NULL,NULL,NULL,NULL,NULL,NULL,NULL,NULL,'','','','','',''),('276',10,1,'GREEN CHILLI PASTE','','','Bottles','B','4011','5011','1021','5014','1023',0,0,0,0,0,0,0,0,0,0,'',0,0,'0000-00-00','0000-00-00','',1,0,'',0,0,NULL,NULL,NULL,NULL,NULL,NULL,NULL,NULL,NULL,NULL,NULL,NULL,NULL,NULL,NULL,NULL,NULL,NULL,NULL,NULL,NULL,'','','','','',''),('277',10,1,'GREEN CHILLI PICKLE','','','Bottles','B','4011','5011','1021','5014','1023',0,0,0,100,0,0,0,0,0,0,'',0,0,'0000-00-00','0000-00-00','',1,0,'',0,0,NULL,NULL,NULL,NULL,NULL,NULL,NULL,NULL,NULL,NULL,NULL,NULL,NULL,NULL,NULL,NULL,NULL,NULL,NULL,NULL,NULL,'','','','','',''),('278',10,1,'RED CHILLI PICKLE','','','Bottles','B','4011','5011','1021','5014','1023',0,0,0,250,0,0,0,0,0,0,'',0,0,'0000-00-00','0000-00-00','',1,0,'',0,0,NULL,NULL,NULL,NULL,NULL,NULL,NULL,NULL,NULL,NULL,NULL,NULL,NULL,NULL,NULL,NULL,NULL,NULL,NULL,NULL,NULL,'','','','','',''),('279',10,1,'CHILLI GARLIC (KNORR) 4kg ','','','Pack','B','4011','5011','1021','5014','1023',0,0,910,910,0,0,0,0,0,0,'',0,0,'0000-00-00','0000-00-00','',1,0,'Bottles',0,0,'','','',NULL,NULL,NULL,0,0,0,0,0,0,NULL,NULL,NULL,0,0,0,0,0,0,'','','','','',''),('280',10,1,'TOMATO KETCHUP 800GMS (KNORR)','','','Bottles','B','4011','5011','1021','5014','1023',0,0,0,120,0,0,0,0,0,0,'',0,0,'0000-00-00','0000-00-00','',1,0,'',0,0,NULL,NULL,NULL,NULL,NULL,NULL,NULL,NULL,NULL,NULL,NULL,NULL,NULL,NULL,NULL,NULL,NULL,NULL,NULL,NULL,NULL,'','','','','',''),('281',10,1,'ICEING SUGAR','','','Pack','B','4011','5011','1021','5014','1023',0,0,45,125,0,0,0,0,0,0,'',0,0,'0000-00-00','0000-00-00','',1,0,'Bottles',0,0,'','','',NULL,NULL,NULL,0,0,0,0,0,0,NULL,NULL,NULL,0,0,0,0,0,0,'','','','','',''),('282',10,1,'TOMATO KETCHUP SACHET','','','Pack','B','4011','5011','1021','5014','1023',0,0,0,300,0,0,0,0,0,0,'',0,0,'0000-00-00','0000-00-00','',1,0,'',0,0,NULL,NULL,NULL,NULL,NULL,NULL,NULL,NULL,NULL,NULL,NULL,NULL,NULL,NULL,NULL,NULL,NULL,NULL,NULL,NULL,NULL,'','','','','',''),('283',10,1,'GARLIC CHILLI SACHET','','','Pack','B','4011','5011','1021','5014','1023',0,0,0,0,0,0,0,0,0,0,'',0,0,'0000-00-00','0000-00-00','',1,0,'',0,0,NULL,NULL,NULL,NULL,NULL,NULL,NULL,NULL,NULL,NULL,NULL,NULL,NULL,NULL,NULL,NULL,NULL,NULL,NULL,NULL,NULL,'','','','','',''),('284',10,1,'SASAME OIL (HEINZ) 500ML','','','Pack','B','4011','5011','1021','5014','1023',0,0,550,550,0,0,0,0,0,0,'',0,0,'0000-00-00','0000-00-00','',1,0,'Bottles',0,0,'','','',NULL,NULL,NULL,0,0,0,0,0,0,NULL,NULL,NULL,0,0,0,0,0,0,'','','','','',''),('285',10,1,'GREEN LABLE FOOD COLOR','','','Pack','B','4011','5011','1021','5014','1023',0,0,0,0,0,0,0,0,0,0,'',0,0,'0000-00-00','0000-00-00','',1,0,'',0,0,NULL,NULL,NULL,NULL,NULL,NULL,NULL,NULL,NULL,NULL,NULL,NULL,NULL,NULL,NULL,NULL,NULL,NULL,NULL,NULL,NULL,'','','','','',''),('286',10,1,'FOOD COLOR YELLOW 500 GMS (ASIA)','','','Pack','B','4011','5011','1021','5014','1023',0,0,0,0,0,0,0,0,0,0,'',0,0,'0000-00-00','0000-00-00','',1,0,'',0,0,NULL,NULL,NULL,NULL,NULL,NULL,NULL,NULL,NULL,NULL,NULL,NULL,NULL,NULL,NULL,NULL,NULL,NULL,NULL,NULL,NULL,'','','','','',''),('287',10,1,'CAKE MIX (BETTY CROCKER) 432 GMS','','','Pack','B','4011','5011','1021','5014','1023',0,0,0,0,0,0,0,0,0,0,'',0,0,'0000-00-00','0000-00-00','',1,0,'',0,0,NULL,NULL,NULL,NULL,NULL,NULL,NULL,NULL,NULL,NULL,NULL,NULL,NULL,NULL,NULL,NULL,NULL,NULL,NULL,NULL,NULL,'','','','','',''),('288',10,1,'YEAST 500 GMS','','','Pack','B','4011','5011','1021','5014','1023',0,0,0,600,0,0,0,0,0,0,'',0,0,'0000-00-00','0000-00-00','',1,0,'',0,0,NULL,NULL,NULL,NULL,NULL,NULL,NULL,NULL,NULL,NULL,NULL,NULL,NULL,NULL,NULL,NULL,NULL,NULL,NULL,NULL,NULL,'','','','','',''),('289',10,1,'VANILA FLAVOUR 450ML (BUSH BOAK ALLEN)','','','Bottles','B','4011','5011','1021','5014','1023',0,0,0,0,0,0,0,0,0,0,'',0,0,'0000-00-00','0000-00-00','',1,0,'',0,0,NULL,NULL,NULL,NULL,NULL,NULL,NULL,NULL,NULL,NULL,NULL,NULL,NULL,NULL,NULL,NULL,NULL,NULL,NULL,NULL,NULL,'','','','','',''),('290',10,1,'BBQ SAUCE 900 GMS (KNORR)','','','Pack','B','4011','5011','1021','5014','1023',0,0,416,416,0,0,0,0,0,0,'',0,0,'0000-00-00','0000-00-00','',1,0,'Bottles',0,0,'','','',NULL,NULL,NULL,0,0,0,0,0,0,NULL,NULL,NULL,0,0,0,0,0,0,'','','','','',''),('291',10,1,'ABC SAUCE','','','Bottles','B','4011','5011','1021','5014','1023',0,0,0,250,0,0,0,0,0,0,'',0,0,'0000-00-00','0000-00-00','',1,0,'',0,0,NULL,NULL,NULL,NULL,NULL,NULL,NULL,NULL,NULL,NULL,NULL,NULL,NULL,NULL,NULL,NULL,NULL,NULL,NULL,NULL,NULL,'','','','','',''),('292',10,1,'WHITE GRAPE VINEGAR 500ML','','','Bottles','B','4011','5011','1021','5014','1023',0,0,275,275,0,0,0,0,0,0,'',0,0,'0000-00-00','0000-00-00','',1,0,'Bottles',0,0,'','','',NULL,NULL,NULL,0,0,0,0,0,0,NULL,NULL,NULL,0,0,0,0,0,0,'','','','','',''),('293',10,1,'VINEGAR WHITE SHEZAN 3.85 LITER ','','','Bottles','B','4011','5011','1021','5014','1023',0,0,265,265,0,0,0,0,0,0,'',0,0,'0000-00-00','0000-00-00','',1,0,'Bottles',0,0,'','','',NULL,NULL,NULL,0,0,0,0,0,0,NULL,NULL,NULL,0,0,0,0,0,0,'','','','','',''),('294',10,1,'BUTTON MASHROOM 400G TIN ','','','Pack','B','4011','5011','1021','5014','1023',0,0,91.67,127.42193548387,0,0,0,0,0,0,'',0,0,'0000-00-00','0000-00-00','',1,0,'Bottles',0,0,'','','',NULL,NULL,NULL,0,0,0,0,0,0,NULL,NULL,NULL,0,0,0,0,0,0,'','','','','',''),('295',10,1,'FRENCH MUSTARD ','','','Bottles','B','4011','5011','1021','5014','1023',0,0,0,300,0,0,0,0,0,0,'',0,0,'0000-00-00','0000-00-00','',1,0,'',0,0,NULL,NULL,NULL,NULL,NULL,NULL,NULL,NULL,NULL,NULL,NULL,NULL,NULL,NULL,NULL,NULL,NULL,NULL,NULL,NULL,NULL,'','','','','',''),('296',10,1,'GREEN CAPER CORN','','','Bottles','B','4011','5011','1021','5014','1023',0,0,0,200,0,0,0,0,0,0,'',0,0,'0000-00-00','0000-00-00','',1,0,'',0,0,NULL,NULL,NULL,NULL,NULL,NULL,NULL,NULL,NULL,NULL,NULL,NULL,NULL,NULL,NULL,NULL,NULL,NULL,NULL,NULL,NULL,'','','','','',''),('297',10,1,'RED BEANS','','','Jar','B','4011','5011','1021','5014','1023',0,0,0,200,0,0,0,0,0,0,'',0,0,'0000-00-00','0000-00-00','',1,0,'',0,0,NULL,NULL,NULL,NULL,NULL,NULL,NULL,NULL,NULL,NULL,NULL,NULL,NULL,NULL,NULL,NULL,NULL,NULL,NULL,NULL,NULL,'','','','','',''),('298',10,1,'ORANGE JAM','','','Bottles','B','4011','5011','1021','5014','1023',0,0,0,150,0,0,0,0,0,0,'',0,0,'0000-00-00','0000-00-00','',1,0,'',0,0,NULL,NULL,NULL,NULL,NULL,NULL,NULL,NULL,NULL,NULL,NULL,NULL,NULL,NULL,NULL,NULL,NULL,NULL,NULL,NULL,NULL,'','','','','',''),('299',10,1,'SEA SALT','','','Pack','B','4011','5011','1021','5014','1023',0,0,0,500,0,0,0,0,0,0,'',0,0,'0000-00-00','0000-00-00','',1,0,'',0,0,NULL,NULL,NULL,NULL,NULL,NULL,NULL,NULL,NULL,NULL,NULL,NULL,NULL,NULL,NULL,NULL,NULL,NULL,NULL,NULL,NULL,'','','','','',''),('300',10,1,'GREEN OLIVES','','','Bottles','B','4011','5011','1021','5014','1023',0,0,725.64,772.82,0,0,0,0,0,0,'',0,0,'0000-00-00','0000-00-00','',1,0,'',0,0,NULL,NULL,NULL,NULL,NULL,NULL,NULL,NULL,NULL,NULL,NULL,NULL,NULL,NULL,NULL,NULL,NULL,NULL,NULL,NULL,NULL,'','','','','',''),('301',10,1,'EGGS','','','Doz','B','4011','5011','1021','5014','1023',0,0,322,196.7012987013,0,0,0,0,0,0,'',0,0,'0000-00-00','0000-00-00','',1,0,'',0,0,NULL,NULL,NULL,NULL,NULL,NULL,NULL,NULL,NULL,NULL,NULL,NULL,NULL,NULL,NULL,NULL,NULL,NULL,NULL,NULL,NULL,'','','','','',''),('302',10,1,'MAMASITTA OYSTER SAUCE 4.5 KG','','','Bottles','B','4011','5011','1021','5014','1023',0,0,2350,2371.4285714286,0,0,0,0,0,0,'',0,0,'0000-00-00','0000-00-00','',1,0,'Bottles',0,0,'','','',NULL,NULL,NULL,0,0,0,0,0,0,NULL,NULL,NULL,0,0,0,0,0,0,'','','','','',''),('303',10,1,'RICE ZARAFA 2 YEARS OLD','','','Kgs','B','4011','5011','1021','5014','1023',0,0,170,170,0,0,0,0,0,0,'',0,0,'0000-00-00','0000-00-00','',1,0,'',0,0,NULL,NULL,NULL,NULL,NULL,NULL,NULL,NULL,NULL,NULL,NULL,NULL,NULL,NULL,NULL,NULL,NULL,NULL,NULL,NULL,NULL,'','','','','',''),('304',10,1,'CRACKERS','','','pcs','B','4011','5011','1021','5014','1023',0,0,300,500,0,0,0,0,0,0,'',0,0,'0000-00-00','0000-00-00','',1,0,'',0,0,NULL,NULL,NULL,NULL,NULL,NULL,NULL,NULL,NULL,NULL,NULL,NULL,NULL,NULL,NULL,NULL,NULL,NULL,NULL,NULL,NULL,'','','','','',''),('305',10,1,'CRISPY TAMPOORA FLOUR','','','Pack','B','4011','5011','1021','5014','1023',0,0,300,292.85714285714,0,0,0,0,0,0,'',0,0,'0000-00-00','0000-00-00','',1,0,'',0,0,NULL,NULL,NULL,NULL,NULL,NULL,NULL,NULL,NULL,NULL,NULL,NULL,NULL,NULL,NULL,NULL,NULL,NULL,NULL,NULL,NULL,'','','','','',''),('306',10,1,'FETTUCCINE PASTA','','','Pack','B','4011','5011','1021','5014','1023',0,0,192.31,220.25833333333,0,0,0,0,0,0,'',0,0,'0000-00-00','0000-00-00','',1,0,'',0,0,NULL,NULL,NULL,NULL,NULL,NULL,NULL,NULL,NULL,NULL,NULL,NULL,NULL,NULL,NULL,NULL,NULL,NULL,NULL,NULL,NULL,'','','','','',''),('307',10,1,'MACARONI ELBLOW BIG','','','Pack','B','4011','5011','1021','5014','1023',0,0,300,300,0,0,0,0,0,0,'',0,0,'0000-00-00','0000-00-00','',1,0,'',0,0,NULL,NULL,NULL,NULL,NULL,NULL,NULL,NULL,NULL,NULL,NULL,NULL,NULL,NULL,NULL,NULL,NULL,NULL,NULL,NULL,NULL,'','','','','',''),('308',10,1,'BREAD CRUMBS 1KG ','','','Pack','B','4011','5011','1021','5014','1023',0,0,350,320,0,0,0,0,0,0,'',0,0,'0000-00-00','0000-00-00','',1,0,'Bottles',0,0,'','','',NULL,NULL,NULL,0,0,0,0,0,0,NULL,NULL,NULL,0,0,0,0,0,0,'','','','','',''),('309',10,1,'PANNE REGGIA PASTA','','','Pack','B','4011','5011','1021','5014','1023',0,0,300,300,0,0,0,0,0,0,'',0,0,'0000-00-00','0000-00-00','',1,0,'',0,0,NULL,NULL,NULL,NULL,NULL,NULL,NULL,NULL,NULL,NULL,NULL,NULL,NULL,NULL,NULL,NULL,NULL,NULL,NULL,NULL,NULL,'','','','','',''),('310',10,1,'GREEN CHILLI SAUCE','','','Pack','B','4011','5011','1021','5014','1023',0,0,0,0,0,0,0,0,0,0,'',0,0,'0000-00-00','0000-00-00','',1,0,'',0,0,NULL,NULL,NULL,NULL,NULL,NULL,NULL,NULL,NULL,NULL,NULL,NULL,NULL,NULL,NULL,NULL,NULL,NULL,NULL,NULL,NULL,'','','','','',''),('311',10,1,'TARRAGON','','','Pack','B','4011','5011','1021','5014','1023',0,0,500,500,0,0,0,0,0,0,'',0,0,'0000-00-00','0000-00-00','',1,0,'',0,0,NULL,NULL,NULL,NULL,NULL,NULL,NULL,NULL,NULL,NULL,NULL,NULL,NULL,NULL,NULL,NULL,NULL,NULL,NULL,NULL,NULL,'','','','','',''),('312',10,1,'DRY BASIL','','','Pack','B','4011','5011','1021','5014','1023',0,0,500,500,0,0,0,0,0,0,'',0,0,'0000-00-00','0000-00-00','',1,0,'',0,0,NULL,NULL,NULL,NULL,NULL,NULL,NULL,NULL,NULL,NULL,NULL,NULL,NULL,NULL,NULL,NULL,NULL,NULL,NULL,NULL,NULL,'','','','','',''),('313',10,1,'THYME','','','Pack','B','4011','5011','1021','5014','1023',0,0,470,470,0,0,0,0,0,0,'',0,0,'0000-00-00','0000-00-00','',1,0,'',0,0,NULL,NULL,NULL,NULL,NULL,NULL,NULL,NULL,NULL,NULL,NULL,NULL,NULL,NULL,NULL,NULL,NULL,NULL,NULL,NULL,NULL,'','','','','',''),('314',10,1,'SALT','','','Pack','B','4011','5011','1021','5014','1023',0,0,22,20,0,0,0,0,0,0,'',0,0,'0000-00-00','0000-00-00','',1,0,'',0,0,NULL,NULL,NULL,NULL,NULL,NULL,NULL,NULL,NULL,NULL,NULL,NULL,NULL,NULL,NULL,NULL,NULL,NULL,NULL,NULL,NULL,'','','','','',''),('315',10,1,'TOMATO KETCHUP HEINZ ','','','Bottles','B','4011','5011','1021','5014','1023',0,0,0,225,0,0,0,0,0,0,'',0,0,'0000-00-00','0000-00-00','',1,0,'',0,0,NULL,NULL,NULL,NULL,NULL,NULL,NULL,NULL,NULL,NULL,NULL,NULL,NULL,NULL,NULL,NULL,NULL,NULL,NULL,NULL,NULL,'','','','','',''),('316',10,1,'PAPRIKA POWDER','','','Pack','B','4011','5011','1021','5014','1023',0,0,50,50,0,0,0,0,0,0,'',0,0,'0000-00-00','0000-00-00','',1,0,'',0,0,NULL,NULL,NULL,NULL,NULL,NULL,NULL,NULL,NULL,NULL,NULL,NULL,NULL,NULL,NULL,NULL,NULL,NULL,NULL,NULL,NULL,'','','','','',''),('317',10,1,'WHITE PEPPER POWDER','','','Kgs','B','4011','5011','1021','5014','1023',0,0,0,1500,0,0,0,0,0,0,'',0,0,'0000-00-00','0000-00-00','',1,0,'',0,0,NULL,NULL,NULL,NULL,NULL,NULL,NULL,NULL,NULL,NULL,NULL,NULL,NULL,NULL,NULL,NULL,NULL,NULL,NULL,NULL,NULL,'','','','','',''),('318',10,1,'RED CURRY PASTE','','','Pack','B','4011','5011','1021','5014','1023',0,0,0,500,0,0,0,0,0,0,'',0,0,'0000-00-00','0000-00-00','',1,0,'',0,0,NULL,NULL,NULL,NULL,NULL,NULL,NULL,NULL,NULL,NULL,NULL,NULL,NULL,NULL,NULL,NULL,NULL,NULL,NULL,NULL,NULL,'','','','','',''),('319',10,1,'TOBASSCO SAUCE','','','Pack','B','4011','5011','1021','5014','1023',0,0,250,250,0,0,0,0,0,0,'',0,0,'0000-00-00','0000-00-00','',1,0,'',0,0,NULL,NULL,NULL,NULL,NULL,NULL,NULL,NULL,NULL,NULL,NULL,NULL,NULL,NULL,NULL,NULL,NULL,NULL,NULL,NULL,NULL,'','','','','',''),('320',10,1,'COCONUT CREAM POWDER','','','Pack','B','4011','5011','1021','5014','1023',0,0,150,150,0,0,0,0,0,0,'',0,0,'0000-00-00','0000-00-00','',1,0,'',0,0,NULL,NULL,NULL,NULL,NULL,NULL,NULL,NULL,NULL,NULL,NULL,NULL,NULL,NULL,NULL,NULL,NULL,NULL,NULL,NULL,NULL,'','','','','',''),('321',10,1,'CHICKEN SOUP CUBE KNORR 1KG ','','','Jar','B','4011','5011','1021','5014','1023',0,0,1000,933.33333333333,0,0,0,0,0,0,'',0,0,'0000-00-00','0000-00-00','',1,0,'Bottles',0,0,'','','',NULL,NULL,NULL,0,0,0,0,0,0,NULL,NULL,NULL,0,0,0,0,0,0,'','','','','',''),('322',10,1,'DAMI GLASS BASE','','','Jar','B','4011','5011','1021','5014','1023',0,0,880,880,0,0,0,0,0,0,'',0,0,'0000-00-00','0000-00-00','',1,0,'',0,0,NULL,NULL,NULL,NULL,NULL,NULL,NULL,NULL,NULL,NULL,NULL,NULL,NULL,NULL,NULL,NULL,NULL,NULL,NULL,NULL,NULL,'','','','','',''),('323',10,1,'GINGER POWDER','','','Pack','B','4011','5011','1021','5014','1023',0,0,0,0,0,0,0,0,0,0,'',0,0,'0000-00-00','0000-00-00','',1,0,'',0,0,NULL,NULL,NULL,NULL,NULL,NULL,NULL,NULL,NULL,NULL,NULL,NULL,NULL,NULL,NULL,NULL,NULL,NULL,NULL,NULL,NULL,'','','','','',''),('324',10,1,'TURMERIC POWDER','','','Kgs','B','4011','5011','1021','5014','1023',0,0,0,300,0,0,0,0,0,0,'',0,0,'0000-00-00','0000-00-00','',1,0,'',0,0,NULL,NULL,NULL,NULL,NULL,NULL,NULL,NULL,NULL,NULL,NULL,NULL,NULL,NULL,NULL,NULL,NULL,NULL,NULL,NULL,NULL,'','','','','',''),('325',10,1,'GIREE BRADA','','','Kgs','B','4011','5011','1021','5014','1023',0,0,600,600,0,0,0,0,0,0,'',0,0,'0000-00-00','0000-00-00','',1,0,'',0,0,NULL,NULL,NULL,NULL,NULL,NULL,NULL,NULL,NULL,NULL,NULL,NULL,NULL,NULL,NULL,NULL,NULL,NULL,NULL,NULL,NULL,'','','','','',''),('326',10,1,'TIKKA MASALA','','','Pack','B','4011','5011','1021','5014','1023',0,0,50,50,0,0,0,0,0,0,'',0,0,'0000-00-00','0000-00-00','',1,0,'',0,0,NULL,NULL,NULL,NULL,NULL,NULL,NULL,NULL,NULL,NULL,NULL,NULL,NULL,NULL,NULL,NULL,NULL,NULL,NULL,NULL,NULL,'','','','','',''),('327',10,1,'BLACK PEPPER POWDER','','','Kgs','B','4011','5011','1021','5014','1023',0,0,1500,1500,0,0,0,0,0,0,'',0,0,'0000-00-00','0000-00-00','',1,0,'',0,0,NULL,NULL,NULL,NULL,NULL,NULL,NULL,NULL,NULL,NULL,NULL,NULL,NULL,NULL,NULL,NULL,NULL,NULL,NULL,NULL,NULL,'','','','','',''),('328',10,1,'WHITE CHEESE THREE COW 1/2 KG BLOCK ','','','pcs','B','4011','5011','1021','5014','1023',0,0,500,500,0,0,0,0,0,0,'',0,0,'0000-00-00','0000-00-00','',1,0,'',0,0,NULL,NULL,NULL,NULL,NULL,NULL,NULL,NULL,NULL,NULL,NULL,NULL,NULL,NULL,NULL,NULL,NULL,NULL,NULL,NULL,NULL,'','','','','',''),('329',10,1,'CHICKEN SAUSAGES  ','','','Pack','B','4011','5011','1021','5014','1023',0,0,350,350,0,0,0,0,0,0,'',0,0,'0000-00-00','0000-00-00','',1,0,'',0,0,NULL,NULL,NULL,NULL,NULL,NULL,NULL,NULL,NULL,NULL,NULL,NULL,NULL,NULL,NULL,NULL,NULL,NULL,NULL,NULL,NULL,'','','','','',''),('330',10,1,'LEAPED MIRROR GLASS (CAKE)','','','Jar','B','4011','5011','1021','5014','1023',0,0,1800,1800,0,0,0,0,0,0,'',0,0,'0000-00-00','0000-00-00','',1,0,'',0,0,NULL,NULL,NULL,NULL,NULL,NULL,NULL,NULL,NULL,NULL,NULL,NULL,NULL,NULL,NULL,NULL,NULL,NULL,NULL,NULL,NULL,'','','','','',''),('331',10,1,'MANGO PUREE MONTIBINACO 4KG ','','','Jar','B','4011','5011','1021','5014','1023',0,0,8000,8000,0,0,0,0,0,0,'',0,0,'0000-00-00','0000-00-00','',1,0,'',0,0,NULL,NULL,NULL,NULL,NULL,NULL,NULL,NULL,NULL,NULL,NULL,NULL,NULL,NULL,NULL,NULL,NULL,NULL,NULL,NULL,NULL,'','','','','',''),('333',10,1,'STRAWBERRY PUREE MONTIBINACO 4KG ','','','Jar','B','4011','5011','1021','5014','1023',0,0,8500,8500,0,0,0,0,0,0,'',0,0,'0000-00-00','0000-00-00','',1,0,'',0,0,NULL,NULL,NULL,NULL,NULL,NULL,NULL,NULL,NULL,NULL,NULL,NULL,NULL,NULL,NULL,NULL,NULL,NULL,NULL,NULL,NULL,'','','','','',''),('334',10,1,'SOYA SAUCE DARK 2 LITER (LEE KUM KI )','','','Bottles','B','4011','5011','1021','5014','1023',0,0,400,400,0,0,0,0,0,0,'',0,0,'0000-00-00','0000-00-00','',1,0,'',0,0,NULL,NULL,NULL,NULL,NULL,NULL,NULL,NULL,NULL,NULL,NULL,NULL,NULL,NULL,NULL,NULL,NULL,NULL,NULL,NULL,NULL,'','','','','',''),('335',10,1,'SOYA SAUCE LIGHT 2 LITER (LEE KUM KI )','','','Bottles','B','4011','5011','1021','5014','1023',0,0,400,400,0,0,0,0,0,0,'',0,0,'0000-00-00','0000-00-00','',1,0,'',0,0,NULL,NULL,NULL,NULL,NULL,NULL,NULL,NULL,NULL,NULL,NULL,NULL,NULL,NULL,NULL,NULL,NULL,NULL,NULL,NULL,NULL,'','','','','',''),('336',10,1,'SWEET VINEGAR ','','','Bottles','B','4011','5011','1021','5014','1023',0,0,450,400,0,0,0,0,0,0,'',0,0,'0000-00-00','0000-00-00','',1,0,'',0,0,NULL,NULL,NULL,NULL,NULL,NULL,NULL,NULL,NULL,NULL,NULL,NULL,NULL,NULL,NULL,NULL,NULL,NULL,NULL,NULL,NULL,'','','','','',''),('337',10,1,'TAPAL DANEDAR TEA 1/2 KG ','','','Pack','B','4011','5011','1021','5014','1023',0,0,500,500,0,0,0,0,0,0,'',0,0,'0000-00-00','0000-00-00','',1,0,'',0,0,NULL,NULL,NULL,NULL,NULL,NULL,NULL,NULL,NULL,NULL,NULL,NULL,NULL,NULL,NULL,NULL,NULL,NULL,NULL,NULL,NULL,'','','','','',''),('338',10,1,'LIPTON GREEN TEA MINT 25PCS ','','','Pack','B','4011','5011','1021','5014','1023',0,0,300,300,0,0,0,0,0,0,'',0,0,'0000-00-00','0000-00-00','',1,0,'',0,0,NULL,NULL,NULL,NULL,NULL,NULL,NULL,NULL,NULL,NULL,NULL,NULL,NULL,NULL,NULL,NULL,NULL,NULL,NULL,NULL,NULL,'','','','','',''),('339',10,1,'LIPTON GREEN TEA SENCHA 30PCS ','','','Pack','B','4011','5011','1021','5014','1023',0,0,450,450,0,0,0,0,0,0,'',0,0,'0000-00-00','0000-00-00','',1,0,'',0,0,NULL,NULL,NULL,NULL,NULL,NULL,NULL,NULL,NULL,NULL,NULL,NULL,NULL,NULL,NULL,NULL,NULL,NULL,NULL,NULL,NULL,'','','','','',''),('340',10,1,'LIPTON GREEN TEA ROSEHIP 25PCS ','','','Pack','B','4011','5011','1021','5014','1023',0,0,300,300,0,0,0,0,0,0,'',0,0,'0000-00-00','0000-00-00','',1,0,'',0,0,NULL,NULL,NULL,NULL,NULL,NULL,NULL,NULL,NULL,NULL,NULL,NULL,NULL,NULL,NULL,NULL,NULL,NULL,NULL,NULL,NULL,'','','','','',''),('341',10,1,'LIPTON GREEN TEA CAMOMILE 30PCS ','','','Pack','B','4011','5011','1021','5014','1023',0,0,450,450,0,0,0,0,0,0,'',0,0,'0000-00-00','0000-00-00','',1,0,'',0,0,NULL,NULL,NULL,NULL,NULL,NULL,NULL,NULL,NULL,NULL,NULL,NULL,NULL,NULL,NULL,NULL,NULL,NULL,NULL,NULL,NULL,'','','','','',''),('342',10,1,'LIPTON GREEN TEA PURE BLACK 25 PCS ','','','Pack','B','4011','5011','1021','5014','1023',0,0,300,300,0,0,0,0,0,0,'',0,0,'0000-00-00','0000-00-00','',1,0,'',0,0,NULL,NULL,NULL,NULL,NULL,NULL,NULL,NULL,NULL,NULL,NULL,NULL,NULL,NULL,NULL,NULL,NULL,NULL,NULL,NULL,NULL,'','','','','',''),('343',10,1,'LIPTON GREEN TEA LEMON 25 PCS ','','','Pack','B','4011','5011','1021','5014','1023',0,0,300,100,0,0,0,0,0,0,'',0,0,'0000-00-00','0000-00-00','',1,0,'',0,0,NULL,NULL,NULL,NULL,NULL,NULL,NULL,NULL,NULL,NULL,NULL,NULL,NULL,NULL,NULL,NULL,NULL,NULL,NULL,NULL,NULL,'','','','','',''),('344',10,1,'LIPTON YELLOW LABEL SACHET 100 PCS PACK ','','','Pack','B','4011','5011','1021','5014','1023',0,0,500,500,0,0,0,0,0,0,'',0,0,'0000-00-00','0000-00-00','',1,0,'',0,0,NULL,NULL,NULL,NULL,NULL,NULL,NULL,NULL,NULL,NULL,NULL,NULL,NULL,NULL,NULL,NULL,NULL,NULL,NULL,NULL,NULL,'','','','','',''),('345',10,1,'LIPTON ICED TEA SACHET ','','','pcs','B','4011','5011','1021','5014','1023',0,0,100,100,0,0,0,0,0,0,'',0,0,'0000-00-00','0000-00-00','',1,0,'',0,0,NULL,NULL,NULL,NULL,NULL,NULL,NULL,NULL,NULL,NULL,NULL,NULL,NULL,NULL,NULL,NULL,NULL,NULL,NULL,NULL,NULL,'','','','','',''),('346',10,1,'LIPTON TEA 475 GRAMS ','','','Pack','B','4011','5011','1021','5014','1023',0,0,0,0,0,0,0,0,0,0,'',0,0,'0000-00-00','0000-00-00','',1,0,'',0,0,NULL,NULL,NULL,NULL,NULL,NULL,NULL,NULL,NULL,NULL,NULL,NULL,NULL,NULL,NULL,NULL,NULL,NULL,NULL,NULL,NULL,'','','','','',''),('347',10,1,'RIPPY TOPPING CARAMEL ','','','Bottles','B','4011','5011','1021','5014','1023',0,0,1500,1500,0,0,0,0,0,0,'',0,0,'0000-00-00','0000-00-00','',1,0,'',0,0,NULL,NULL,NULL,NULL,NULL,NULL,NULL,NULL,NULL,NULL,NULL,NULL,NULL,NULL,NULL,NULL,NULL,NULL,NULL,NULL,NULL,'','','','','',''),('348',10,1,'RIPPY TOPPING MANGOO','','','Bottles','B','4011','5011','1021','5014','1023',0,0,1500,1500,0,0,0,0,0,0,'',0,0,'0000-00-00','0000-00-00','',1,0,'',0,0,NULL,NULL,NULL,NULL,NULL,NULL,NULL,NULL,NULL,NULL,NULL,NULL,NULL,NULL,NULL,NULL,NULL,NULL,NULL,NULL,NULL,'','','','','',''),('349',10,1,'RIPPY TOPPING CHOCOLATE ','','','Bottles','B','4011','5011','1021','5014','1023',0,0,1500,1500,0,0,0,0,0,0,'',0,0,'0000-00-00','0000-00-00','',1,0,'',0,0,NULL,NULL,NULL,NULL,NULL,NULL,NULL,NULL,NULL,NULL,NULL,NULL,NULL,NULL,NULL,NULL,NULL,NULL,NULL,NULL,NULL,'','','','','',''),('350',10,1,'FRENCH FRIES Mccain 2.5kg ','','','Pack','B','4011','5011','1021','5014','1023',0,0,650,716.66666666667,0,0,0,0,0,0,'',0,0,'0000-00-00','0000-00-00','',1,0,'',0,0,NULL,NULL,NULL,NULL,NULL,NULL,NULL,NULL,NULL,NULL,NULL,NULL,NULL,NULL,NULL,NULL,NULL,NULL,NULL,NULL,NULL,'','','','','',''),('351',10,1,'MOZERELLA CHEESE ADAMS 2KG BLOCK ','','','Pack','B','4011','5011','1021','5014','1023',0,0,2000,2000,0,0,0,0,0,0,'',0,0,'0000-00-00','0000-00-00','',1,0,'',0,0,NULL,NULL,NULL,NULL,NULL,NULL,NULL,NULL,NULL,NULL,NULL,NULL,NULL,NULL,NULL,NULL,NULL,NULL,NULL,NULL,NULL,'','','','','',''),('352',10,1,'MILK CHOCOLATE 1 KG PACK COLLATA ','','','Pack','B','4011','5011','1021','5014','1023',0,0,800,800,0,0,0,0,0,0,'',0,0,'0000-00-00','0000-00-00','',1,0,'',0,0,NULL,NULL,NULL,NULL,NULL,NULL,NULL,NULL,NULL,NULL,NULL,NULL,NULL,NULL,NULL,NULL,NULL,NULL,NULL,NULL,NULL,'','','','','',''),('353',10,1,'WHITE CHOCOLATE 1 KG PACK COLLATA ','','','Pack','B','4011','5011','1021','5014','1023',0,0,800,800,0,0,0,0,0,0,'',0,0,'0000-00-00','0000-00-00','',1,0,'',0,0,NULL,NULL,NULL,NULL,NULL,NULL,NULL,NULL,NULL,NULL,NULL,NULL,NULL,NULL,NULL,NULL,NULL,NULL,NULL,NULL,NULL,'','','','','',''),('354',10,1,'LAVAZZA ESSPRESSO COFFEE 1 KG ','','','pcs','B','4011','5011','1021','5014','1023',0,0,3500,3500,0,0,0,0,0,0,'',0,0,'0000-00-00','0000-00-00','',1,0,'',0,0,NULL,NULL,NULL,NULL,NULL,NULL,NULL,NULL,NULL,NULL,NULL,NULL,NULL,NULL,NULL,NULL,NULL,NULL,NULL,NULL,NULL,'','','','','',''),('355',10,1,'BAMBOO SHOOT TIN ','','','Jar','B','4011','5011','1021','5014','1023',0,0,200,200,0,0,0,0,0,0,'',0,0,'0000-00-00','0000-00-00','',1,0,'',0,0,NULL,NULL,NULL,NULL,NULL,NULL,NULL,NULL,NULL,NULL,NULL,NULL,NULL,NULL,NULL,NULL,NULL,NULL,NULL,NULL,NULL,'','','','','',''),('356',10,1,'SWEET CORN TIN ','','','Jar','B','4011','5011','1021','5014','1023',0,0,200,200,0,0,0,0,0,0,'',0,0,'0000-00-00','0000-00-00','',1,0,'',0,0,NULL,NULL,NULL,NULL,NULL,NULL,NULL,NULL,NULL,NULL,NULL,NULL,NULL,NULL,NULL,NULL,NULL,NULL,NULL,NULL,NULL,'','','','','',''),('357',10,1,'BABY CORN ','','','Jar','B','4011','5011','1021','5014','1023',0,0,200,200,0,0,0,0,0,0,'',0,0,'0000-00-00','0000-00-00','',1,0,'',0,0,NULL,NULL,NULL,NULL,NULL,NULL,NULL,NULL,NULL,NULL,NULL,NULL,NULL,NULL,NULL,NULL,NULL,NULL,NULL,NULL,NULL,'','','','','',''),('358',10,1,'BAMBOO SHOOT HALVES TIN','','','Jar','B','4011','5011','1021','5014','1023',0,0,200,200,0,0,0,0,0,0,'',0,0,'0000-00-00','0000-00-00','',1,0,'',0,0,NULL,NULL,NULL,NULL,NULL,NULL,NULL,NULL,NULL,NULL,NULL,NULL,NULL,NULL,NULL,NULL,NULL,NULL,NULL,NULL,NULL,'','','','','',''),('359',10,1,'AIRWIK FRESHENER 175GM  ','','','Bottles','B','4011','5011','1021','5014','1023',0,0,200,200,0,0,0,0,0,0,'',0,0,'0000-00-00','0000-00-00','',1,0,'',0,0,NULL,NULL,NULL,NULL,NULL,NULL,NULL,NULL,NULL,NULL,NULL,NULL,NULL,NULL,NULL,NULL,NULL,NULL,NULL,NULL,NULL,'','','','','',''),('360',10,1,'AIRWIK DIFFUSER  MACHINE ','','','pcs','B','4011','5011','1021','5014','1023',0,0,1000,1000,0,0,0,0,0,0,'',0,0,'0000-00-00','0000-00-00','',1,0,'',0,0,NULL,NULL,NULL,NULL,NULL,NULL,NULL,NULL,NULL,NULL,NULL,NULL,NULL,NULL,NULL,NULL,NULL,NULL,NULL,NULL,NULL,'','','','','',''),('362',10,1,'MELAPINE PINEAPPLE SLICE 3KG ','','','Jar','B','4011','5011','1021','5014','1023',0,0,575,631.25,0,0,0,0,0,0,'',0,0,'0000-00-00','0000-00-00','',1,0,'',0,0,NULL,NULL,NULL,NULL,NULL,NULL,NULL,NULL,NULL,NULL,NULL,NULL,NULL,NULL,NULL,NULL,NULL,NULL,NULL,NULL,NULL,'','','','','',''),('363',10,1,'DELMONT PINEAPPLE JUICE 1.36 LITER ','','','Bottles','B','4011','5011','1021','5014','1023',0,0,400,400,0,0,0,0,0,0,'',0,0,'0000-00-00','0000-00-00','',1,0,'',0,0,NULL,NULL,NULL,NULL,NULL,NULL,NULL,NULL,NULL,NULL,NULL,NULL,NULL,NULL,NULL,NULL,NULL,NULL,NULL,NULL,NULL,'','','','','',''),('364',10,1,'POLAC MILK 390 GRAMS ','','','Bottles','B','4011','5011','1021','5014','1023',0,0,200,200,0,0,0,0,0,0,'',0,0,'0000-00-00','0000-00-00','',1,0,'',0,0,NULL,NULL,NULL,NULL,NULL,NULL,NULL,NULL,NULL,NULL,NULL,NULL,NULL,NULL,NULL,NULL,NULL,NULL,NULL,NULL,NULL,'','','','','',''),('365',10,1,'YELLOW CLING PEACH HALVES IN SYRUP 820GMS ','','','Bottles','B','4011','5011','1021','5014','1023',0,0,200,200,0,0,0,0,0,0,'',0,0,'0000-00-00','0000-00-00','',1,0,'',0,0,NULL,NULL,NULL,NULL,NULL,NULL,NULL,NULL,NULL,NULL,NULL,NULL,NULL,NULL,NULL,NULL,NULL,NULL,NULL,NULL,NULL,'','','','','',''),('366',10,1,'LYCHEE READY TO EAT 365 GM ','','','Bottles','B','4011','5011','1021','5014','1023',0,0,250,200,0,0,0,0,0,0,'',0,0,'0000-00-00','0000-00-00','',1,0,'',0,0,NULL,NULL,NULL,NULL,NULL,NULL,NULL,NULL,NULL,NULL,NULL,NULL,NULL,NULL,NULL,NULL,NULL,NULL,NULL,NULL,NULL,'','','','','',''),('367',10,1,'COCONUT MILK 400GMS ','','','Bottles','B','4011','5011','1021','5014','1023',0,0,250,250,0,0,0,0,0,0,'',0,0,'0000-00-00','0000-00-00','',1,0,'',0,0,NULL,NULL,NULL,NULL,NULL,NULL,NULL,NULL,NULL,NULL,NULL,NULL,NULL,NULL,NULL,NULL,NULL,NULL,NULL,NULL,NULL,'','','','','',''),('368',10,1,'RED CHERRY SYRUP 240GMS ','','','Bottles','B','4011','5011','1021','5014','1023',0,0,350,350,0,0,0,0,0,0,'',0,0,'0000-00-00','0000-00-00','',1,0,'',0,0,NULL,NULL,NULL,NULL,NULL,NULL,NULL,NULL,NULL,NULL,NULL,NULL,NULL,NULL,NULL,NULL,NULL,NULL,NULL,NULL,NULL,'','','','','',''),('369',10,1,'STRAWBERRY IN SYRUP 425GM ','','','Bottles','B','4011','5011','1021','5014','1023',0,0,310,310,0,0,0,0,0,0,'',0,0,'0000-00-00','0000-00-00','',1,0,'',0,0,NULL,NULL,NULL,NULL,NULL,NULL,NULL,NULL,NULL,NULL,NULL,NULL,NULL,NULL,NULL,NULL,NULL,NULL,NULL,NULL,NULL,'','','','','',''),('370',10,1,'THAI COCONUT CREAM 400 GMS ','','','Bottles','B','4011','5011','1021','5014','1023',0,0,0,300,0,0,0,0,0,0,'',0,0,'0000-00-00','0000-00-00','',1,0,'',0,0,NULL,NULL,NULL,NULL,NULL,NULL,NULL,NULL,NULL,NULL,NULL,NULL,NULL,NULL,NULL,NULL,NULL,NULL,NULL,NULL,NULL,'','','','','',''),('371',10,1,'SUFI COOKING OIL 1 LITER ','','','Pack','B','4011','5011','1021','5014','1023',0,0,146,156.76923076923,0,0,0,0,0,0,'',0,0,'0000-00-00','0000-00-00','',1,0,'',0,0,NULL,NULL,NULL,NULL,NULL,NULL,NULL,NULL,NULL,NULL,NULL,NULL,NULL,NULL,NULL,NULL,NULL,NULL,NULL,NULL,NULL,'','','','','',''),('372',10,1,'STRAWBERRY FILLING 595GM ','','','Bottles','B','4011','5011','1021','5014','1023',0,0,395,392,0,0,0,0,0,0,'',0,0,'0000-00-00','0000-00-00','',1,0,'',0,0,NULL,NULL,NULL,NULL,NULL,NULL,NULL,NULL,NULL,NULL,NULL,NULL,NULL,NULL,NULL,NULL,NULL,NULL,NULL,NULL,NULL,'','','','','',''),('373',10,1,'BLUEBERRY FILLING 595GM ','','','Bottles','B','4011','5011','1021','5014','1023',0,0,395,395,0,0,0,0,0,0,'',0,0,'0000-00-00','0000-00-00','',1,0,'',0,0,NULL,NULL,NULL,NULL,NULL,NULL,NULL,NULL,NULL,NULL,NULL,NULL,NULL,NULL,NULL,NULL,NULL,NULL,NULL,NULL,NULL,'','','','','',''),('374',10,1,'STRAWBERRY PUREE MONTIBIANCO 2KG ','','','Bottles','B','4011','5011','1021','5014','1023',0,0,0,5000,0,0,0,0,0,0,'',0,0,'0000-00-00','0000-00-00','',1,0,'',0,0,NULL,NULL,NULL,NULL,NULL,NULL,NULL,NULL,NULL,NULL,NULL,NULL,NULL,NULL,NULL,NULL,NULL,NULL,NULL,NULL,NULL,'','','','','',''),('375',10,1,'MANGOO PUREE MONTIBIANCO 2KG ','','','Bottles','B','4011','5011','1021','5014','1023',0,0,0,5000,0,0,0,0,0,0,'',0,0,'0000-00-00','0000-00-00','',1,0,'',0,0,NULL,NULL,NULL,NULL,NULL,NULL,NULL,NULL,NULL,NULL,NULL,NULL,NULL,NULL,NULL,NULL,NULL,NULL,NULL,NULL,NULL,'','','','','',''),('376',10,1,'THAI GREEN CURRY PASTE 400GM','','','Bottles','B','4011','5011','1021','5014','1023',0,0,0,500,0,0,0,0,0,0,'',0,0,'0000-00-00','0000-00-00','',1,0,'',0,0,NULL,NULL,NULL,NULL,NULL,NULL,NULL,NULL,NULL,NULL,NULL,NULL,NULL,NULL,NULL,NULL,NULL,NULL,NULL,NULL,NULL,'','','','','',''),('377',10,1,'PLAIN MUSTERED  400G','','','Bottles','B','4011','5011','1021','5014','1023',0,0,0,300,0,0,0,0,0,0,'',0,0,'0000-00-00','0000-00-00','',1,0,'',0,0,NULL,NULL,NULL,NULL,NULL,NULL,NULL,NULL,NULL,NULL,NULL,NULL,NULL,NULL,NULL,NULL,NULL,NULL,NULL,NULL,NULL,'','','','','',''),('378',10,1,'ANCIENNE MUSTERED 200G ','','','Bottles','B','4011','5011','1021','5014','1023',0,0,0,300,0,0,0,0,0,0,'',0,0,'0000-00-00','0000-00-00','',1,0,'',0,0,NULL,NULL,NULL,NULL,NULL,NULL,NULL,NULL,NULL,NULL,NULL,NULL,NULL,NULL,NULL,NULL,NULL,NULL,NULL,NULL,NULL,'','','','','',''),('379',10,1,'CREAM PEANUT BUTTER 340G','','','Bottles','B','4011','5011','1021','5014','1023',0,0,0,300,0,0,0,0,0,0,'',0,0,'0000-00-00','0000-00-00','',1,0,'',0,0,NULL,NULL,NULL,NULL,NULL,NULL,NULL,NULL,NULL,NULL,NULL,NULL,NULL,NULL,NULL,NULL,NULL,NULL,NULL,NULL,NULL,'','','','','',''),('380',10,1,'KNOOR CHICKEN STOCK POWDER ','','','Jar','B','4011','5011','1021','5014','1023',0,0,480,552,0,0,0,0,0,0,'',0,0,'0000-00-00','0000-00-00','',1,0,'',0,0,NULL,NULL,NULL,NULL,NULL,NULL,NULL,NULL,NULL,NULL,NULL,NULL,NULL,NULL,NULL,NULL,NULL,NULL,NULL,NULL,NULL,'','','','','',''),('381',10,1,'RICE VERMICELLI 200GRAMS  ','','','Pack','B','4011','5011','1021','5014','1023',0,0,0,250,0,0,0,0,0,0,'',0,0,'0000-00-00','0000-00-00','',1,0,'',0,0,NULL,NULL,NULL,NULL,NULL,NULL,NULL,NULL,NULL,NULL,NULL,NULL,NULL,NULL,NULL,NULL,NULL,NULL,NULL,NULL,NULL,'','','','','',''),('382',10,1,'HP SAUCE 255 GRAMS ','','','Bottles','B','4011','5011','1021','5014','1023',0,0,195,221.30434782609,0,0,0,0,0,0,'',0,0,'0000-00-00','0000-00-00','',1,0,'',0,0,NULL,NULL,NULL,NULL,NULL,NULL,NULL,NULL,NULL,NULL,NULL,NULL,NULL,NULL,NULL,NULL,NULL,NULL,NULL,NULL,NULL,'','','','','',''),('383',10,1,'FOOD COLOR SILVER 25 GRAM','','','Bottles','B','4011','5011','1021','5014','1023',0,0,0,1200,0,0,0,0,0,0,'',0,0,'0000-00-00','0000-00-00','',1,0,'',0,0,NULL,NULL,NULL,NULL,NULL,NULL,NULL,NULL,NULL,NULL,NULL,NULL,NULL,NULL,NULL,NULL,NULL,NULL,NULL,NULL,NULL,'','','','','',''),('384',10,1,'FOOD COLOR GOLD 25 GRAM','','','Bottles','B','4011','5011','1021','5014','1023',0,0,0,1200,0,0,0,0,0,0,'',0,0,'0000-00-00','0000-00-00','',1,0,'',0,0,NULL,NULL,NULL,NULL,NULL,NULL,NULL,NULL,NULL,NULL,NULL,NULL,NULL,NULL,NULL,NULL,NULL,NULL,NULL,NULL,NULL,'','','','','',''),('385',10,1,'FOOD COLOR RED DUBAI 25 GRAM ','','','Bottles','B','4011','5011','1021','5014','1023',0,0,0,1200,0,0,0,0,0,0,'',0,0,'0000-00-00','0000-00-00','',1,0,'',0,0,NULL,NULL,NULL,NULL,NULL,NULL,NULL,NULL,NULL,NULL,NULL,NULL,NULL,NULL,NULL,NULL,NULL,NULL,NULL,NULL,NULL,'','','','','',''),('386',10,1,'CADABRY DRINKING CHOCOLATE POWDER 500GRAMS','','','Jar','B','4011','5011','1021','5014','1023',0,0,0,250,0,0,0,0,0,0,'',0,0,'0000-00-00','0000-00-00','',1,0,'',0,0,NULL,NULL,NULL,NULL,NULL,NULL,NULL,NULL,NULL,NULL,NULL,NULL,NULL,NULL,NULL,NULL,NULL,NULL,NULL,NULL,NULL,'','','','','',''),('387',10,1,'TOMATO PUREE 450 GRAM ','','','Jar','B','4011','5011','1021','5014','1023',0,0,0,266.66666666667,0,0,0,0,0,0,'',0,0,'0000-00-00','0000-00-00','',1,0,'',0,0,NULL,NULL,NULL,NULL,NULL,NULL,NULL,NULL,NULL,NULL,NULL,NULL,NULL,NULL,NULL,NULL,NULL,NULL,NULL,NULL,NULL,'','','','','',''),('388',10,1,'TOMATO PASTE 450 GRAMS ','','','Jar','B','4011','5011','1021','5014','1023',0,0,0,250,0,0,0,0,0,0,'',0,0,'0000-00-00','0000-00-00','',1,0,'',0,0,NULL,NULL,NULL,NULL,NULL,NULL,NULL,NULL,NULL,NULL,NULL,NULL,NULL,NULL,NULL,NULL,NULL,NULL,NULL,NULL,NULL,'','','','','',''),('389',10,1,'OLIVE OIL 4 LITTER ','','','Bottles','B','4011','5011','1021','5014','1023',0,0,0,4000,0,0,0,0,0,0,'',0,0,'0000-00-00','0000-00-00','',1,0,'',0,0,NULL,NULL,NULL,NULL,NULL,NULL,NULL,NULL,NULL,NULL,NULL,NULL,NULL,NULL,NULL,NULL,NULL,NULL,NULL,NULL,NULL,'','','','','',''),('390',10,1,'RED ALLAPINO SLICED ','','','Bottles','B','4011','5011','1021','5014','1023',0,0,0,350,0,0,0,0,0,0,'',0,0,'0000-00-00','0000-00-00','',1,0,'',0,0,NULL,NULL,NULL,NULL,NULL,NULL,NULL,NULL,NULL,NULL,NULL,NULL,NULL,NULL,NULL,NULL,NULL,NULL,NULL,NULL,NULL,'','','','','',''),('391',10,1,'GREEN ALLAPINO SLICED 480GRAMS ','','','Bottles','B','4011','5011','1021','5014','1023',0,0,0,350,0,0,0,0,0,0,'',0,0,'0000-00-00','0000-00-00','',1,0,'',0,0,NULL,NULL,NULL,NULL,NULL,NULL,NULL,NULL,NULL,NULL,NULL,NULL,NULL,NULL,NULL,NULL,NULL,NULL,NULL,NULL,NULL,'','','','','',''),('392',10,1,'SUN DRY TOMATO 300 GRAMS ','','','Jar','B','4011','5011','1021','5014','1023',0,0,0,500,0,0,0,0,0,0,'',0,0,'0000-00-00','0000-00-00','',1,0,'',0,0,NULL,NULL,NULL,NULL,NULL,NULL,NULL,NULL,NULL,NULL,NULL,NULL,NULL,NULL,NULL,NULL,NULL,NULL,NULL,NULL,NULL,'','','','','',''),('393',10,1,'STRAWBERRY JELLY 100GRAMS ','','','Pack','B','4011','5011','1021','5014','1023',0,0,0,80,0,0,0,0,0,0,'',0,0,'0000-00-00','0000-00-00','',1,0,'',0,0,NULL,NULL,NULL,NULL,NULL,NULL,NULL,NULL,NULL,NULL,NULL,NULL,NULL,NULL,NULL,NULL,NULL,NULL,NULL,NULL,NULL,'','','','','',''),('394',10,1,'GRAPES JELLY 100 GRAM','','','Pack','B','4011','5011','1021','5014','1023',0,0,0,80,0,0,0,0,0,0,'',0,0,'0000-00-00','0000-00-00','',1,0,'',0,0,NULL,NULL,NULL,NULL,NULL,NULL,NULL,NULL,NULL,NULL,NULL,NULL,NULL,NULL,NULL,NULL,NULL,NULL,NULL,NULL,NULL,'','','','','',''),('395',10,1,'ORANGE JELLY ','','','Pack','B','4011','5011','1021','5014','1023',0,0,0,80,0,0,0,0,0,0,'',0,0,'0000-00-00','0000-00-00','',1,0,'',0,0,NULL,NULL,NULL,NULL,NULL,NULL,NULL,NULL,NULL,NULL,NULL,NULL,NULL,NULL,NULL,NULL,NULL,NULL,NULL,NULL,NULL,'','','','','',''),('396',10,1,'RED WINE VINEGAR 500ML ','','','Bottles','B','4011','5011','1021','5014','1023',0,0,210,341.81818181818,0,0,0,0,0,0,'',0,0,'0000-00-00','0000-00-00','',1,0,'',0,0,NULL,NULL,NULL,NULL,NULL,NULL,NULL,NULL,NULL,NULL,NULL,NULL,NULL,NULL,NULL,NULL,NULL,NULL,NULL,NULL,NULL,'','','','','',''),('397',10,1,'TOM YOM GONG PASTE 227 GRAMS ','','','Bottles','B','4011','5011','1021','5014','1023',0,0,0,250,0,0,0,0,0,0,'',0,0,'0000-00-00','0000-00-00','',1,0,'',0,0,NULL,NULL,NULL,NULL,NULL,NULL,NULL,NULL,NULL,NULL,NULL,NULL,NULL,NULL,NULL,NULL,NULL,NULL,NULL,NULL,NULL,'','','','','',''),('398',10,1,'BACKING POWDER 300 GRAMS ','','','Jar','B','4011','5011','1021','5014','1023',0,0,0,162.5,0,0,0,0,0,0,'',0,0,'0000-00-00','0000-00-00','',1,0,'',0,0,NULL,NULL,NULL,NULL,NULL,NULL,NULL,NULL,NULL,NULL,NULL,NULL,NULL,NULL,NULL,NULL,NULL,NULL,NULL,NULL,NULL,'','','','','',''),('399',10,1,'HONEY 4.2 KGS ','','','Jar','B','4011','5011','1021','5014','1023',0,0,0,4200,0,0,0,0,0,0,'',0,0,'0000-00-00','0000-00-00','',1,0,'',0,0,NULL,NULL,NULL,NULL,NULL,NULL,NULL,NULL,NULL,NULL,NULL,NULL,NULL,NULL,NULL,NULL,NULL,NULL,NULL,NULL,NULL,'','','','','',''),('401',11,1,'ONION','','','Kgs','B','4011','5011','1021','5014','1023',0,0,85,84.6,0,0,0,0,0,0,'',0,0,'0000-00-00','0000-00-00','',1,0,'',0,0,NULL,NULL,NULL,NULL,NULL,NULL,NULL,NULL,NULL,NULL,NULL,NULL,NULL,NULL,NULL,NULL,NULL,NULL,NULL,NULL,NULL,'','','','','',''),('402',11,1,'CARROTS','','','Kgs','B','4011','5011','1021','5014','1023',0,0,85,86.964285714286,0,0,0,0,0,0,'',0,0,'0000-00-00','0000-00-00','',1,0,'',0,0,NULL,NULL,NULL,NULL,NULL,NULL,NULL,NULL,NULL,NULL,NULL,NULL,NULL,NULL,NULL,NULL,NULL,NULL,NULL,NULL,NULL,'','','','','',''),('403',11,1,'CABBAGE','','','Kgs','B','4011','5011','1021','5014','1023',0,0,60,60,0,0,0,0,0,0,'',0,0,'0000-00-00','0000-00-00','',1,0,'',0,0,NULL,NULL,NULL,NULL,NULL,NULL,NULL,NULL,NULL,NULL,NULL,NULL,NULL,NULL,NULL,NULL,NULL,NULL,NULL,NULL,NULL,'','','','','',''),('404',11,1,'GREEN ONION','','','Kgs','B','4011','5011','1021','5014','1023',0,0,200,210.64349324906,0,0,0,0,0,0,'',0,0,'0000-00-00','0000-00-00','',1,0,'',0,0,NULL,NULL,NULL,NULL,NULL,NULL,NULL,NULL,NULL,NULL,NULL,NULL,NULL,NULL,NULL,NULL,NULL,NULL,NULL,NULL,NULL,'','','','','',''),('405',11,1,'RED ONION','','','Kgs','B','4011','5011','1021','5014','1023',0,0,0,0,0,0,0,0,0,0,'',0,0,'0000-00-00','0000-00-00','',1,0,'',0,0,NULL,NULL,NULL,NULL,NULL,NULL,NULL,NULL,NULL,NULL,NULL,NULL,NULL,NULL,NULL,NULL,NULL,NULL,NULL,NULL,NULL,'','','','','',''),('406',11,1,'ZUCCHINI','','','Kgs','B','4011','5011','1021','5014','1023',0,0,80,80,0,0,0,0,0,0,'',0,0,'0000-00-00','0000-00-00','',1,0,'',0,0,NULL,NULL,NULL,NULL,NULL,NULL,NULL,NULL,NULL,NULL,NULL,NULL,NULL,NULL,NULL,NULL,NULL,NULL,NULL,NULL,NULL,'','','','','',''),('407',11,1,'POTATOES','','','Kgs','B','4011','5011','1021','5014','1023',0,0,45,44.513888888889,0,0,0,0,0,0,'',0,0,'0000-00-00','0000-00-00','',1,0,'',0,0,NULL,NULL,NULL,NULL,NULL,NULL,NULL,NULL,NULL,NULL,NULL,NULL,NULL,NULL,NULL,NULL,NULL,NULL,NULL,NULL,NULL,'','','','','',''),('408',11,1,'ICEBERG LETTUCE','','','Kgs','B','4011','5011','1021','5014','1023',0,0,150,150,0,0,0,0,0,0,'',0,0,'0000-00-00','0000-00-00','',1,0,'',0,0,NULL,NULL,NULL,NULL,NULL,NULL,NULL,NULL,NULL,NULL,NULL,NULL,NULL,NULL,NULL,NULL,NULL,NULL,NULL,NULL,NULL,'','','','','',''),('409',11,1,'BROCCOLI','','','Kgs','B','4011','5011','1021','5014','1023',0,0,450,456.66666666667,0,0,0,0,0,0,'',0,0,'0000-00-00','0000-00-00','',1,0,'',0,0,NULL,NULL,NULL,NULL,NULL,NULL,NULL,NULL,NULL,NULL,NULL,NULL,NULL,NULL,NULL,NULL,NULL,NULL,NULL,NULL,NULL,'','','','','',''),('410',11,1,'YELLOW CAPSICUM','','','Kgs','B','4011','5011','1021','5014','1023',0,0,1000,1000,0,0,0,0,0,0,'',0,0,'0000-00-00','0000-00-00','',1,0,'',0,0,NULL,NULL,NULL,NULL,NULL,NULL,NULL,NULL,NULL,NULL,NULL,NULL,NULL,NULL,NULL,NULL,NULL,NULL,NULL,NULL,NULL,'','','','','',''),('411',11,1,'GREEN CAPSICUM','','','Kgs','B','4011','5011','1021','5014','1023',0,0,130,132.22222222222,0,0,0,0,0,0,'',0,0,'0000-00-00','0000-00-00','',1,0,'',0,0,NULL,NULL,NULL,NULL,NULL,NULL,NULL,NULL,NULL,NULL,NULL,NULL,NULL,NULL,NULL,NULL,NULL,NULL,NULL,NULL,NULL,'','','','','',''),('412',11,1,'RED CAPSICUM','','','Kgs','B','4011','5011','1021','5014','1023',0,0,1000,1000,0,0,0,0,0,0,'',0,0,'0000-00-00','0000-00-00','',1,0,'',0,0,NULL,NULL,NULL,NULL,NULL,NULL,NULL,NULL,NULL,NULL,NULL,NULL,NULL,NULL,NULL,NULL,NULL,NULL,NULL,NULL,NULL,'','','','','',''),('413',11,1,'GARLIC','','','Kgs','B','4011','5011','1021','5014','1023',0,0,290,290,0,0,0,0,0,0,'',0,0,'0000-00-00','0000-00-00','',1,0,'',0,0,NULL,NULL,NULL,NULL,NULL,NULL,NULL,NULL,NULL,NULL,NULL,NULL,NULL,NULL,NULL,NULL,NULL,NULL,NULL,NULL,NULL,'','','','','',''),('414',11,1,'FRESH MINT','','','Bunch','B','4011','5011','1021','5014','1023',0,0,9,9,0,0,0,0,0,0,'',0,0,'0000-00-00','0000-00-00','',1,0,'',0,0,NULL,NULL,NULL,NULL,NULL,NULL,NULL,NULL,NULL,NULL,NULL,NULL,NULL,NULL,NULL,NULL,NULL,NULL,NULL,NULL,NULL,'','','','','',''),('415',11,1,'CHERRY TOMATO','','','Kgs','B','4011','5011','1021','5014','1023',0,0,0,450,0,0,0,0,0,0,'',0,0,'0000-00-00','0000-00-00','',1,0,'',0,0,NULL,NULL,NULL,NULL,NULL,NULL,NULL,NULL,NULL,NULL,NULL,NULL,NULL,NULL,NULL,NULL,NULL,NULL,NULL,NULL,NULL,'','','','','',''),('416',11,1,'BIRD CHILLI','','','Pack','B','4011','5011','1021','5014','1023',0,0,250,250,0,0,0,0,0,0,'',0,0,'0000-00-00','0000-00-00','',1,0,'',0,0,NULL,NULL,NULL,NULL,NULL,NULL,NULL,NULL,NULL,NULL,NULL,NULL,NULL,NULL,NULL,NULL,NULL,NULL,NULL,NULL,NULL,'','','','','',''),('417',11,1,'GINGER','','','Kgs','B','4011','5011','1021','5014','1023',0,0,200,200,0,0,0,0,0,0,'',0,0,'0000-00-00','0000-00-00','',1,0,'',0,0,NULL,NULL,NULL,NULL,NULL,NULL,NULL,NULL,NULL,NULL,NULL,NULL,NULL,NULL,NULL,NULL,NULL,NULL,NULL,NULL,NULL,'','','','','',''),('418',11,1,'GREEN CHILLI','','','Kgs','B','4011','5011','1021','5014','1023',0,0,90,93.333333333333,0,0,0,0,0,0,'',0,0,'0000-00-00','0000-00-00','',1,0,'',0,0,NULL,NULL,NULL,NULL,NULL,NULL,NULL,NULL,NULL,NULL,NULL,NULL,NULL,NULL,NULL,NULL,NULL,NULL,NULL,NULL,NULL,'','','','','',''),('451',17,1,'APPLE GREEN ','','','Kgs','B','4011','5011','1021','5014','1023',0,0,0,0,0,0,0,0,0,0,'',0,0,'0000-00-00','0000-00-00','',1,0,'',0,0,NULL,NULL,NULL,NULL,NULL,NULL,NULL,NULL,NULL,NULL,NULL,NULL,NULL,NULL,NULL,NULL,NULL,NULL,NULL,NULL,NULL,'','','','','',''),('452',17,1,'GRAPES','','','Kgs','B','4011','5011','1021','5014','1023',0,0,0,0,0,0,0,0,0,0,'',0,0,'0000-00-00','0000-00-00','',1,0,'',0,0,NULL,NULL,NULL,NULL,NULL,NULL,NULL,NULL,NULL,NULL,NULL,NULL,NULL,NULL,NULL,NULL,NULL,NULL,NULL,NULL,NULL,'','','','','',''),('453',17,1,'MUSAMMBI ','','','Doz','B','4011','5011','1021','5014','1023',0,0,0,0,0,0,0,0,0,0,'',0,0,'0000-00-00','0000-00-00','',1,0,'',0,0,NULL,NULL,NULL,NULL,NULL,NULL,NULL,NULL,NULL,NULL,NULL,NULL,NULL,NULL,NULL,NULL,NULL,NULL,NULL,NULL,NULL,'','','','','',''),('454',17,1,'KINNO','','','Doz','B','4011','5011','1021','5014','1023',0,0,0,0,0,0,0,0,0,0,'',0,0,'0000-00-00','0000-00-00','',1,0,'',0,0,NULL,NULL,NULL,NULL,NULL,NULL,NULL,NULL,NULL,NULL,NULL,NULL,NULL,NULL,NULL,NULL,NULL,NULL,NULL,NULL,NULL,'','','','','',''),('455',17,1,'BANANA ','','','Doz','B','4011','5011','1021','5014','1023',0,0,0,0,0,0,0,0,0,0,'',0,0,'0000-00-00','0000-00-00','',1,0,'',0,0,NULL,NULL,NULL,NULL,NULL,NULL,NULL,NULL,NULL,NULL,NULL,NULL,NULL,NULL,NULL,NULL,NULL,NULL,NULL,NULL,NULL,'','','','','',''),('456',17,1,'POMEGRANATE WHITE  ','','','Doz','B','4011','5011','1021','5014','1023',0,0,0,0,0,0,0,0,0,0,'',0,0,'0000-00-00','0000-00-00','',1,0,'',0,0,NULL,NULL,NULL,NULL,NULL,NULL,NULL,NULL,NULL,NULL,NULL,NULL,NULL,NULL,NULL,NULL,NULL,NULL,NULL,NULL,NULL,'','','','','',''),('457',17,1,'POMEGRANATE RED','','','Kgs','B','4011','5011','1021','5014','1023',0,0,0,0,0,0,0,0,0,0,'',0,0,'0000-00-00','0000-00-00','',1,0,'',0,0,NULL,NULL,NULL,NULL,NULL,NULL,NULL,NULL,NULL,NULL,NULL,NULL,NULL,NULL,NULL,NULL,NULL,NULL,NULL,NULL,NULL,'','','','','',''),('458',17,1,'KIWI ','','','Kgs','B','4011','5011','1021','5014','1023',0,0,0,0,0,0,0,0,0,0,'',0,0,'0000-00-00','0000-00-00','',1,0,'',0,0,NULL,NULL,NULL,NULL,NULL,NULL,NULL,NULL,NULL,NULL,NULL,NULL,NULL,NULL,NULL,NULL,NULL,NULL,NULL,NULL,NULL,'','','','','',''),('459',17,1,'MANGOO','','','Kgs','B','4011','5011','1021','5014','1023',0,0,0,0,0,0,0,0,0,0,'',0,0,'0000-00-00','0000-00-00','',1,0,'',0,0,NULL,NULL,NULL,NULL,NULL,NULL,NULL,NULL,NULL,NULL,NULL,NULL,NULL,NULL,NULL,NULL,NULL,NULL,NULL,NULL,NULL,'','','','','',''),('460',17,1,'BEET (CHAKUNDER)','','','Kgs','B','4011','5011','1021','5014','1023',0,0,0,0,0,0,0,0,0,0,'',0,0,'0000-00-00','0000-00-00','',1,0,'',0,0,NULL,NULL,NULL,NULL,NULL,NULL,NULL,NULL,NULL,NULL,NULL,NULL,NULL,NULL,NULL,NULL,NULL,NULL,NULL,NULL,NULL,'','','','','',''),('461',17,1,'APPLE KALA GULU ','','','Kgs','B','4011','5011','1021','5014','1023',0,0,0,0,0,0,0,0,0,0,'',0,0,'0000-00-00','0000-00-00','',1,0,'',0,0,NULL,NULL,NULL,NULL,NULL,NULL,NULL,NULL,NULL,NULL,NULL,NULL,NULL,NULL,NULL,NULL,NULL,NULL,NULL,NULL,NULL,'','','','','',''),('462',17,1,'PEACH ','','','Kgs','B','4011','5011','1021','5014','1023',0,0,0,0,0,0,0,0,0,0,'',0,0,'0000-00-00','0000-00-00','',1,0,'',0,0,NULL,NULL,NULL,NULL,NULL,NULL,NULL,NULL,NULL,NULL,NULL,NULL,NULL,NULL,NULL,NULL,NULL,NULL,NULL,NULL,NULL,'','','','','',''),('463',17,1,'FALSA','','','Kgs','B','4011','5011','1021','5014','1023',0,0,0,0,0,0,0,0,0,0,'',0,0,'0000-00-00','0000-00-00','',1,0,'',0,0,NULL,NULL,NULL,NULL,NULL,NULL,NULL,NULL,NULL,NULL,NULL,NULL,NULL,NULL,NULL,NULL,NULL,NULL,NULL,NULL,NULL,'','','','','',''),('464',17,1,'ORANGE (MALTA)','','','Kgs','B','4011','5011','1021','5014','1023',0,0,0,0,0,0,0,0,0,0,'',0,0,'0000-00-00','0000-00-00','',1,0,'',0,0,NULL,NULL,NULL,NULL,NULL,NULL,NULL,NULL,NULL,NULL,NULL,NULL,NULL,NULL,NULL,NULL,NULL,NULL,NULL,NULL,NULL,'','','','','',''),('501',12,1,'DINNER SPOON LARGE','','','pcs','B','4011','5011','1021','5014','1023',0,0,0,0,0,0,0,0,0,0,'',0,0,'0000-00-00','0000-00-00','',1,0,'',0,0,NULL,NULL,NULL,NULL,NULL,NULL,NULL,NULL,NULL,NULL,NULL,NULL,NULL,NULL,NULL,NULL,NULL,NULL,NULL,NULL,NULL,'','','','','',''),('502',12,1,'SQ DESSERT PLATE 21CM','','','pcs','B','4011','5011','1021','5014','1023',0,0,400,400,0,0,0,0,0,0,'',0,0,'0000-00-00','0000-00-00','',1,0,'',0,0,NULL,NULL,NULL,NULL,NULL,NULL,NULL,NULL,NULL,NULL,NULL,NULL,NULL,NULL,NULL,NULL,NULL,NULL,NULL,NULL,NULL,'','','','','',''),('503',12,1,'SQ DINNER PLATE 27CM','','','pcs','B','4011','5011','1021','5014','1023',0,0,750,750,0,0,0,0,0,0,'',0,0,'0000-00-00','0000-00-00','',1,0,'',0,0,NULL,NULL,NULL,NULL,NULL,NULL,NULL,NULL,NULL,NULL,NULL,NULL,NULL,NULL,NULL,NULL,NULL,NULL,NULL,NULL,NULL,'','','','','',''),('504',12,1,'RECT SERVING PLATE 33CM','','','pcs','B','4011','5011','1021','5014','1023',0,0,800,800,0,0,0,0,0,0,'',0,0,'0000-00-00','0000-00-00','',1,0,'',0,0,NULL,NULL,NULL,NULL,NULL,NULL,NULL,NULL,NULL,NULL,NULL,NULL,NULL,NULL,NULL,NULL,NULL,NULL,NULL,NULL,NULL,'','','','','',''),('505',12,1,'RECT SERVING BOWL 22.5CM','','','pcs','B','4011','5011','1021','5014','1023',0,0,650,650,0,0,0,0,0,0,'',0,0,'0000-00-00','0000-00-00','',1,0,'',0,0,NULL,NULL,NULL,NULL,NULL,NULL,NULL,NULL,NULL,NULL,NULL,NULL,NULL,NULL,NULL,NULL,NULL,NULL,NULL,NULL,NULL,'','','','','',''),('506',12,1,'SQ Soup PLATE 20.5CM','','','pcs','B','4011','5011','1021','5014','1023',0,0,650,650,0,0,0,0,0,0,'',0,0,'0000-00-00','0000-00-00','',1,0,'',0,0,NULL,NULL,NULL,NULL,NULL,NULL,NULL,NULL,NULL,NULL,NULL,NULL,NULL,NULL,NULL,NULL,NULL,NULL,NULL,NULL,NULL,'','','','','',''),('507',12,1,'BUTTER DISH WITH COVER','','','pcs','B','4011','5011','1021','5014','1023',0,0,500,500,0,0,0,0,0,0,'',0,0,'0000-00-00','0000-00-00','',1,0,'',0,0,NULL,NULL,NULL,NULL,NULL,NULL,NULL,NULL,NULL,NULL,NULL,NULL,NULL,NULL,NULL,NULL,NULL,NULL,NULL,NULL,NULL,'','','','','',''),('508',12,1,'RECT SERVING BOWL 17.5CM','','','pcs','B','4011','5011','1021','5014','1023',0,0,0,0,0,0,0,0,0,0,'',0,0,'0000-00-00','0000-00-00','',1,0,'',0,0,NULL,NULL,NULL,NULL,NULL,NULL,NULL,NULL,NULL,NULL,NULL,NULL,NULL,NULL,NULL,NULL,NULL,NULL,NULL,NULL,NULL,'','','','','',''),('509',12,1,'SQ SOUP BOWL 14CM','','','pcs','B','4011','5011','1021','5014','1023',0,0,300,300,0,0,0,0,0,0,'',0,0,'0000-00-00','0000-00-00','',1,0,'',0,0,NULL,NULL,NULL,NULL,NULL,NULL,NULL,NULL,NULL,NULL,NULL,NULL,NULL,NULL,NULL,NULL,NULL,NULL,NULL,NULL,NULL,'','','','','',''),('510',12,1,'DINNER SPOON MEDIUM','','','pcs','B','4011','5011','1021','5014','1023',0,0,0,200,0,0,0,0,0,0,'',0,0,'0000-00-00','0000-00-00','',1,0,'',0,0,NULL,NULL,NULL,NULL,NULL,NULL,NULL,NULL,NULL,NULL,NULL,NULL,NULL,NULL,NULL,NULL,NULL,NULL,NULL,NULL,NULL,'','','','','',''),('511',12,1,'DESSERT SPOON SMALL ','','','pcs','B','4011','5011','1021','5014','1023',0,0,0,150,0,0,0,0,0,0,'',0,0,'0000-00-00','0000-00-00','',1,0,'',0,0,NULL,NULL,NULL,NULL,NULL,NULL,NULL,NULL,NULL,NULL,NULL,NULL,NULL,NULL,NULL,NULL,NULL,NULL,NULL,NULL,NULL,'','','','','',''),('512',12,1,'DINNER FORK ','','','pcs','B','4011','5011','1021','5014','1023',0,0,0,200,0,0,0,0,0,0,'',0,0,'0000-00-00','0000-00-00','',1,0,'',0,0,NULL,NULL,NULL,NULL,NULL,NULL,NULL,NULL,NULL,NULL,NULL,NULL,NULL,NULL,NULL,NULL,NULL,NULL,NULL,NULL,NULL,'','','','','',''),('513',12,1,'DINNER KNIFE ','','','pcs','B','4011','5011','1021','5014','1023',0,0,0,200,0,0,0,0,0,0,'',0,0,'0000-00-00','0000-00-00','',1,0,'',0,0,NULL,NULL,NULL,NULL,NULL,NULL,NULL,NULL,NULL,NULL,NULL,NULL,NULL,NULL,NULL,NULL,NULL,NULL,NULL,NULL,NULL,'','','','','',''),('514',12,1,'STEAK KNIFE ','','','pcs','B','4011','5011','1021','5014','1023',0,0,0,100,0,0,0,0,0,0,'',0,0,'0000-00-00','0000-00-00','',1,0,'',0,0,NULL,NULL,NULL,NULL,NULL,NULL,NULL,NULL,NULL,NULL,NULL,NULL,NULL,NULL,NULL,NULL,NULL,NULL,NULL,NULL,NULL,'','','','','',''),('515',12,1,'NAPKIN RINGS ','','','pcs','B','4011','5011','1021','5014','1023',0,0,200,200,0,0,0,0,0,0,'',0,0,'0000-00-00','0000-00-00','',1,0,'',0,0,NULL,NULL,NULL,NULL,NULL,NULL,NULL,NULL,NULL,NULL,NULL,NULL,NULL,NULL,NULL,NULL,NULL,NULL,NULL,NULL,NULL,'','','','','',''),('516',12,1,'TABLE NAPKIN ','','','pcs','B','4011','5011','1021','5014','1023',0,0,80,80,0,0,0,0,0,0,'',0,0,'0000-00-00','0000-00-00','',1,0,'',0,0,NULL,NULL,NULL,NULL,NULL,NULL,NULL,NULL,NULL,NULL,NULL,NULL,NULL,NULL,NULL,NULL,NULL,NULL,NULL,NULL,NULL,'','','','','',''),('517',12,1,'SOUP BOWL CHINA ','','','pcs','B','4011','5011','1021','5014','1023',0,0,325,325,0,0,0,0,0,0,'',0,0,'0000-00-00','0000-00-00','',1,0,'',0,0,NULL,NULL,NULL,NULL,NULL,NULL,NULL,NULL,NULL,NULL,NULL,NULL,NULL,NULL,NULL,NULL,NULL,NULL,NULL,NULL,NULL,'','','','','',''),('518',12,1,'SOUP SAUCER CHINA ','','','pcs','B','4011','5011','1021','5014','1023',0,0,100,100,0,0,0,0,0,0,'',0,0,'0000-00-00','0000-00-00','',1,0,'',0,0,NULL,NULL,NULL,NULL,NULL,NULL,NULL,NULL,NULL,NULL,NULL,NULL,NULL,NULL,NULL,NULL,NULL,NULL,NULL,NULL,NULL,'','','','','',''),('519',12,1,'STONE PLATE BLACK CHINA ','','','pcs','B','4011','5011','1021','5014','1023',0,0,0,0,0,0,0,0,0,0,'',0,0,'0000-00-00','0000-00-00','',1,0,'',0,0,NULL,NULL,NULL,NULL,NULL,NULL,NULL,NULL,NULL,NULL,NULL,NULL,NULL,NULL,NULL,NULL,NULL,NULL,NULL,NULL,NULL,'','','','','',''),('520',12,1,'STEEL CURVE TRAY SMALL  ','','','pcs','B','4011','5011','1021','5014','1023',0,0,0,0,0,0,0,0,0,0,'',0,0,'0000-00-00','0000-00-00','',1,0,'',0,0,NULL,NULL,NULL,NULL,NULL,NULL,NULL,NULL,NULL,NULL,NULL,NULL,NULL,NULL,NULL,NULL,NULL,NULL,NULL,NULL,NULL,'','','','','',''),('521',12,1,'STEEL CURVE TRAY LARGE ','','','pcs','B','4011','5011','1021','5014','1023',0,0,0,0,0,0,0,0,0,0,'',0,0,'0000-00-00','0000-00-00','',1,0,'',0,0,NULL,NULL,NULL,NULL,NULL,NULL,NULL,NULL,NULL,NULL,NULL,NULL,NULL,NULL,NULL,NULL,NULL,NULL,NULL,NULL,NULL,'','','','','',''),('522',12,1,'PORTION PLATE CHINA WHITE ','','','pcs','B','4011','5011','1021','5014','1023',0,0,0,0,0,0,0,0,0,0,'',0,0,'0000-00-00','0000-00-00','',1,0,'',0,0,NULL,NULL,NULL,NULL,NULL,NULL,NULL,NULL,NULL,NULL,NULL,NULL,NULL,NULL,NULL,NULL,NULL,NULL,NULL,NULL,NULL,'','','','','',''),('523',12,1,'STEAK WOODEN TRAY ','','','pcs','B','4011','5011','1021','5014','1023',0,0,0,0,0,0,0,0,0,0,'',0,0,'0000-00-00','0000-00-00','',1,0,'',0,0,NULL,NULL,NULL,NULL,NULL,NULL,NULL,NULL,NULL,NULL,NULL,NULL,NULL,NULL,NULL,NULL,NULL,NULL,NULL,NULL,NULL,'','','','','',''),('524',12,1,'STEAK VEGI PLATE  (WOODEN) ','','','pcs','B','4011','5011','1021','5014','1023',0,0,0,200,0,0,0,0,0,0,'',0,0,'0000-00-00','0000-00-00','',1,0,'',0,0,NULL,NULL,NULL,NULL,NULL,NULL,NULL,NULL,NULL,NULL,NULL,NULL,NULL,NULL,NULL,NULL,NULL,NULL,NULL,NULL,NULL,'','','','','',''),('525',12,1,'STEAK SAUCE BOWL  (WOODEN)','','','pcs','B','4011','5011','1021','5014','1023',0,0,0,100,0,0,0,0,0,0,'',0,0,'0000-00-00','0000-00-00','',1,0,'',0,0,NULL,NULL,NULL,NULL,NULL,NULL,NULL,NULL,NULL,NULL,NULL,NULL,NULL,NULL,NULL,NULL,NULL,NULL,NULL,NULL,NULL,'','','','','',''),('526',12,1,'STEAK MARBEL  (WOODEN)','','','pcs','B','4011','5011','1021','5014','1023',0,0,0,0,0,0,0,0,0,0,'',0,0,'0000-00-00','0000-00-00','',1,0,'',0,0,NULL,NULL,NULL,NULL,NULL,NULL,NULL,NULL,NULL,NULL,NULL,NULL,NULL,NULL,NULL,NULL,NULL,NULL,NULL,NULL,NULL,'','','','','',''),('527',12,1,'HOT PLATE (SKILLET BROWNIE)','','','pcs','B','4011','5011','1021','5014','1023',0,0,0,0,0,0,0,0,0,0,'',0,0,'0000-00-00','0000-00-00','',1,0,'',0,0,NULL,NULL,NULL,NULL,NULL,NULL,NULL,NULL,NULL,NULL,NULL,NULL,NULL,NULL,NULL,NULL,NULL,NULL,NULL,NULL,NULL,'','','','','',''),('528',12,1,'GLASS 350ML JUICE LONG ','','','pcs','B','4011','5011','1021','5014','1023',0,0,1100,1100,0,0,0,0,0,0,'',0,0,'0000-00-00','0000-00-00','',1,0,'',0,0,NULL,NULL,NULL,NULL,NULL,NULL,NULL,NULL,NULL,NULL,NULL,NULL,NULL,NULL,NULL,NULL,NULL,NULL,NULL,NULL,NULL,'','','','','',''),('529',12,1,'GLASS 300ML WATER (WINE) ','','','pcs','B','4011','5011','1021','5014','1023',0,0,850,850,0,0,0,0,0,0,'',0,0,'0000-00-00','0000-00-00','',1,0,'',0,0,NULL,NULL,NULL,NULL,NULL,NULL,NULL,NULL,NULL,NULL,NULL,NULL,NULL,NULL,NULL,NULL,NULL,NULL,NULL,NULL,NULL,'','','','','',''),('530',12,1,'GLASS 50ML MINI ','','','pcs','B','4011','5011','1021','5014','1023',0,0,50,50,0,0,0,0,0,0,'',0,0,'0000-00-00','0000-00-00','',1,0,'',0,0,NULL,NULL,NULL,NULL,NULL,NULL,NULL,NULL,NULL,NULL,NULL,NULL,NULL,NULL,NULL,NULL,NULL,NULL,NULL,NULL,NULL,'','','','','',''),('531',12,1,'PLATE VERSECE LOGO ','','','pcs','B','4011','5011','1021','5014','1023',0,0,1100,1100,0,0,0,0,0,0,'',0,0,'0000-00-00','0000-00-00','',1,0,'',0,0,NULL,NULL,NULL,NULL,NULL,NULL,NULL,NULL,NULL,NULL,NULL,NULL,NULL,NULL,NULL,NULL,NULL,NULL,NULL,NULL,NULL,'','','','','',''),('532',12,1,'SOUP CONTINENTS BOWL  ','','','pcs','B','4011','5011','1021','5014','1023',0,0,50,50,0,0,0,0,0,0,'',0,0,'0000-00-00','0000-00-00','',1,0,'',0,0,NULL,NULL,NULL,NULL,NULL,NULL,NULL,NULL,NULL,NULL,NULL,NULL,NULL,NULL,NULL,NULL,NULL,NULL,NULL,NULL,NULL,'','','','','',''),('533',12,1,'SOUP CONTINENTS TRAY','','','pcs','B','4011','5011','1021','5014','1023',0,0,100,100,0,0,0,0,0,0,'',0,0,'0000-00-00','0000-00-00','',1,0,'',0,0,NULL,NULL,NULL,NULL,NULL,NULL,NULL,NULL,NULL,NULL,NULL,NULL,NULL,NULL,NULL,NULL,NULL,NULL,NULL,NULL,NULL,'','','','','',''),('534',12,1,'COFFEE MUG PORCILEN ','','','pcs','B','4011','5011','1021','5014','1023',0,0,0,200,0,0,0,0,0,0,'',0,0,'0000-00-00','0000-00-00','',1,0,'',0,0,NULL,NULL,NULL,NULL,NULL,NULL,NULL,NULL,NULL,NULL,NULL,NULL,NULL,NULL,NULL,NULL,NULL,NULL,NULL,NULL,NULL,'','','','','',''),('536',12,1,'COFFEE CUP DISPOSABLE ','','','pcs','B','4011','5011','1021','5014','1023',0,0,6,9,0,0,0,0,0,0,'',0,0,'0000-00-00','0000-00-00','',1,0,'',0,0,NULL,NULL,NULL,NULL,NULL,NULL,NULL,NULL,NULL,NULL,NULL,NULL,NULL,NULL,NULL,NULL,NULL,NULL,NULL,NULL,NULL,'','','','','',''),('537',12,1,'COFFEE CUP DISPOSABLE LID','','','pcs','B','4011','5011','1021','5014','1023',0,0,2,1.9782608696652,0,0,0,0,0,0,'',0,0,'0000-00-00','0000-00-00','',1,0,'',0,0,NULL,NULL,NULL,NULL,NULL,NULL,NULL,NULL,NULL,NULL,NULL,NULL,NULL,NULL,NULL,NULL,NULL,NULL,NULL,NULL,NULL,'','','','','',''),('538',12,1,'ICE CREAM BOWL DISPOSABLE ','','','pcs','B','4011','5011','1021','5014','1023',0,0,9,9,0,0,0,0,0,0,'',0,0,'0000-00-00','0000-00-00','',1,0,'',0,0,NULL,NULL,NULL,NULL,NULL,NULL,NULL,NULL,NULL,NULL,NULL,NULL,NULL,NULL,NULL,NULL,NULL,NULL,NULL,NULL,NULL,'','','','','',''),('539',12,1,'ICE CREAM SPOON DISPOSABLE ','','','pcs','B','4011','5011','1021','5014','1023',0,0,0,0,0,0,0,0,0,0,'',0,0,'0000-00-00','0000-00-00','',1,0,'',0,0,NULL,NULL,NULL,NULL,NULL,NULL,NULL,NULL,NULL,NULL,NULL,NULL,NULL,NULL,NULL,NULL,NULL,NULL,NULL,NULL,NULL,'','','','','',''),('540',12,1,'CHAIR AQUARIUM  ','','','pcs','B','4011','5011','1021','5014','1023',0,0,10000,10000,0,0,0,0,0,0,'',0,0,'0000-00-00','0000-00-00','',1,0,'',0,0,NULL,NULL,NULL,NULL,NULL,NULL,NULL,NULL,NULL,NULL,NULL,NULL,NULL,NULL,NULL,NULL,NULL,NULL,NULL,NULL,NULL,'','','','','',''),('541',12,1,'CHAIR VELVET ','','','pcs','B','4011','5011','1021','5014','1023',0,0,35000,35000,0,0,0,0,0,0,'',0,0,'0000-00-00','0000-00-00','',1,0,'',0,0,NULL,NULL,NULL,NULL,NULL,NULL,NULL,NULL,NULL,NULL,NULL,NULL,NULL,NULL,NULL,NULL,NULL,NULL,NULL,NULL,NULL,'','','','','',''),('542',12,1,'STOOL GOLDEN BLACK ','','','pcs','B','4011','5011','1021','5014','1023',0,0,13000,13000,0,0,0,0,0,0,'',0,0,'0000-00-00','0000-00-00','',1,0,'',0,0,NULL,NULL,NULL,NULL,NULL,NULL,NULL,NULL,NULL,NULL,NULL,NULL,NULL,NULL,NULL,NULL,NULL,NULL,NULL,NULL,NULL,'','','','','',''),('543',12,1,'GLASS JUG FOR ICE TEA ','','','pcs','B','4011','5011','1021','5014','1023',0,0,1200,1200,0,0,0,0,0,0,'',0,0,'0000-00-00','0000-00-00','',1,0,'',0,0,NULL,NULL,NULL,NULL,NULL,NULL,NULL,NULL,NULL,NULL,NULL,NULL,NULL,NULL,NULL,NULL,NULL,NULL,NULL,NULL,NULL,'','','','','',''),('544',12,1,'ICE BUCKET ','','','pcs','B','4011','5011','1021','5014','1023',0,0,0,250,0,0,0,0,0,0,'',0,0,'0000-00-00','0000-00-00','',1,0,'pcs',0,0,'','','',NULL,NULL,NULL,0,0,0,0,0,0,NULL,NULL,NULL,0,0,0,0,0,0,'','','','','',''),('545',12,1,'SOUP CONTENTMENT FIX TYPE  ','','','pcs','B','4011','5011','1021','5014','1023',0,0,0,150,0,0,0,0,0,0,'',0,0,'0000-00-00','0000-00-00','',1,0,'pcs',0,0,'','','',NULL,NULL,NULL,0,0,0,0,0,0,NULL,NULL,NULL,0,0,0,0,0,0,'','','','','',''),('589',10,1,'KISHMISH (SOGHI)','','','Kgs','B','4011','5011','1021','5014','1023',0,0,0,1000,0,0,0,0,0,0,'',0,0,'0000-00-00','0000-00-00','',1,0,'Kgs',0,0,'','','',NULL,NULL,NULL,0,0,0,0,0,0,NULL,NULL,NULL,0,0,0,0,0,0,'','','','','',''),('601',13,1,'DISH WASHING LIQUID BULK','','','Kgs','B','4011','5011','1021','5014','1023',0,0,0,0,0,0,0,0,0,0,'',0,0,'0000-00-00','0000-00-00','',1,0,'',0,0,NULL,NULL,NULL,NULL,NULL,NULL,NULL,NULL,NULL,NULL,NULL,NULL,NULL,NULL,NULL,NULL,NULL,NULL,NULL,NULL,NULL,'','','','','',''),('602',13,1,'TILE CLEANER Liquid bulk  ','','','Kgs','B','4011','5011','1021','5014','1023',0,0,0,0,0,0,0,0,0,0,'',0,0,'0000-00-00','0000-00-00','',1,0,'',0,0,NULL,NULL,NULL,NULL,NULL,NULL,NULL,NULL,NULL,NULL,NULL,NULL,NULL,NULL,NULL,NULL,NULL,NULL,NULL,NULL,NULL,'','','','','',''),('603',13,1,'HARPIC TOILET CLEANER BULK ','','','Kgs','B','4011','5011','1021','5014','1023',0,0,0,0,0,0,0,0,0,0,'',0,0,'0000-00-00','0000-00-00','',1,0,'',0,0,NULL,NULL,NULL,NULL,NULL,NULL,NULL,NULL,NULL,NULL,NULL,NULL,NULL,NULL,NULL,NULL,NULL,NULL,NULL,NULL,NULL,'','','','','',''),('604',13,1,'FANAYLE LIQUID BULK ','','','Kgs','B','4011','5011','1021','5014','1023',0,0,0,0,0,0,0,0,0,0,'',0,0,'0000-00-00','0000-00-00','',1,0,'',0,0,NULL,NULL,NULL,NULL,NULL,NULL,NULL,NULL,NULL,NULL,NULL,NULL,NULL,NULL,NULL,NULL,NULL,NULL,NULL,NULL,NULL,'','','','','',''),('605',13,1,'HAND WASH LIQUID BULK ','','','Kgs','B','4011','5011','1021','5014','1023',0,0,0,0,0,0,0,0,0,0,'',0,0,'0000-00-00','0000-00-00','',1,0,'',0,0,NULL,NULL,NULL,NULL,NULL,NULL,NULL,NULL,NULL,NULL,NULL,NULL,NULL,NULL,NULL,NULL,NULL,NULL,NULL,NULL,NULL,'','','','','',''),('606',13,1,'SURGICAL GLOVES ','','','Pack','B','4011','5011','1021','5014','1023',0,0,500,500,0,0,0,0,0,0,'',0,0,'0000-00-00','0000-00-00','',1,0,'',0,0,NULL,NULL,NULL,NULL,NULL,NULL,NULL,NULL,NULL,NULL,NULL,NULL,NULL,NULL,NULL,NULL,NULL,NULL,NULL,NULL,NULL,'','','','','',''),('607',13,1,'HAIR NET CAP ','','','Pack','B','4011','5011','1021','5014','1023',0,0,0,0,0,0,0,0,0,0,'',0,0,'0000-00-00','0000-00-00','',1,0,'',0,0,NULL,NULL,NULL,NULL,NULL,NULL,NULL,NULL,NULL,NULL,NULL,NULL,NULL,NULL,NULL,NULL,NULL,NULL,NULL,NULL,NULL,'','','','','',''),('608',13,1,'BLACK BIN BAG ','','','Kgs','B','4011','5011','1021','5014','1023',0,0,0,0,0,0,0,0,0,0,'',0,0,'0000-00-00','0000-00-00','',1,0,'',0,0,NULL,NULL,NULL,NULL,NULL,NULL,NULL,NULL,NULL,NULL,NULL,NULL,NULL,NULL,NULL,NULL,NULL,NULL,NULL,NULL,NULL,'','','','','',''),('609',13,1,'FABREEZ AIR FRESHNER ','','','Bottles','B','4011','5011','1021','5014','1023',0,0,0,0,0,0,0,0,0,0,'',0,0,'0000-00-00','0000-00-00','',1,0,'',0,0,NULL,NULL,NULL,NULL,NULL,NULL,NULL,NULL,NULL,NULL,NULL,NULL,NULL,NULL,NULL,NULL,NULL,NULL,NULL,NULL,NULL,'','','','','',''),('610',13,1,'MORTEIN SPRAY ','','','Bottles','B','4011','5011','1021','5014','1023',0,0,0,250,0,0,0,0,0,0,'',0,0,'0000-00-00','0000-00-00','',1,0,'',0,0,NULL,NULL,NULL,NULL,NULL,NULL,NULL,NULL,NULL,NULL,NULL,NULL,NULL,NULL,NULL,NULL,NULL,NULL,NULL,NULL,NULL,'','','','','',''),('611',13,1,'TOWEL LOOSE ','','','Kgs','B','4011','5011','1021','5014','1023',0,0,0,0,0,0,0,0,0,0,'',0,0,'0000-00-00','0000-00-00','',1,0,'',0,0,NULL,NULL,NULL,NULL,NULL,NULL,NULL,NULL,NULL,NULL,NULL,NULL,NULL,NULL,NULL,NULL,NULL,NULL,NULL,NULL,NULL,'','','','','',''),('612',13,1,'GLINT GLASS CLEANER PACK ','','','Bottles','B','4011','5011','1021','5014','1023',0,0,180,180,0,0,0,0,0,0,'',0,0,'0000-00-00','0000-00-00','',1,0,'',0,0,NULL,NULL,NULL,NULL,NULL,NULL,NULL,NULL,NULL,NULL,NULL,NULL,NULL,NULL,NULL,NULL,NULL,NULL,NULL,NULL,NULL,'','','','','',''),('613',13,1,'LEMON MAX BAR 290 GRAMS ','','','Pack','B','4011','5011','1021','5014','1023',0,0,0,50,0,0,0,0,0,0,'',0,0,'0000-00-00','0000-00-00','',1,0,'',0,0,NULL,NULL,NULL,NULL,NULL,NULL,NULL,NULL,NULL,NULL,NULL,NULL,NULL,NULL,NULL,NULL,NULL,NULL,NULL,NULL,NULL,'','','','','',''),('614',13,1,'WIPER ','','','pcs','B','4011','5011','1021','5014','1023',0,0,0,0,0,0,0,0,0,0,'',0,0,'0000-00-00','0000-00-00','',1,0,'',0,0,NULL,NULL,NULL,NULL,NULL,NULL,NULL,NULL,NULL,NULL,NULL,NULL,NULL,NULL,NULL,NULL,NULL,NULL,NULL,NULL,NULL,'','','','','',''),('615',13,1,'MOP BROOM ','','','pcs','B','4011','5011','1021','5014','1023',0,0,0,0,0,0,0,0,0,0,'',0,0,'0000-00-00','0000-00-00','',1,0,'',0,0,NULL,NULL,NULL,NULL,NULL,NULL,NULL,NULL,NULL,NULL,NULL,NULL,NULL,NULL,NULL,NULL,NULL,NULL,NULL,NULL,NULL,'','','','','',''),('616',13,1,'PICKER HELPER ','','','pcs','B','4011','5011','1021','5014','1023',0,0,0,0,0,0,0,0,0,0,'',0,0,'0000-00-00','0000-00-00','',1,0,'',0,0,NULL,NULL,NULL,NULL,NULL,NULL,NULL,NULL,NULL,NULL,NULL,NULL,NULL,NULL,NULL,NULL,NULL,NULL,NULL,NULL,NULL,'','','','','',''),('617',13,1,'WIPER ROD ','','','pcs','B','4011','5011','1021','5014','1023',0,0,0,0,0,0,0,0,0,0,'',0,0,'0000-00-00','0000-00-00','',1,0,'',0,0,NULL,NULL,NULL,NULL,NULL,NULL,NULL,NULL,NULL,NULL,NULL,NULL,NULL,NULL,NULL,NULL,NULL,NULL,NULL,NULL,NULL,'','','','','',''),('618',13,1,'DISH WASHING SPUNCH','','','pcs','B','4011','5011','1021','5014','1023',0,0,0,0,0,0,0,0,0,0,'',0,0,'0000-00-00','0000-00-00','',1,0,'pcs',0,0,'','','',NULL,NULL,NULL,0,0,0,0,0,0,NULL,NULL,NULL,0,0,0,0,0,0,'','','','','',''),('619',13,1,'LEMON MAX LIQUID','','','Bottles','B','4011','5011','1021','5014','1023',0,0,120,120,0,0,0,0,0,0,'',0,0,'0000-00-00','0000-00-00','',1,0,'Bottles',0,0,'','','',NULL,NULL,NULL,0,0,0,0,0,0,NULL,NULL,NULL,0,0,0,0,0,0,'','','','','',''),('701',14,1,'ZIPPER BAG','','','Kgs','B','4011','5011','1021','5014','1023',0,0,0,0,0,0,0,0,0,0,'',0,0,'0000-00-00','0000-00-00','',1,0,'',0,0,NULL,NULL,NULL,NULL,NULL,NULL,NULL,NULL,NULL,NULL,NULL,NULL,NULL,NULL,NULL,NULL,NULL,NULL,NULL,NULL,NULL,'','','','','',''),('702',14,1,'PACKING BAG PRINTED (KHAKHI)','','','pcs','B','4011','5011','1021','5014','1023',0,0,14,14,0,0,0,0,0,0,'',0,0,'0000-00-00','0000-00-00','',1,0,'',0,0,NULL,NULL,NULL,NULL,NULL,NULL,NULL,NULL,NULL,NULL,NULL,NULL,NULL,NULL,NULL,NULL,NULL,NULL,NULL,NULL,NULL,'','','','','',''),('703',14,1,'PACKING ZIPPER KHAKHI LARGE ','','','pcs','B','4011','5011','1021','5014','1023',0,0,0,0,0,0,0,0,0,0,'',0,0,'0000-00-00','0000-00-00','',1,0,'',0,0,NULL,NULL,NULL,NULL,NULL,NULL,NULL,NULL,NULL,NULL,NULL,NULL,NULL,NULL,NULL,NULL,NULL,NULL,NULL,NULL,NULL,'','','','','',''),('704',14,1,'PACKING ZIPPER KHAKHI SMALL','','','pcs','B','4011','5011','1021','5014','1023',0,0,0,0,0,0,0,0,0,0,'',0,0,'0000-00-00','0000-00-00','',1,0,'',0,0,NULL,NULL,NULL,NULL,NULL,NULL,NULL,NULL,NULL,NULL,NULL,NULL,NULL,NULL,NULL,NULL,NULL,NULL,NULL,NULL,NULL,'','','','','',''),('705',14,1,'TISSUE BOX ANTIQUE ','','','pcs','B','4011','5011','1021','5014','1023',0,0,40,40,0,0,0,0,0,0,'',0,0,'0000-00-00','0000-00-00','',1,0,'',0,0,NULL,NULL,NULL,NULL,NULL,NULL,NULL,NULL,NULL,NULL,NULL,NULL,NULL,NULL,NULL,NULL,NULL,NULL,NULL,NULL,NULL,'','','','','',''),('706',14,1,'SHOPPING BAG PLASTIC ','','','Kgs','B','4011','5011','1021','5014','1023',0,0,230,230,0,0,0,0,0,0,'',0,0,'0000-00-00','0000-00-00','',1,0,'',0,0,NULL,NULL,NULL,NULL,NULL,NULL,NULL,NULL,NULL,NULL,NULL,NULL,NULL,NULL,NULL,NULL,NULL,NULL,NULL,NULL,NULL,'','','','','',''),('707',14,1,'STEAK TORCH ','','','pcs','B','4011','5011','1021','5014','1023',0,0,1200,1200,0,0,0,0,0,0,'',0,0,'0000-00-00','0000-00-00','',1,0,'',0,0,NULL,NULL,NULL,NULL,NULL,NULL,NULL,NULL,NULL,NULL,NULL,NULL,NULL,NULL,NULL,NULL,NULL,NULL,NULL,NULL,NULL,'','','','','',''),('708',14,1,'DIGITAL SCREEN FOR MENU','','','pcs','B','4011','5011','1021','5014','1023',0,0,1200,1200,0,0,0,0,0,0,'',0,0,'0000-00-00','0000-00-00','',1,0,'',0,0,NULL,NULL,NULL,NULL,NULL,NULL,NULL,NULL,NULL,NULL,NULL,NULL,NULL,NULL,NULL,NULL,NULL,NULL,NULL,NULL,NULL,'','','','','',''),('709',14,1,'HEART STYLE BALOONS ','','','pcs','B','4011','5011','1021','5014','1023',0,0,0,0,0,0,0,0,0,0,'',0,0,'0000-00-00','0000-00-00','',1,0,'',0,0,NULL,NULL,NULL,NULL,NULL,NULL,NULL,NULL,NULL,NULL,NULL,NULL,NULL,NULL,NULL,NULL,NULL,NULL,NULL,NULL,NULL,'','','','','',''),('710',14,1,'STRAW','','','pcs','B','4011','5011','1021','5014','1023',0,0,60,45.555555555556,0,0,0,0,0,0,'',0,0,'0000-00-00','0000-00-00','',1,0,'Pack',0,0,'','','',NULL,NULL,NULL,0,0,0,0,0,0,NULL,NULL,NULL,0,0,0,0,0,0,'','','','','',''),('712',14,1,'PUK CHEESE ','','','Bottles','B','4011','5011','1021','5014','1023',0,0,670,792.5,0,0,0,0,0,0,'',0,0,'0000-00-00','0000-00-00','',1,0,'Bottles',0,0,'','','',NULL,NULL,NULL,0,0,0,0,0,0,NULL,NULL,NULL,0,0,0,0,0,0,'','','','','',''),('730',10,1,'GRAPES OIL','','','Bottles','B','4011','5011','1021','5014','1023',0,0,0,0,0,0,0,0,0,0,'',0,0,'0000-00-00','0000-00-00','',1,0,'',0,0,NULL,NULL,NULL,NULL,NULL,NULL,NULL,NULL,NULL,NULL,NULL,NULL,NULL,NULL,NULL,NULL,NULL,NULL,NULL,NULL,NULL,'','','','','',''),('731',10,1,'KACHRI POWDER LOOSE','','','Kgs','B','4011','5011','1021','5014','1023',0,0,0,500,0,0,0,0,0,0,'',0,0,'0000-00-00','0000-00-00','',1,0,'',0,0,NULL,NULL,NULL,NULL,NULL,NULL,NULL,NULL,NULL,NULL,NULL,NULL,NULL,NULL,NULL,NULL,NULL,NULL,NULL,NULL,NULL,'','','','','',''),('732',10,1,'OREGANO DRY','','','Kgs','B','4011','5011','1021','5014','1023',0,0,370,370,0,0,0,0,0,0,'',0,0,'0000-00-00','0000-00-00','',1,0,'',0,0,NULL,NULL,NULL,NULL,NULL,NULL,NULL,NULL,NULL,NULL,NULL,NULL,NULL,NULL,NULL,NULL,NULL,NULL,NULL,NULL,NULL,'','','','','',''),('733',10,1,'ROSEMERRY','','','Kgs','B','4011','5011','1021','5014','1023',0,0,0,0,0,0,0,0,0,0,'',0,0,'0000-00-00','0000-00-00','',1,0,'',0,0,NULL,NULL,NULL,NULL,NULL,NULL,NULL,NULL,NULL,NULL,NULL,NULL,NULL,NULL,NULL,NULL,NULL,NULL,NULL,NULL,NULL,'','','','','',''),('734',10,1,'MASHROOM FUNGUS','','','Kgs','B','4011','5011','1021','5014','1023',0,0,0,2000,0,0,0,0,0,0,'',0,0,'0000-00-00','0000-00-00','',1,0,'',0,0,NULL,NULL,NULL,NULL,NULL,NULL,NULL,NULL,NULL,NULL,NULL,NULL,NULL,NULL,NULL,NULL,NULL,NULL,NULL,NULL,NULL,'','','','','',''),('735',10,1,'TOMATO CHIPS','','','Pack','B','4011','5011','1021','5014','1023',0,0,0,0,0,0,0,0,0,0,'',0,0,'0000-00-00','0000-00-00','',1,0,'',0,0,NULL,NULL,NULL,NULL,NULL,NULL,NULL,NULL,NULL,NULL,NULL,NULL,NULL,NULL,NULL,NULL,NULL,NULL,NULL,NULL,NULL,'','','','','',''),('736',10,1,'BROWN SUGAR','','','Pack','B','4011','5011','1021','5014','1023',0,0,0,300,0,0,0,0,0,0,'',0,0,'0000-00-00','0000-00-00','',1,0,'',0,0,NULL,NULL,NULL,NULL,NULL,NULL,NULL,NULL,NULL,NULL,NULL,NULL,NULL,NULL,NULL,NULL,NULL,NULL,NULL,NULL,NULL,'','','','','',''),('737',10,1,'BLACK PEPPER SABAT','','','Kgs','B','4011','5011','1021','5014','1023',0,0,0,1200,0,0,0,0,0,0,'',0,0,'0000-00-00','0000-00-00','',1,0,'',0,0,NULL,NULL,NULL,NULL,NULL,NULL,NULL,NULL,NULL,NULL,NULL,NULL,NULL,NULL,NULL,NULL,NULL,NULL,NULL,NULL,NULL,'','','','','',''),('738',11,1,'FRESH BASIL','','','Kgs','B','4011','5011','1021','5014','1023',0,0,800,466.66666666667,0,0,0,0,0,0,'',0,0,'0000-00-00','0000-00-00','',1,0,'',0,0,NULL,NULL,NULL,NULL,NULL,NULL,NULL,NULL,NULL,NULL,NULL,NULL,NULL,NULL,NULL,NULL,NULL,NULL,NULL,NULL,NULL,'','','','','',''),('739',11,1,'PARSLEY','','','Kgs','B','4011','5011','1021','5014','1023',0,0,1500,1440,0,0,0,0,0,0,'',0,0,'0000-00-00','0000-00-00','',1,0,'',0,0,NULL,NULL,NULL,NULL,NULL,NULL,NULL,NULL,NULL,NULL,NULL,NULL,NULL,NULL,NULL,NULL,NULL,NULL,NULL,NULL,NULL,'','','','','',''),('740',11,1,'TOMATOES','','','Kgs','B','4011','5011','1021','5014','1023',0,0,120,120,0,0,0,0,0,0,'',0,0,'0000-00-00','0000-00-00','',1,0,'',0,0,NULL,NULL,NULL,NULL,NULL,NULL,NULL,NULL,NULL,NULL,NULL,NULL,NULL,NULL,NULL,NULL,NULL,NULL,NULL,NULL,NULL,'','','','','',''),('741',10,1,'FABRI MIXY CAFE - CARAMEL','','','Bottles','B','4011','5011','1021','5014','1023',0,0,1800,1800,0,0,0,0,0,0,'',0,0,'0000-00-00','0000-00-00','',1,0,'',0,0,NULL,NULL,NULL,NULL,NULL,NULL,NULL,NULL,NULL,NULL,NULL,NULL,NULL,NULL,NULL,NULL,NULL,NULL,NULL,NULL,NULL,'','','','','',''),('742',10,1,'FABRI MIXY CAFE - CINNAMON','','','Bottles','B','4011','5011','1021','5014','1023',0,0,1800,1800,0,0,0,0,0,0,'',0,0,'0000-00-00','0000-00-00','',1,0,'',0,0,NULL,NULL,NULL,NULL,NULL,NULL,NULL,NULL,NULL,NULL,NULL,NULL,NULL,NULL,NULL,NULL,NULL,NULL,NULL,NULL,NULL,'','','','','',''),('743',10,1,'FABRI MIXY CAFE - COCONUT','','','Bottles','B','4011','5011','1021','5014','1023',0,0,0,0,0,0,0,0,0,0,'',0,0,'0000-00-00','0000-00-00','',1,0,'',0,0,NULL,NULL,NULL,NULL,NULL,NULL,NULL,NULL,NULL,NULL,NULL,NULL,NULL,NULL,NULL,NULL,NULL,NULL,NULL,NULL,NULL,'','','','','',''),('744',10,1,'FABRI MIXY CAFE - HAZELNUT','','','Bottles','B','4011','5011','1021','5014','1023',0,0,1800,1800,0,0,0,0,0,0,'',0,0,'0000-00-00','0000-00-00','',1,0,'',0,0,NULL,NULL,NULL,NULL,NULL,NULL,NULL,NULL,NULL,NULL,NULL,NULL,NULL,NULL,NULL,NULL,NULL,NULL,NULL,NULL,NULL,'','','','','',''),('745',10,1,'FABRI MIXY CAFE - IRISH CREAM','','','Bottles','B','4011','5011','1021','5014','1023',0,0,1800,1800,0,0,0,0,0,0,'',0,0,'0000-00-00','0000-00-00','',1,0,'',0,0,NULL,NULL,NULL,NULL,NULL,NULL,NULL,NULL,NULL,NULL,NULL,NULL,NULL,NULL,NULL,NULL,NULL,NULL,NULL,NULL,NULL,'','','','','',''),('746',10,1,'FABRI MIXY CAFE - VANILLA','','','Bottles','B','4011','5011','1021','5014','1023',0,0,1800,1800,0,0,0,0,0,0,'',0,0,'0000-00-00','0000-00-00','',1,0,'',0,0,NULL,NULL,NULL,NULL,NULL,NULL,NULL,NULL,NULL,NULL,NULL,NULL,NULL,NULL,NULL,NULL,NULL,NULL,NULL,NULL,NULL,'','','','','',''),('747',10,1,'FABRI MIXY BAR - COCONUT','','','Bottles','B','4011','5011','1021','5014','1023',0,0,1800,1800,0,0,0,0,0,0,'',0,0,'0000-00-00','0000-00-00','',1,0,'',0,0,NULL,NULL,NULL,NULL,NULL,NULL,NULL,NULL,NULL,NULL,NULL,NULL,NULL,NULL,NULL,NULL,NULL,NULL,NULL,NULL,NULL,'','','','','',''),('748',10,1,'FABRI MIXY BAR - KIWI','','','Bottles','B','4011','5011','1021','5014','1023',0,0,1800,1800,0,0,0,0,0,0,'',0,0,'0000-00-00','0000-00-00','',1,0,'',0,0,NULL,NULL,NULL,NULL,NULL,NULL,NULL,NULL,NULL,NULL,NULL,NULL,NULL,NULL,NULL,NULL,NULL,NULL,NULL,NULL,NULL,'','','','','',''),('749',10,1,'FABRI MIXY BAR - LEMON','','','Bottles','B','4011','5011','1021','5014','1023',0,0,1800,1800,0,0,0,0,0,0,'',0,0,'0000-00-00','0000-00-00','',1,0,'',0,0,NULL,NULL,NULL,NULL,NULL,NULL,NULL,NULL,NULL,NULL,NULL,NULL,NULL,NULL,NULL,NULL,NULL,NULL,NULL,NULL,NULL,'','','','','',''),('750',10,1,'FABRI MIXY BAR - MANGO','','','Bottles','B','4011','5011','1021','5014','1023',0,0,1800,1800,0,0,0,0,0,0,'',0,0,'0000-00-00','0000-00-00','',1,0,'',0,0,NULL,NULL,NULL,NULL,NULL,NULL,NULL,NULL,NULL,NULL,NULL,NULL,NULL,NULL,NULL,NULL,NULL,NULL,NULL,NULL,NULL,'','','','','',''),('751',10,1,'FABRI MIXY BAR - ORANGE','','','Bottles','B','4011','5011','1021','5014','1023',0,0,1800,1800,0,0,0,0,0,0,'',0,0,'0000-00-00','0000-00-00','',1,0,'',0,0,NULL,NULL,NULL,NULL,NULL,NULL,NULL,NULL,NULL,NULL,NULL,NULL,NULL,NULL,NULL,NULL,NULL,NULL,NULL,NULL,NULL,'','','','','',''),('752',10,1,'FABRI MIXY BAR - PEACH','','','Bottles','B','4011','5011','1021','5014','1023',0,0,1800,1800,0,0,0,0,0,0,'',0,0,'0000-00-00','0000-00-00','',1,0,'',0,0,NULL,NULL,NULL,NULL,NULL,NULL,NULL,NULL,NULL,NULL,NULL,NULL,NULL,NULL,NULL,NULL,NULL,NULL,NULL,NULL,NULL,'','','','','',''),('753',10,1,'FABRI MIXY BAR - PINEAPPLE','','','Bottles','B','4011','5011','1021','5014','1023',0,0,1800,1800,0,0,0,0,0,0,'',0,0,'0000-00-00','0000-00-00','',1,0,'',0,0,NULL,NULL,NULL,NULL,NULL,NULL,NULL,NULL,NULL,NULL,NULL,NULL,NULL,NULL,NULL,NULL,NULL,NULL,NULL,NULL,NULL,'','','','','',''),('754',10,1,'FABRI MIXY BAR - POMEGRANATE','','','Bottles','B','4011','5011','1021','5014','1023',0,0,1800,1800,0,0,0,0,0,0,'',0,0,'0000-00-00','0000-00-00','',1,0,'',0,0,NULL,NULL,NULL,NULL,NULL,NULL,NULL,NULL,NULL,NULL,NULL,NULL,NULL,NULL,NULL,NULL,NULL,NULL,NULL,NULL,NULL,'','','','','',''),('755',10,1,'FABRI MIXY BAR - RASPBERRY','','','Bottles','B','4011','5011','1021','5014','1023',0,0,1800,1800,0,0,0,0,0,0,'',0,0,'0000-00-00','0000-00-00','',1,0,'',0,0,NULL,NULL,NULL,NULL,NULL,NULL,NULL,NULL,NULL,NULL,NULL,NULL,NULL,NULL,NULL,NULL,NULL,NULL,NULL,NULL,NULL,'','','','','',''),('756',10,1,'FABRI MIXY BAR - ROSE','','','Bottles','B','4011','5011','1021','5014','1023',0,0,1800,1800,0,0,0,0,0,0,'',0,0,'0000-00-00','0000-00-00','',1,0,'',0,0,NULL,NULL,NULL,NULL,NULL,NULL,NULL,NULL,NULL,NULL,NULL,NULL,NULL,NULL,NULL,NULL,NULL,NULL,NULL,NULL,NULL,'','','','','',''),('757',10,1,'FABRI MIXY BAR - STRAWBERRY','','','Bottles','B','4011','5011','1021','5014','1023',0,0,1800,1800,0,0,0,0,0,0,'',0,0,'0000-00-00','0000-00-00','',1,0,'',0,0,NULL,NULL,NULL,NULL,NULL,NULL,NULL,NULL,NULL,NULL,NULL,NULL,NULL,NULL,NULL,NULL,NULL,NULL,NULL,NULL,NULL,'','','','','',''),('758',10,1,'BELGIAN MILK CHOCOLATE 37% COCOA','','','pcs','B','4011','5011','1021','5014','1023',0,0,0,0,0,0,0,0,0,0,'',0,0,'0000-00-00','0000-00-00','',1,0,'',0,0,NULL,NULL,NULL,NULL,NULL,NULL,NULL,NULL,NULL,NULL,NULL,NULL,NULL,NULL,NULL,NULL,NULL,NULL,NULL,NULL,NULL,'','','','','',''),('759',10,1,'BELGIAN WHITE CHOCOLATE 31.3% COCOA','','','pcs','B','4011','5011','1021','5014','1023',0,0,0,1200,0,0,0,0,0,0,'',0,0,'0000-00-00','0000-00-00','',1,0,'',0,0,NULL,NULL,NULL,NULL,NULL,NULL,NULL,NULL,NULL,NULL,NULL,NULL,NULL,NULL,NULL,NULL,NULL,NULL,NULL,NULL,NULL,'','','','','',''),('760',10,1,'SUPERBASE 100','','','Pack','B','4011','5011','1021','5014','1023',0,0,0,1800,0,0,0,0,0,0,'',0,0,'0000-00-00','0000-00-00','',1,0,'',0,0,NULL,NULL,NULL,NULL,NULL,NULL,NULL,NULL,NULL,NULL,NULL,NULL,NULL,NULL,NULL,NULL,NULL,NULL,NULL,NULL,NULL,'','','','','',''),('761',10,1,'MEET TENDER POWDER','','','Bottles','B','4011','5011','1021','5014','1023',0,0,0,387.5,0,0,0,0,0,0,'',0,0,'0000-00-00','0000-00-00','',1,0,'Bottles',0,0,'','','',NULL,NULL,NULL,0,0,0,0,0,0,NULL,NULL,NULL,0,0,0,0,0,0,'','','','','',''),('762',10,1,'CHILLI SAUCE 5KG PACK ','','','Bottles','B','4011','5011','1021','5014','1023',0,0,0,600,0,0,0,0,0,0,'',0,0,'0000-00-00','0000-00-00','',1,0,'Bottles',0,0,'','','',NULL,NULL,NULL,0,0,0,0,0,0,NULL,NULL,NULL,0,0,0,0,0,0,'','','','','',''),('763',10,1,'FISH ANCHOREVIS BOX','','','Pack','B','4011','5011','1021','5014','1023',0,0,0,300,0,0,0,0,0,0,'',0,0,'0000-00-00','0000-00-00','',1,0,'Pack',0,0,'','','',NULL,NULL,NULL,0,0,0,0,0,0,NULL,NULL,NULL,0,0,0,0,0,0,'','','','','',''),('764',10,1,'RED FOOD COLOR 100 GRAMS  ','','','Pack','B','4011','5011','1021','5014','1023',0,0,0,100,0,0,0,0,0,0,'',0,0,'0000-00-00','0000-00-00','',1,0,'Pack',0,0,'','','',NULL,NULL,NULL,0,0,0,0,0,0,NULL,NULL,NULL,0,0,0,0,0,0,'','','','','',''),('765',10,1,'PINEAPPLE JAM ','','','Pack','B','4011','5011','1021','5014','1023',0,0,0,120,0,0,0,0,0,0,'',0,0,'0000-00-00','0000-00-00','',1,0,'Pack',0,0,'','','',NULL,NULL,NULL,0,0,0,0,0,0,NULL,NULL,NULL,0,0,0,0,0,0,'','','','','',''),('766',10,1,'SOY SAUCE 800GRAM ','','','Pack','B','4011','5011','1021','5014','1023',0,0,0,200,0,0,0,0,0,0,'',0,0,'0000-00-00','0000-00-00','',1,0,'Pack',0,0,'','','',NULL,NULL,NULL,0,0,0,0,0,0,NULL,NULL,NULL,0,0,0,0,0,0,'','','','','',''),('767',10,1,'HOT SAUCE 470GRAMS ','','','Bottles','B','4011','5011','1021','5014','1023',0,0,0,250,0,0,0,0,0,0,'',0,0,'0000-00-00','0000-00-00','',1,0,'Bottles',0,0,'','','',NULL,NULL,NULL,0,0,0,0,0,0,NULL,NULL,NULL,0,0,0,0,0,0,'','','','','',''),('769',10,1,'GREEN FOOD COLOR 100 GRAMS ','','','Bottles','B','4011','5011','1021','5014','1023',0,0,0,100,0,0,0,0,0,0,'',0,0,'0000-00-00','0000-00-00','',1,0,'Bottles',0,0,'','','',NULL,NULL,NULL,0,0,0,0,0,0,NULL,NULL,NULL,0,0,0,0,0,0,'','','','','',''),('770',10,1,'WHITE CHEESE CUBES ','','','Bottles','B','4011','5011','1021','5014','1023',0,0,0,200,0,0,0,0,0,0,'',0,0,'0000-00-00','0000-00-00','',1,0,'Bottles',0,0,'','','',NULL,NULL,NULL,0,0,0,0,0,0,NULL,NULL,NULL,0,0,0,0,0,0,'','','','','',''),('771',10,1,'WHITE CHEESE CUBES ','','','Bottles','B','4011','5011','1021','5014','1023',0,0,0,0,0,0,1,0,0,0,'',0,0,'0000-00-00','0000-00-00','',1,0,'Bottles',0,0,'','','',NULL,NULL,NULL,0,0,0,0,0,0,NULL,NULL,NULL,0,0,0,0,0,0,'','','','','',''),('772',10,1,'PIZZA PAN 9 INCH ','','','Tray ','B','4011','5011','1021','5014','1023',0,0,0,250,0,0,0,0,0,0,'',0,0,'0000-00-00','0000-00-00','',1,0,'Tray ',0,0,'','','',NULL,NULL,NULL,0,0,0,0,0,0,NULL,NULL,NULL,0,0,0,0,0,0,'','','','','',''),('773',10,1,'PIZZA PAN 13 INCH ','','','Tray ','B','4011','5011','1021','5014','1023',0,0,0,350,0,0,0,0,0,0,'',0,0,'0000-00-00','0000-00-00','',1,0,'Tray ',0,0,'','','',NULL,NULL,NULL,0,0,0,0,0,0,NULL,NULL,NULL,0,0,0,0,0,0,'','','','','',''),('774',10,1,'CLING FILM ','','','Pack','B','4011','5011','1021','5014','1023',0,0,0,250,0,0,0,0,0,0,'',0,0,'0000-00-00','0000-00-00','',1,0,'Pack',0,0,'','','',NULL,NULL,NULL,0,0,0,0,0,0,NULL,NULL,NULL,0,0,0,0,0,0,'','','','','',''),('775',10,1,'WAITER APRON ','','','pcs','B','4011','5011','1021','5014','1023',0,0,0,150,0,0,0,0,0,0,'',0,0,'0000-00-00','0000-00-00','',1,0,'pcs',0,0,'','','',NULL,NULL,NULL,0,0,0,0,0,0,NULL,NULL,NULL,0,0,0,0,0,0,'','','','','',''),('776',10,1,'SHEEZAN TOMATO KETCHUP 4KG ','','','Bottles','B','4011','5011','1021','5014','1023',0,0,0,400,0,0,0,0,0,0,'',0,0,'0000-00-00','0000-00-00','',1,0,'Bottles',0,0,'','','',NULL,NULL,NULL,0,0,0,0,0,0,NULL,NULL,NULL,0,0,0,0,0,0,'','','','','',''),('777',10,1,'CESHWNUT (KAJU) LOOSE ','','','Kgs','B','4011','5011','1021','5014','1023',0,0,0,2500,0,0,0,0,0,0,'',0,0,'0000-00-00','0000-00-00','',1,0,'Kgs',0,0,'','','',NULL,NULL,NULL,0,0,0,0,0,0,NULL,NULL,NULL,0,0,0,0,0,0,'','','','','',''),('778',10,1,'PANEE MACRONI ','','','Pack','B','4011','5011','1021','5014','1023',0,0,0,150,0,0,0,0,0,0,'',0,0,'0000-00-00','0000-00-00','',1,0,'Pack',0,0,'','','',NULL,NULL,NULL,0,0,0,0,0,0,NULL,NULL,NULL,0,0,0,0,0,0,'','','','','',''),('779',10,1,'BBQ STICK (SKEWARD)','','','Pack','B','4011','5011','1021','5014','1023',0,0,0,100,0,0,0,0,0,0,'',0,0,'0000-00-00','0000-00-00','',1,0,'Pack',0,0,'','','',NULL,NULL,NULL,0,0,0,0,0,0,NULL,NULL,NULL,0,0,0,0,0,0,'','','','','',''),('780',10,1,'DB TIMMER (ELECTRIC PART)','','','Pack','B','4011','5011','1021','5014','1023',0,0,0,1500,0,0,0,0,0,0,'',0,0,'0000-00-00','0000-00-00','',1,0,'Pack',0,0,'','','',NULL,NULL,NULL,0,0,0,0,0,0,NULL,NULL,NULL,0,0,0,0,0,0,'','','','','',''),('781',10,1,'RED CURRY SACHET PACK ','','','Pack','B','4011','5011','1021','5014','1023',0,0,0,150,0,0,0,0,0,0,'',0,0,'0000-00-00','0000-00-00','',1,0,'Pack',0,0,'','','',NULL,NULL,NULL,0,0,0,0,0,0,NULL,NULL,NULL,0,0,0,0,0,0,'','','','','',''),('782',10,1,'LIME JUICE GORDIAL ','','','Bottles','B','4011','5011','1021','5014','1023',0,0,0,250,0,0,0,0,0,0,'',0,0,'0000-00-00','0000-00-00','',1,0,'Bottles',0,0,'','','',NULL,NULL,NULL,0,0,0,0,0,0,NULL,NULL,NULL,0,0,0,0,0,0,'','','','','',''),('783',10,1,'MARIE BISCUIT HALF ROLL ','','','Pack','B','4011','5011','1021','5014','1023',0,0,0,90,0,0,0,0,0,0,'',0,0,'0000-00-00','0000-00-00','',1,0,'Pack',0,0,'','','',NULL,NULL,NULL,0,0,0,0,0,0,NULL,NULL,NULL,0,0,0,0,0,0,'','','','','',''),('784',10,1,'DISPOSABLE TRANSPARENT GLASS ','','','pcs','B','4011','5011','1021','5014','1023',0,0,0,8,0,0,0,0,0,0,'',0,0,'0000-00-00','0000-00-00','',1,0,'pcs',0,0,'','','',NULL,NULL,NULL,0,0,0,0,0,0,NULL,NULL,NULL,0,0,0,0,0,0,'','','','','',''),('785',10,1,'COTTON ROLL ','','','pcs','B','4011','5011','1021','5014','1023',0,0,0,25,0,0,0,0,0,0,'',0,0,'0000-00-00','0000-00-00','',1,0,'pcs',0,0,'','','',NULL,NULL,NULL,0,0,0,0,0,0,NULL,NULL,NULL,0,0,0,0,0,0,'','','','','',''),('786',10,1,'CAKE MOLD  ','','','pcs','B','4011','5011','1021','5014','1023',0,0,0,1000,0,0,0,0,0,0,'',0,0,'0000-00-00','0000-00-00','',1,0,'pcs',0,0,'','','',NULL,NULL,NULL,0,0,0,0,0,0,NULL,NULL,NULL,0,0,0,0,0,0,'','','','','',''),('787',10,1,'WHOLE RED CHILLI LONG ','','','Kgs','B','4011','5011','1021','5014','1023',0,0,0,250,0,0,0,0,0,0,'',0,0,'0000-00-00','0000-00-00','',1,0,'Kgs',0,0,'','','',NULL,NULL,NULL,0,0,0,0,0,0,NULL,NULL,NULL,0,0,0,0,0,0,'','','','','',''),('788',10,1,'CARDAMOM LOOSE ','','','Kgs','B','4011','5011','1021','5014','1023',0,0,0,4000,0,0,0,0,0,0,'',0,0,'0000-00-00','0000-00-00','',1,0,'Kgs',0,0,'','','',NULL,NULL,NULL,0,0,0,0,0,0,NULL,NULL,NULL,0,0,0,0,0,0,'','','','','',''),('789',10,1,'MEETA SODA','','','Kgs','B','4011','5011','1021','5014','1023',0,0,0,150,0,0,0,0,0,0,'',0,0,'0000-00-00','0000-00-00','',1,0,'Kgs',0,0,'','','',NULL,NULL,NULL,0,0,0,0,0,0,NULL,NULL,NULL,0,0,0,0,0,0,'','','','','',''),('790',10,1,'RICE STAFF FOOD','','','Kgs','B','4011','5011','1021','5014','1023',0,0,0,130,0,0,0,0,0,0,'',0,0,'0000-00-00','0000-00-00','',1,0,'Kgs',0,0,'','','',NULL,NULL,NULL,0,0,0,0,0,0,NULL,NULL,NULL,0,0,0,0,0,0,'','','','','',''),('791',10,1,'NESTLE JUICE KINNU ','','','Pack','B','4011','5011','1021','5014','1023',0,0,0,160,0,0,0,0,0,0,'',0,0,'0000-00-00','0000-00-00','',1,0,'Pack',0,0,'','','',NULL,NULL,NULL,0,0,0,0,0,0,NULL,NULL,NULL,0,0,0,0,0,0,'','','','','',''),('792',10,1,'STRAWBERRY SYRUP TOPING ','','','Bottles','B','4011','5011','1021','5014','1023',0,0,0,250,0,0,0,0,0,0,'',0,0,'0000-00-00','0000-00-00','',1,0,'Bottles',0,0,'','','',NULL,NULL,NULL,0,0,0,0,0,0,NULL,NULL,NULL,0,0,0,0,0,0,'','','','','',''),('793',10,1,'TAPAL 950 GRAMS ','','','Pack','B','4011','5011','1021','5014','1023',0,0,0,680,0,0,0,0,0,0,'',0,0,'0000-00-00','0000-00-00','',1,0,'Pack',0,0,'','','',NULL,NULL,NULL,0,0,0,0,0,0,NULL,NULL,NULL,0,0,0,0,0,0,'','','','','',''),('794',10,1,'KNOOR LIME SEASONING POWDER 400G','','','Pack','B','4011','5011','1021','5014','1023',0,0,342,267.07692307692,0,0,0,0,0,0,'',0,0,'0000-00-00','0000-00-00','',1,0,'Pack',0,0,'','','',NULL,NULL,NULL,0,0,0,0,0,0,NULL,NULL,NULL,0,0,0,0,0,0,'','','','','',''),('795',10,1,'PEEL TOMATO TIN PACK ','','','Pack','B','4011','5011','1021','5014','1023',0,0,110,166,0,0,0,0,0,0,'',0,0,'0000-00-00','0000-00-00','',1,0,'Pack',0,0,'','','',NULL,NULL,NULL,0,0,0,0,0,0,NULL,NULL,NULL,0,0,0,0,0,0,'','','','','',''),('796',10,1,'SURF EXCEL 1 KG ','','','Pack','B','4011','5011','1021','5014','1023',0,0,0,250,0,0,0,0,0,0,'',0,0,'0000-00-00','0000-00-00','',1,0,'Pack',0,0,'','','',NULL,NULL,NULL,0,0,0,0,0,0,NULL,NULL,NULL,0,0,0,0,0,0,'','','','','',''),('797',10,1,'COCONUT SYRUP','','','Bottles','B','4011','5011','1021','5014','1023',0,0,0,0,0,0,0,0,0,0,'',0,0,'0000-00-00','0000-00-00','',1,0,'Bottles',0,0,'','','',NULL,NULL,NULL,0,0,0,0,0,0,NULL,NULL,NULL,0,0,0,0,0,0,'','','','','',''),('798',10,1,'CHOCOLATE SYRUP','','','Bottles','B','4011','5011','1021','5014','1023',0,0,620,620,0,0,0,0,0,0,'',0,0,'0000-00-00','0000-00-00','',1,0,'Bottles',0,0,'','','',NULL,NULL,NULL,0,0,0,0,0,0,NULL,NULL,NULL,0,0,0,0,0,0,'','','','','',''),('799',10,1,'CHOCOLATE CHIP','','','Pack','B','4011','5011','1021','5014','1023',0,0,280,280,0,0,0,0,0,0,'',0,0,'0000-00-00','0000-00-00','',1,0,'Pack',0,0,'','','',NULL,NULL,NULL,0,0,0,0,0,0,NULL,NULL,NULL,0,0,0,0,0,0,'','','','','',''),('800',10,1,'KNOOR CHICKEN POWDER','','','Jar','B','4011','5011','1021','5014','1023',0,0,491.91,491.91,0,0,0,0,0,0,'',0,0,'0000-00-00','0000-00-00','',1,0,'Kgs',1,0,'','','',NULL,NULL,NULL,0,0,0,0,0,0,NULL,NULL,NULL,0,0,0,0,0,0,'','','','','',''),('801',16,1,'COKE 300 ML CAN','','','Bottles','B','4011','5011','1021','5014','1023',0,0,40.6,42.395789473684,0,0,0,0,0,0,'',0,0,'0000-00-00','0000-00-00','',1,0,'',0,0,NULL,NULL,NULL,NULL,NULL,NULL,NULL,NULL,NULL,NULL,NULL,NULL,NULL,NULL,NULL,NULL,NULL,NULL,NULL,NULL,NULL,'','','','','',''),('802',16,1,'DIET 7UP 300ML CAN ','','','Bottles','B','4011','5011','1021','5014','1023',0,0,47,47,0,0,0,0,0,0,'',0,0,'0000-00-00','0000-00-00','',1,0,'',0,0,NULL,NULL,NULL,NULL,NULL,NULL,NULL,NULL,NULL,NULL,NULL,NULL,NULL,NULL,NULL,NULL,NULL,NULL,NULL,NULL,NULL,'','','','','',''),('803',16,1,'7UP 300 ML CAN','','','Bottles','B','4011','5011','1021','5014','1023',0,0,47,47,0,0,0,0,0,0,'',0,0,'0000-00-00','0000-00-00','',1,0,'',0,0,NULL,NULL,NULL,NULL,NULL,NULL,NULL,NULL,NULL,NULL,NULL,NULL,NULL,NULL,NULL,NULL,NULL,NULL,NULL,NULL,NULL,'','','','','',''),('804',16,1,'FANTA 300ML CAN','','','Bottles','B','4011','5011','1021','5014','1023',0,0,0,47,0,0,0,0,0,0,'',0,0,'0000-00-00','0000-00-00','',1,0,'',0,0,NULL,NULL,NULL,NULL,NULL,NULL,NULL,NULL,NULL,NULL,NULL,NULL,NULL,NULL,NULL,NULL,NULL,NULL,NULL,NULL,NULL,'','','','','',''),('805',16,1,'SPRITE 300ML CAN','','','Bottles','B','4011','5011','1021','5014','1023',0,0,40.6,41.437894736842,0,0,0,0,0,0,'',0,0,'0000-00-00','0000-00-00','',1,0,'',0,0,NULL,NULL,NULL,NULL,NULL,NULL,NULL,NULL,NULL,NULL,NULL,NULL,NULL,NULL,NULL,NULL,NULL,NULL,NULL,NULL,NULL,'','','','','',''),('806',16,1,'SPRITE ZERO 300ML CAN','','','Bottles','B','4011','5011','1021','5014','1023',0,0,0,0,0,0,0,0,0,0,'',0,0,'0000-00-00','0000-00-00','',1,0,'',0,0,NULL,NULL,NULL,NULL,NULL,NULL,NULL,NULL,NULL,NULL,NULL,NULL,NULL,NULL,NULL,NULL,NULL,NULL,NULL,NULL,NULL,'','','','','',''),('807',16,1,'SPRITE 1.5 LTR','','','Bottles','B','4011','5011','1021','5014','1023',0,0,80,80,0,0,0,0,0,0,'',0,0,'0000-00-00','0000-00-00','',1,0,'',0,0,NULL,NULL,NULL,NULL,NULL,NULL,NULL,NULL,NULL,NULL,NULL,NULL,NULL,NULL,NULL,NULL,NULL,NULL,NULL,NULL,NULL,'','','','','',''),('808',16,1,'7UP 1.5 LTR','','','Bottles','B','4011','5011','1021','5014','1023',0,0,80,80,0,0,0,0,0,0,'',0,0,'0000-00-00','0000-00-00','',1,0,'',0,0,NULL,NULL,NULL,NULL,NULL,NULL,NULL,NULL,NULL,NULL,NULL,NULL,NULL,NULL,NULL,NULL,NULL,NULL,NULL,NULL,NULL,'','','','','',''),('809',16,1,'COKE DIET 250 ML CAN','','','Bottles','B','4011','5011','1021','5014','1023',0,0,31,31,0,0,0,0,0,0,'',0,0,'0000-00-00','0000-00-00','',1,0,'Bottles',0,0,'','','',NULL,NULL,NULL,0,0,0,0,0,0,NULL,NULL,NULL,0,0,0,0,0,0,'','','','','',''),('810',16,1,'WATER MINERAL 1.5 LTR','','','Bottles','B','4011','5011','1021','5014','1023',0,0,0,0,0,0,0,0,0,0,'',0,0,'0000-00-00','0000-00-00','',1,0,'',0,0,NULL,NULL,NULL,NULL,NULL,NULL,NULL,NULL,NULL,NULL,NULL,NULL,NULL,NULL,NULL,NULL,NULL,NULL,NULL,NULL,NULL,'','','','','',''),('814',16,1,'PEPSI 300ml can','','','Bottles','B','4011','5011','1021','5014','1023',0,0,47,47,0,0,0,0,0,0,'',0,0,'0000-00-00','0000-00-00','',1,0,'',0,0,NULL,NULL,NULL,NULL,NULL,NULL,NULL,NULL,NULL,NULL,NULL,NULL,NULL,NULL,NULL,NULL,NULL,NULL,NULL,NULL,NULL,'','','','','',''),('815',16,1,'PEPSI 1.5liter','','','Bottles','B','4011','5011','1021','5014','1023',0,0,0,0,0,0,0,0,0,0,'',0,0,'0000-00-00','0000-00-00','',1,0,'',0,0,NULL,NULL,NULL,NULL,NULL,NULL,NULL,NULL,NULL,NULL,NULL,NULL,NULL,NULL,NULL,NULL,NULL,NULL,NULL,NULL,NULL,'','','','','',''),('816',16,1,'PEPSI 500ml','','','Bottles','B','4011','5011','1021','5014','1023',0,0,0,0,0,0,0,0,0,0,'',0,0,'0000-00-00','0000-00-00','',1,0,'',0,0,NULL,NULL,NULL,NULL,NULL,NULL,NULL,NULL,NULL,NULL,NULL,NULL,NULL,NULL,NULL,NULL,NULL,NULL,NULL,NULL,NULL,'','','','','',''),('817',16,1,'NESTLE MANGO JUICE 1 LTR','','','Pack','B','4011','5011','1021','5014','1023',0,0,160,160,0,0,0,0,0,0,'',0,0,'0000-00-00','0000-00-00','',1,0,'',0,0,NULL,NULL,NULL,NULL,NULL,NULL,NULL,NULL,NULL,NULL,NULL,NULL,NULL,NULL,NULL,NULL,NULL,NULL,NULL,NULL,NULL,'','','','','',''),('818',16,1,'NESTLE APPLE JUICE 1 LTR','','','Pack','B','4011','5011','1021','5014','1023',0,0,140,140,0,0,0,0,0,0,'',0,0,'0000-00-00','0000-00-00','',1,0,'',0,0,NULL,NULL,NULL,NULL,NULL,NULL,NULL,NULL,NULL,NULL,NULL,NULL,NULL,NULL,NULL,NULL,NULL,NULL,NULL,NULL,NULL,'','','','','',''),('819',16,1,'NESTLE RED GRAPE 1 LTR','','','Pack','B','4011','5011','1021','5014','1023',0,0,180,180,0,0,0,0,0,0,'',0,0,'0000-00-00','0000-00-00','',1,0,'',0,0,NULL,NULL,NULL,NULL,NULL,NULL,NULL,NULL,NULL,NULL,NULL,NULL,NULL,NULL,NULL,NULL,NULL,NULL,NULL,NULL,NULL,'','','','','',''),('820',16,1,'NESTLE PEACH JUICE 1 LTR','','','Pack','B','4011','5011','1021','5014','1023',0,0,0,140,0,0,0,0,0,0,'',0,0,'0000-00-00','0000-00-00','',1,0,'',0,0,NULL,NULL,NULL,NULL,NULL,NULL,NULL,NULL,NULL,NULL,NULL,NULL,NULL,NULL,NULL,NULL,NULL,NULL,NULL,NULL,NULL,'','','','','',''),('821',16,1,'NESTLE PINEAPPLE JUICE 1 LTR','','','Pack','B','4011','5011','1021','5014','1023',0,0,22.97,25.460408163265,0,0,0,0,0,0,'',0,0,'0000-00-00','0000-00-00','',1,0,'',0,0,NULL,NULL,NULL,NULL,NULL,NULL,NULL,NULL,NULL,NULL,NULL,NULL,NULL,NULL,NULL,NULL,NULL,NULL,NULL,NULL,NULL,'','','','','',''),('822',16,1,'AQUA FINA WATER 500ML ','','','Bottles','B','4011','5011','1021','5014','1023',0,0,19.37,20.419453125,0,0,0,0,0,0,'',0,0,'0000-00-00','0000-00-00','',1,0,'',0,0,NULL,NULL,NULL,NULL,NULL,NULL,NULL,NULL,NULL,NULL,NULL,NULL,NULL,NULL,NULL,NULL,NULL,NULL,NULL,NULL,NULL,'','','','','',''),('823',16,1,'RED BULL','','','Bottles','B','4011','5011','1021','5014','1023',0,0,0,195,0,0,0,0,0,0,'',0,0,'0000-00-00','0000-00-00','',1,0,'',0,0,NULL,NULL,NULL,NULL,NULL,NULL,NULL,NULL,NULL,NULL,NULL,NULL,NULL,NULL,NULL,NULL,NULL,NULL,NULL,NULL,NULL,'','','','','',''),('824',16,1,'KINLEY MINRAL WATER ','','','Bottles','B','4011','5011','1021','5014','1023',0,0,18.33,18.33,0,0,0,0,0,0,'',0,0,'0000-00-00','0000-00-00','',1,0,'Bottles',0,0,'','','',NULL,NULL,NULL,0,0,0,0,0,0,NULL,NULL,NULL,0,0,0,0,0,0,'','','','','',''),('850',10,1,'DAAL MASH ','','','Kgs','B','4011','5011','1021','5014','1023',0,0,0,180,0,0,0,0,0,0,'',0,0,'0000-00-00','0000-00-00','',1,0,'Kgs',0,0,'','','',NULL,NULL,NULL,0,0,0,0,0,0,NULL,NULL,NULL,0,0,0,0,0,0,'','','','','',''),('851',10,1,'LONG (CLOVE)','','','Kgs','B','4011','5011','1021','5014','1023',0,0,0,1200,0,0,0,0,0,0,'',0,0,'0000-00-00','0000-00-00','',1,0,'Kgs',0,0,'','','',NULL,NULL,NULL,0,0,0,0,0,0,NULL,NULL,NULL,0,0,0,0,0,0,'','','','','',''),('852',10,1,'ZEERA SABUT ','','','Kgs','B','4011','5011','1021','5014','1023',0,0,0,300,0,0,0,0,0,0,'',0,0,'0000-00-00','0000-00-00','',1,0,'Kgs',0,0,'','','',NULL,NULL,NULL,0,0,0,0,0,0,NULL,NULL,NULL,0,0,0,0,0,0,'','','','','',''),('853',10,1,'SOKHA DHANIYA (CORINDER)','','','Kgs','B','4011','5011','1021','5014','1023',0,0,0,300,0,0,0,0,0,0,'',0,0,'0000-00-00','0000-00-00','',1,0,'Kgs',0,0,'','','',NULL,NULL,NULL,0,0,0,0,0,0,NULL,NULL,NULL,0,0,0,0,0,0,'','','','','',''),('854',10,1,'WHIP CREAM RICHI WHIP ','','','Pack','B','4011','5011','1021','5014','1023',0,0,0,1100,0,0,0,0,0,0,'',0,0,'0000-00-00','0000-00-00','',1,0,'Pack',0,0,'','','',NULL,NULL,NULL,0,0,0,0,0,0,NULL,NULL,NULL,0,0,0,0,0,0,'','','','','',''),('855',10,1,'HEAT GUN (ELECTRIC ITEM)','','','pcs','B','4011','5011','1021','5014','1023',0,0,0,1200,0,0,0,0,0,0,'',0,0,'0000-00-00','0000-00-00','',1,0,'pcs',0,0,'','','',NULL,NULL,NULL,0,0,0,0,0,0,NULL,NULL,NULL,0,0,0,0,0,0,'','','','','',''),('856',10,1,'CHEESE CHADDER 2KG BLOCK ','','','Pack','B','4011','5011','1021','5014','1023',0,0,1340,1340,0,0,0,0,0,0,'',0,0,'0000-00-00','0000-00-00','',1,0,'Pack',0,0,'','','',NULL,NULL,NULL,0,0,0,0,0,0,NULL,NULL,NULL,0,0,0,0,0,0,'','','','','',''),('857',10,1,'FISH PREGOSIUS RAW','','','Kgs','B','4011','5011','1021','5014','1023',0,0,0,360,0,0,0,0,0,0,'',0,0,'0000-00-00','0000-00-00','',1,0,'Kgs',0,0,'','','',NULL,NULL,NULL,0,0,0,0,0,0,NULL,NULL,NULL,0,0,0,0,0,0,'','','','','',''),('858',10,1,'VANILLA CAKEMIX BATTYCROKER ','','','Pack','B','4011','5011','1021','5014','1023',0,0,0,300,0,0,0,0,0,0,'',0,0,'0000-00-00','0000-00-00','',1,0,'Pack',0,0,'','','',NULL,NULL,NULL,0,0,0,0,0,0,NULL,NULL,NULL,0,0,0,0,0,0,'','','','','',''),('859',10,1,'ZILANDIA CHOCOLATE ','','','Kgs','B','4011','5011','1021','5014','1023',0,0,0,1000,0,0,0,0,0,0,'',0,0,'0000-00-00','0000-00-00','',1,0,'Kgs',0,0,'','','',NULL,NULL,NULL,0,0,0,0,0,0,NULL,NULL,NULL,0,0,0,0,0,0,'','','','','',''),('860',10,1,'NESCAFE COFFEE  ','','','Jar','B','4011','5011','1021','5014','1023',0,0,0,500,0,0,0,0,0,0,'',0,0,'0000-00-00','0000-00-00','',1,0,'Jar',0,0,'','','',NULL,NULL,NULL,0,0,0,0,0,0,NULL,NULL,NULL,0,0,0,0,0,0,'','','','','',''),('861',10,1,'TOMATO PUREE KNORR 900G','','','Pack','B','4011','5011','1021','5014','1023',0,0,310,310,0,0,0,0,0,0,'',0,0,'0000-00-00','0000-00-00','',1,0,'Pack',0,0,'','','',NULL,NULL,NULL,0,0,0,0,0,0,NULL,NULL,NULL,0,0,0,0,0,0,'','','','','',''),('862',10,1,'ITALIAN TOMATO BASE KNORR 750G','','','Pack','B','4011','5011','1021','5014','1023',0,0,264,264,0,0,0,0,0,0,'',0,0,'0000-00-00','0000-00-00','',1,0,'Pack',0,0,'','','',NULL,NULL,NULL,0,0,0,0,0,0,NULL,NULL,NULL,0,0,0,0,0,0,'','','','','',''),('863',10,1,'LEMON JUICE AMERICAN GARDEN 946ML ','','','Bottles','B','4011','5011','1021','5014','1023',0,0,385,385,0,0,0,0,0,0,'',0,0,'0000-00-00','0000-00-00','',1,0,'Bottles',0,0,'','','',NULL,NULL,NULL,0,0,0,0,0,0,NULL,NULL,NULL,0,0,0,0,0,0,'','','','','',''),('865',10,1,'TOMATO KETCHUP (KNORR) 4kg ','','','pcs','B','4011','5011','1021','5014','1023',0,0,835,835,0,0,0,0,0,0,'',0,0,'0000-00-00','0000-00-00','',1,0,'Bottles',0,0,'','','',NULL,NULL,NULL,0,0,0,0,0,0,NULL,NULL,NULL,0,0,0,0,0,0,'','','','','',''),('866',10,1,'WORCESTER SHIRE SAUCE 295ML ','','','Bottles','B','4011','5011','1021','5014','1023',0,0,245,245,0,0,0,0,0,0,'',0,0,'0000-00-00','0000-00-00','',1,0,'Bottles',0,0,'','','',NULL,NULL,NULL,0,0,0,0,0,0,NULL,NULL,NULL,0,0,0,0,0,0,'','','','','',''),('867',10,1,'MUSTARD YELLOW FRENCHS 2.98 KG ','','','Bottles','B','4011','5011','1021','5014','1023',0,0,1400,1400,0,0,0,0,0,0,'',0,0,'0000-00-00','0000-00-00','',1,0,'Bottles',0,0,'','','',NULL,NULL,NULL,0,0,0,0,0,0,NULL,NULL,NULL,0,0,0,0,0,0,'','','','','',''),('868',10,1,'FRY ALL 16 LITER DALDA ','','','Jar','B','4011','5011','1021','5014','1023',0,0,2970,2970,0,0,0,0,0,0,'',0,0,'0000-00-00','0000-00-00','',1,0,'Jar',0,0,'','','',NULL,NULL,NULL,0,0,0,0,0,0,NULL,NULL,NULL,0,0,0,0,0,0,'','','','','',''),('869',10,1,'MUSHROOM SLICED TIN 3KG  ','','','Jar','B','4011','5011','1021','5014','1023',0,0,670,670,0,0,0,0,0,0,'',0,0,'0000-00-00','0000-00-00','',1,0,'Jar',0,0,'','','',NULL,NULL,NULL,0,0,0,0,0,0,NULL,NULL,NULL,0,0,0,0,0,0,'','','','','',''),('870',10,1,'MAYONNAISE REAL 4KG ','','','Pack','B','4011','5011','1021','5014','1023',0,0,1430,1430,0,0,0,0,0,0,'',0,0,'0000-00-00','0000-00-00','',1,0,'Pack',0,0,'','','',NULL,NULL,NULL,0,0,0,0,0,0,NULL,NULL,NULL,0,0,0,0,0,0,'','','','','',''),('871',10,1,'SASAME SEED(TIL)','','','Kgs','B','4011','5011','1021','5014','1023',0,0,0,250,0,0,0,0,0,0,'',0,0,'0000-00-00','0000-00-00','',1,0,'Kgs',0,0,'','','',NULL,NULL,NULL,0,0,0,0,0,0,NULL,NULL,NULL,0,0,0,0,0,0,'','','','','',''),('872',10,1,'DORITOS(CORN CHIPS) 50 GRAM','','','Pack','B','4011','5011','1021','5014','1023',0,0,0,70,0,0,0,0,0,0,'',0,0,'0000-00-00','0000-00-00','',1,0,'Pack',0,0,'','','',NULL,NULL,NULL,0,0,0,0,0,0,NULL,NULL,NULL,0,0,0,0,0,0,'','','','','',''),('873',10,1,'SUNDRIED TOMATO OIL ','','','Bottles','B','4011','5011','1021','5014','1023',0,0,0,400,0,0,0,0,0,0,'',0,0,'0000-00-00','0000-00-00','',1,0,'Bottles',0,0,'','','',NULL,NULL,NULL,0,0,0,0,0,0,NULL,NULL,NULL,0,0,0,0,0,0,'','','','','',''),('874',10,1,'BETTERY CELL(AA)','','','pcs','B','4011','5011','1021','5014','1023',0,0,15,15,0,0,0,0,0,0,'',0,0,'0000-00-00','0000-00-00','',1,0,'pcs',0,0,'','','',NULL,NULL,NULL,0,0,0,0,0,0,NULL,NULL,NULL,0,0,0,0,0,0,'','','','','',''),('875',10,1,'BODY SPRAY','','','pcs','B','4011','5011','1021','5014','1023',0,0,250,250,0,0,0,0,0,0,'',0,0,'0000-00-00','0000-00-00','',1,0,'pcs',0,0,'','','',NULL,NULL,NULL,0,0,0,0,0,0,NULL,NULL,NULL,0,0,0,0,0,0,'','','','','',''),('876',10,1,'OREO BISCUIT(HALF ROLL) BOX','','','Pack','B','4011','5011','1021','5014','1023',0,0,120,120,0,0,0,0,0,0,'',0,0,'0000-00-00','0000-00-00','',1,0,'Pack',0,0,'','','',NULL,NULL,NULL,0,0,0,0,0,0,NULL,NULL,NULL,0,0,0,0,0,0,'','','','','',''),('877',10,1,'ICE CUBE(10KG BAG)','','','Pack','B','4011','5011','1021','5014','1023',0,0,600,366.66666666667,0,0,0,0,0,0,'',0,0,'0000-00-00','0000-00-00','',1,0,'Pack',0,0,'','','',NULL,NULL,NULL,0,0,0,0,0,0,NULL,NULL,NULL,0,0,0,0,0,0,'','','','','',''),('878',10,1,'STRAWBERRY TOPPING SUNDAE 3.6 KG SALMAN  ','','','Jar','B','4011','5011','1021','5014','1023',0,0,850,850,0,0,0,0,0,0,'',0,0,'0000-00-00','0000-00-00','',1,0,'Jar',0,0,'','','',NULL,NULL,NULL,0,0,0,0,0,0,NULL,NULL,NULL,0,0,0,0,0,0,'','','','','',''),('879',10,1,'SHOE POLISH ','','','Pack','B','4011','5011','1021','5014','1023',0,0,40,40,0,0,0,0,0,0,'',0,0,'0000-00-00','0000-00-00','',1,0,'Pack',0,0,'','','',NULL,NULL,NULL,0,0,0,0,0,0,NULL,NULL,NULL,0,0,0,0,0,0,'','','','','',''),('880',10,1,'WOOD POLISH ','','','Bottles','B','4011','5011','1021','5014','1023',0,0,195,195,0,0,0,0,0,0,'',0,0,'0000-00-00','0000-00-00','',1,0,'Bottles',0,0,'','','',NULL,NULL,NULL,0,0,0,0,0,0,NULL,NULL,NULL,0,0,0,0,0,0,'','','','','',''),('881',10,1,'BLACK OLIVES','','','Bottles','B','4011','5011','1021','5014','1023',0,0,641,710.5,0,0,0,0,0,0,'',0,0,'0000-00-00','0000-00-00','',1,0,'Bottles',0,0,'','','',NULL,NULL,NULL,0,0,0,0,0,0,NULL,NULL,NULL,0,0,0,0,0,0,'','','','','',''),('882',10,1,'BREAD LARGE','','','Pack','B','4011','5011','1021','5014','1023',0,0,0,0,0,0,0,0,0,0,'',0,0,'0000-00-00','0000-00-00','',1,0,'Pack',0,0,'','','',NULL,NULL,NULL,0,0,0,0,0,0,NULL,NULL,NULL,0,0,0,0,0,0,'','','','','',''),('901',15,1,'LPG GAS ','','','Kgs','B','4011','5011','1021','5014','1023',0,0,0,0,0,0,0,0,0,0,'',0,0,'0000-00-00','0000-00-00','',1,0,'',0,0,NULL,NULL,NULL,NULL,NULL,NULL,NULL,NULL,NULL,NULL,NULL,NULL,NULL,NULL,NULL,NULL,NULL,NULL,NULL,NULL,NULL,'','','','','',''),('OB',7,1,'Opening Balance Equity','','','pcs','D','3012','3012','1021','5014','1023',0,0,20944,0,0,0,0,0,0,0,'',0,0,'0000-00-00','0000-00-00','',1,0,'Bottles',0,0,'','','',NULL,NULL,NULL,0,0,0,0,0,0,NULL,NULL,NULL,0,0,0,0,0,0,'','','','','','');
/*!40000 ALTER TABLE `0_stock_master` ENABLE KEYS */;
UNLOCK TABLES;

--
-- Table structure for table `0_stock_moves`
--

DROP TABLE IF EXISTS `0_stock_moves`;
/*!40101 SET @saved_cs_client     = @@character_set_client */;
/*!40101 SET character_set_client = utf8 */;
CREATE TABLE `0_stock_moves` (
  `trans_id` int(11) NOT NULL AUTO_INCREMENT,
  `trans_no` int(11) NOT NULL DEFAULT '0',
  `stock_id` char(20) COLLATE utf8_unicode_ci NOT NULL DEFAULT '',
  `type` smallint(6) NOT NULL DEFAULT '0',
  `loc_code` char(5) COLLATE utf8_unicode_ci NOT NULL DEFAULT '',
  `tran_date` date NOT NULL DEFAULT '0000-00-00',
  `person_id` int(11) NOT NULL,
  `price` double NOT NULL DEFAULT '0',
  `reference` char(40) COLLATE utf8_unicode_ci NOT NULL DEFAULT '',
  `qty` double NOT NULL DEFAULT '1',
  `standard_cost` double NOT NULL DEFAULT '0',
  `discount_percent` double NOT NULL,
  `units_id` varchar(50) COLLATE utf8_unicode_ci NOT NULL,
  `con_factor` double NOT NULL,
  `batch` varchar(50) COLLATE utf8_unicode_ci NOT NULL,
  `text1` varchar(55) COLLATE utf8_unicode_ci DEFAULT NULL,
  `text2` varchar(55) COLLATE utf8_unicode_ci DEFAULT NULL,
  `text3` varchar(55) COLLATE utf8_unicode_ci DEFAULT NULL,
  `text4` varchar(55) COLLATE utf8_unicode_ci DEFAULT NULL,
  `text5` varchar(55) COLLATE utf8_unicode_ci DEFAULT NULL,
  `text6` varchar(55) COLLATE utf8_unicode_ci DEFAULT NULL,
  `amount1` double DEFAULT NULL,
  `amount2` double DEFAULT NULL,
  `amount3` double DEFAULT NULL,
  `amount4` double DEFAULT NULL,
  `amount5` double DEFAULT NULL,
  `amount6` double DEFAULT NULL,
  `date1` date DEFAULT NULL,
  `date2` date DEFAULT NULL,
  `date3` date DEFAULT NULL,
  `combo1` int(11) DEFAULT NULL,
  `combo2` int(11) DEFAULT NULL,
  `combo3` int(11) DEFAULT NULL,
  `combo4` int(11) DEFAULT NULL,
  `combo5` int(11) DEFAULT NULL,
  `combo6` int(11) DEFAULT NULL,
  `opening` tinyint(1) DEFAULT NULL,
  PRIMARY KEY (`trans_id`),
  KEY `type` (`type`,`trans_no`),
  KEY `Move` (`stock_id`,`loc_code`,`tran_date`)
) ENGINE=InnoDB DEFAULT CHARSET=utf8 COLLATE=utf8_unicode_ci;
/*!40101 SET character_set_client = @saved_cs_client */;

--
-- Dumping data for table `0_stock_moves`
--

LOCK TABLES `0_stock_moves` WRITE;
/*!40000 ALTER TABLE `0_stock_moves` DISABLE KEYS */;
INSERT INTO `0_stock_moves` VALUES (1,1,'316',17,'001','2017-10-06',0,0,'IA001/10/2017',4,50,0,'',0,'','','','','','','0',0,0,0,0,0,0,'0000-00-00','0000-00-00','0000-00-00',0,0,0,0,0,0,NULL),(2,1,'386',17,'001','2017-10-06',0,0,'IA001/10/2017',2,250,0,'',0,'','','','','','','0',0,0,0,0,0,0,'0000-00-00','0000-00-00','0000-00-00',0,0,0,0,0,0,NULL),(3,1,'356',17,'001','2017-10-06',0,0,'IA001/10/2017',3,200,0,'',0,'','','','','','','0',0,0,0,0,0,0,'0000-00-00','0000-00-00','0000-00-00',0,0,0,0,0,0,NULL),(4,1,'382',17,'001','2017-10-06',0,0,'IA001/10/2017',11,250,0,'',0,'','','','','','','0',0,0,0,0,0,0,'0000-00-00','0000-00-00','0000-00-00',0,0,0,0,0,0,NULL),(5,1,'321',17,'001','2017-10-06',0,0,'IA001/10/2017',1,800,0,'',0,'','','','','','','0',0,0,0,0,0,0,'0000-00-00','0000-00-00','0000-00-00',0,0,0,0,0,0,NULL),(6,1,'364',17,'001','2017-10-06',0,0,'IA001/10/2017',3,200,0,'',0,'','','','','','','0',0,0,0,0,0,0,'0000-00-00','0000-00-00','0000-00-00',0,0,0,0,0,0,NULL),(7,1,'288',17,'001','2017-10-06',0,0,'IA001/10/2017',1,600,0,'',0,'','','','','','','0',0,0,0,0,0,0,'0000-00-00','0000-00-00','0000-00-00',0,0,0,0,0,0,NULL),(8,1,'257',17,'001','2017-10-06',0,0,'IA001/10/2017',1,500,0,'',0,'','','','','','','0',0,0,0,0,0,0,'0000-00-00','0000-00-00','0000-00-00',0,0,0,0,0,0,NULL),(9,1,'256',17,'001','2017-10-06',0,0,'IA001/10/2017',4,900,0,'',0,'','','','','','','0',0,0,0,0,0,0,'0000-00-00','0000-00-00','0000-00-00',0,0,0,0,0,0,NULL),(10,1,'377',17,'001','2017-10-06',0,0,'IA001/10/2017',1,300,0,'',0,'','','','','','','0',0,0,0,0,0,0,'0000-00-00','0000-00-00','0000-00-00',0,0,0,0,0,0,NULL),(11,1,'300',17,'001','2017-10-06',0,0,'IA001/10/2017',1,400,0,'',0,'','','','','','','0',0,0,0,0,0,0,'0000-00-00','0000-00-00','0000-00-00',0,0,0,0,0,0,NULL),(12,1,'368',17,'001','2017-10-06',0,0,'IA001/10/2017',4,350,0,'',0,'','','','','','','0',0,0,0,0,0,0,'0000-00-00','0000-00-00','0000-00-00',0,0,0,0,0,0,NULL),(13,1,'397',17,'001','2017-10-06',0,0,'IA001/10/2017',3,250,0,'',0,'','','','','','','0',0,0,0,0,0,0,'0000-00-00','0000-00-00','0000-00-00',0,0,0,0,0,0,NULL),(14,1,'278',17,'001','2017-10-06',0,0,'IA001/10/2017',2,250,0,'',0,'','','','','','','0',0,0,0,0,0,0,'0000-00-00','0000-00-00','0000-00-00',0,0,0,0,0,0,NULL),(15,1,'274',17,'001','2017-10-06',0,0,'IA001/10/2017',4,250,0,'',0,'','','','','','','0',0,0,0,0,0,0,'0000-00-00','0000-00-00','0000-00-00',0,0,0,0,0,0,NULL),(16,1,'273',17,'001','2017-10-06',0,0,'IA001/10/2017',4,150,0,'',0,'','','','','','','0',0,0,0,0,0,0,'0000-00-00','0000-00-00','0000-00-00',0,0,0,0,0,0,NULL),(17,1,'390',17,'001','2017-10-06',0,0,'IA001/10/2017',2,350,0,'',0,'','','','','','','0',0,0,0,0,0,0,'0000-00-00','0000-00-00','0000-00-00',0,0,0,0,0,0,NULL),(18,1,'391',17,'001','2017-10-06',0,0,'IA001/10/2017',1,350,0,'',0,'','','','','','','0',0,0,0,0,0,0,'0000-00-00','0000-00-00','0000-00-00',0,0,0,0,0,0,NULL),(19,2,'334',17,'001','2017-10-06',0,0,'IA002/10/2017',6,400,0,'',0,'','','','','','','0',0,0,0,0,0,0,'0000-00-00','0000-00-00','0000-00-00',0,0,0,0,0,0,NULL),(20,2,'335',17,'001','2017-10-06',0,0,'IA002/10/2017',3,400,0,'',0,'','','','','','','0',0,0,0,0,0,0,'0000-00-00','0000-00-00','0000-00-00',0,0,0,0,0,0,NULL),(21,2,'336',17,'001','2017-10-06',0,0,'IA002/10/2017',5,400,0,'',0,'','','','','','','0',0,0,0,0,0,0,'0000-00-00','0000-00-00','0000-00-00',0,0,0,0,0,0,NULL),(22,2,'247',17,'001','2017-10-06',0,0,'IA002/10/2017',1,1500,0,'',0,'','','','','','','0',0,0,0,0,0,0,'0000-00-00','0000-00-00','0000-00-00',0,0,0,0,0,0,NULL),(23,2,'280',17,'001','2017-10-06',0,0,'IA002/10/2017',3,120,0,'',0,'','','','','','','',0,0,0,0,0,0,'0000-00-00','0000-00-00','0000-00-00',0,0,0,0,0,0,NULL),(24,2,'282',17,'001','2017-10-06',0,0,'IA002/10/2017',2,300,0,'',0,'','','','','','','0',0,0,0,0,0,0,'0000-00-00','0000-00-00','0000-00-00',0,0,0,0,0,0,NULL),(25,2,'531',17,'001','2017-10-06',0,0,'IA002/10/2017',15,1100,0,'',0,'','','','','','','0',0,0,0,0,0,0,'0000-00-00','0000-00-00','0000-00-00',0,0,0,0,0,0,NULL),(26,2,'371',17,'001','2017-10-06',0,0,'IA002/10/2017',15,180,0,'',0,'','','','','','','0',0,0,0,0,0,0,'0000-00-00','0000-00-00','0000-00-00',0,0,0,0,0,0,NULL),(27,2,'331',17,'001','2017-10-06',0,0,'IA002/10/2017',1,8000,0,'',0,'','','','','','','0',0,0,0,0,0,0,'0000-00-00','0000-00-00','0000-00-00',0,0,0,0,0,0,NULL),(28,2,'333',17,'001','2017-10-06',0,0,'IA002/10/2017',1,8500,0,'',0,'','','','','','','0',0,0,0,0,0,0,'0000-00-00','0000-00-00','0000-00-00',0,0,0,0,0,0,NULL),(29,2,'294',17,'001','2017-10-06',0,0,'IA002/10/2017',7,250,0,'',0,'','','','','','','0',0,0,0,0,0,0,'0000-00-00','0000-00-00','0000-00-00',0,0,0,0,0,0,NULL),(30,2,'302',17,'001','2017-10-06',0,0,'IA002/10/2017',3,2400,0,'',0,'','','','','','','0',0,0,0,0,0,0,'0000-00-00','0000-00-00','0000-00-00',0,0,0,0,0,0,NULL),(31,2,'244',17,'001','2017-10-06',0,0,'IA002/10/2017',2,1200,0,'',0,'','','','','','','0',0,0,0,0,0,0,'0000-00-00','0000-00-00','0000-00-00',0,0,0,0,0,0,NULL),(32,2,'396',17,'001','2017-10-06',0,0,'IA002/10/2017',4,500,0,'',0,'','','','','','','0',0,0,0,0,0,0,'0000-00-00','0000-00-00','0000-00-00',0,0,0,0,0,0,NULL),(33,2,'327',17,'001','2017-10-06',0,0,'IA002/10/2017',0.5,1500,0,'',0,'','','','','','','0',0,0,0,0,0,0,'0000-00-00','0000-00-00','0000-00-00',0,0,0,0,0,0,NULL),(34,2,'394',17,'001','2017-10-06',0,0,'IA002/10/2017',3,80,0,'',0,'','','','','','','0',0,0,0,0,0,0,'0000-00-00','0000-00-00','0000-00-00',0,0,0,0,0,0,NULL),(35,2,'393',17,'001','2017-10-06',0,0,'IA002/10/2017',3,80,0,'',0,'','','','','','','0',0,0,0,0,0,0,'0000-00-00','0000-00-00','0000-00-00',0,0,0,0,0,0,NULL),(36,2,'395',17,'001','2017-10-06',0,0,'IA002/10/2017',3,80,0,'',0,'','','','','','','0',0,0,0,0,0,0,'0000-00-00','0000-00-00','0000-00-00',0,0,0,0,0,0,NULL),(37,3,'277',17,'001','2017-10-06',0,0,'IA003/10/2017',1,100,0,'',0,'','','','','','','0',0,0,0,0,0,0,'0000-00-00','0000-00-00','0000-00-00',0,0,0,0,0,0,NULL),(38,3,'275',17,'001','2017-10-06',0,0,'IA003/10/2017',1,150,0,'',0,'','','','','','','0',0,0,0,0,0,0,'0000-00-00','0000-00-00','0000-00-00',0,0,0,0,0,0,NULL),(39,3,'298',17,'001','2017-10-06',0,0,'IA003/10/2017',1,150,0,'',0,'','','','','','','0',0,0,0,0,0,0,'0000-00-00','0000-00-00','0000-00-00',0,0,0,0,0,0,NULL),(40,3,'315',17,'001','2017-10-06',0,0,'IA003/10/2017',1,225,0,'',0,'','','','','','','0',0,0,0,0,0,0,'0000-00-00','0000-00-00','0000-00-00',0,0,0,0,0,0,NULL),(41,3,'269',17,'001','2017-10-06',0,0,'IA003/10/2017',2,200,0,'',0,'','','','','','','0',0,0,0,0,0,0,'0000-00-00','0000-00-00','0000-00-00',0,0,0,0,0,0,NULL),(42,3,'268',17,'001','2017-10-06',0,0,'IA003/10/2017',2,500,0,'',0,'','','','','','','0',0,0,0,0,0,0,'0000-00-00','0000-00-00','0000-00-00',0,0,0,0,0,0,NULL),(43,3,'396',17,'001','2017-10-06',0,0,'IA003/10/2017',1,500,0,'',0,'','','','','','','0',0,0,0,0,0,0,'0000-00-00','0000-00-00','0000-00-00',0,0,0,0,0,0,NULL),(44,3,'267',17,'001','2017-10-06',0,0,'IA003/10/2017',12,500,0,'',0,'','','','','','','0',0,0,0,0,0,0,'0000-00-00','0000-00-00','0000-00-00',0,0,0,0,0,0,NULL),(45,3,'270',17,'001','2017-10-06',0,0,'IA003/10/2017',3,150,0,'',0,'','','','','','','0',0,0,0,0,0,0,'0000-00-00','0000-00-00','0000-00-00',0,0,0,0,0,0,NULL),(46,3,'383',17,'001','2017-10-06',0,0,'IA003/10/2017',2,1200,0,'',0,'','','','','','','0',0,0,0,0,0,0,'0000-00-00','0000-00-00','0000-00-00',0,0,0,0,0,0,NULL),(47,3,'384',17,'001','2017-10-06',0,0,'IA003/10/2017',2,1200,0,'',0,'','','','','','','0',0,0,0,0,0,0,'0000-00-00','0000-00-00','0000-00-00',0,0,0,0,0,0,NULL),(48,3,'385',17,'001','2017-10-06',0,0,'IA003/10/2017',1,1200,0,'',0,'','','','','','','0',0,0,0,0,0,0,'0000-00-00','0000-00-00','0000-00-00',0,0,0,0,0,0,NULL),(49,3,'398',17,'001','2017-10-06',0,0,'IA003/10/2017',3,150,0,'',0,'','','','','','','0',0,0,0,0,0,0,'0000-00-00','0000-00-00','0000-00-00',0,0,0,0,0,0,NULL),(50,3,'379',17,'001','2017-10-06',0,0,'IA003/10/2017',4,300,0,'',0,'','','','','','','0',0,0,0,0,0,0,'0000-00-00','0000-00-00','0000-00-00',0,0,0,0,0,0,NULL),(51,3,'378',17,'001','2017-10-06',0,0,'IA003/10/2017',9,300,0,'',0,'','','','','','','0',0,0,0,0,0,0,'0000-00-00','0000-00-00','0000-00-00',0,0,0,0,0,0,NULL),(52,3,'295',17,'001','2017-10-06',0,0,'IA003/10/2017',13,300,0,'',0,'','','','','','','0',0,0,0,0,0,0,'0000-00-00','0000-00-00','0000-00-00',0,0,0,0,0,0,NULL),(53,4,'376',17,'001','2017-10-06',0,0,'IA004/10/2017',5,500,0,'',0,'','','','','','','0',0,0,0,0,0,0,'0000-00-00','0000-00-00','0000-00-00',0,0,0,0,0,0,NULL),(54,4,'318',17,'001','2017-10-06',0,0,'IA004/10/2017',2,500,0,'',0,'','','','','','','0',0,0,0,0,0,0,'0000-00-00','0000-00-00','0000-00-00',0,0,0,0,0,0,NULL),(55,4,'367',17,'001','2017-10-06',0,0,'IA004/10/2017',8,250,0,'',0,'','','','','','','0',0,0,0,0,0,0,'0000-00-00','0000-00-00','0000-00-00',0,0,0,0,0,0,NULL),(56,4,'372',17,'001','2017-10-06',0,0,'IA004/10/2017',1,380,0,'',0,'','','','','','','0',0,0,0,0,0,0,'0000-00-00','0000-00-00','0000-00-00',0,0,0,0,0,0,NULL),(57,4,'370',17,'001','2017-10-06',0,0,'IA004/10/2017',10,300,0,'',0,'','','','','','','0',0,0,0,0,0,0,'0000-00-00','0000-00-00','0000-00-00',0,0,0,0,0,0,NULL),(58,4,'387',17,'001','2017-10-06',0,0,'IA004/10/2017',2,250,0,'',0,'','','','','','','0',0,0,0,0,0,0,'0000-00-00','0000-00-00','0000-00-00',0,0,0,0,0,0,NULL),(59,4,'801',17,'001','2017-10-06',0,0,'IA004/10/2017',48,47,0,'',0,'','','','','','','',0,0,0,0,0,0,'0000-00-00','0000-00-00','0000-00-00',0,0,0,0,0,0,NULL),(60,4,'814',17,'001','2017-10-06',0,0,'IA004/10/2017',12,47,0,'',0,'','','','','','','0',0,0,0,0,0,0,'0000-00-00','0000-00-00','0000-00-00',0,0,0,0,0,0,NULL),(61,4,'803',17,'001','2017-10-06',0,0,'IA004/10/2017',36,47,0,'',0,'','','','','','','0',0,0,0,0,0,0,'0000-00-00','0000-00-00','0000-00-00',0,0,0,0,0,0,NULL),(62,4,'808',17,'001','2017-10-06',0,0,'IA004/10/2017',24,80,0,'',0,'','','','','','','0',0,0,0,0,0,0,'0000-00-00','0000-00-00','0000-00-00',0,0,0,0,0,0,NULL),(63,4,'822',17,'001','2017-10-06',0,0,'IA004/10/2017',12,30,0,'',0,'','','','','','','0',0,0,0,0,0,0,'0000-00-00','0000-00-00','0000-00-00',0,0,0,0,0,0,NULL),(64,4,'804',17,'001','2017-10-06',0,0,'IA004/10/2017',108,47,0,'',0,'','','','','','','0',0,0,0,0,0,0,'0000-00-00','0000-00-00','0000-00-00',0,0,0,0,0,0,NULL),(65,4,'516',17,'001','2017-10-06',0,0,'IA004/10/2017',97,80,0,'',0,'','','','','','','0',0,0,0,0,0,0,'0000-00-00','0000-00-00','0000-00-00',0,0,0,0,0,0,NULL),(66,4,'368',17,'001','2017-10-06',0,0,'IA004/10/2017',8,350,0,'',0,'','','','','','','0',0,0,0,0,0,0,'0000-00-00','0000-00-00','0000-00-00',0,0,0,0,0,0,NULL),(67,4,'303',17,'001','2017-10-06',0,0,'IA004/10/2017',12.7,170,0,'',0,'','','','','','','0',0,0,0,0,0,0,'0000-00-00','0000-00-00','0000-00-00',0,0,0,0,0,0,NULL),(68,5,'236',17,'001','2017-10-06',0,0,'IA005/10/2017',1,500,0,'',0,'','','','','','','0',0,0,0,0,0,0,'0000-00-00','0000-00-00','0000-00-00',0,0,0,0,0,0,NULL),(69,5,'237',17,'001','2017-10-06',0,0,'IA005/10/2017',2,100,0,'',0,'','','','','','','0',0,0,0,0,0,0,'0000-00-00','0000-00-00','0000-00-00',0,0,0,0,0,0,NULL),(70,5,'266',17,'001','2017-10-06',0,0,'IA005/10/2017',3,150,0,'',0,'','','','','','','0',0,0,0,0,0,0,'0000-00-00','0000-00-00','0000-00-00',0,0,0,0,0,0,NULL),(71,5,'305',17,'001','2017-10-06',0,0,'IA005/10/2017',6,300,0,'',0,'','','','','','','0',0,0,0,0,0,0,'0000-00-00','0000-00-00','0000-00-00',0,0,0,0,0,0,NULL),(72,5,'308',17,'001','2017-10-06',0,0,'IA005/10/2017',3,260,0,'',0,'','','','','','','0',0,0,0,0,0,0,'0000-00-00','0000-00-00','0000-00-00',0,0,0,0,0,0,NULL),(73,5,'309',17,'001','2017-10-06',0,0,'IA005/10/2017',6,300,0,'',0,'','','','','','','',0,0,0,0,0,0,'0000-00-00','0000-00-00','0000-00-00',0,0,0,0,0,0,NULL),(74,5,'307',17,'001','2017-10-06',0,0,'IA005/10/2017',5,300,0,'',0,'','','','','','','0',0,0,0,0,0,0,'0000-00-00','0000-00-00','0000-00-00',0,0,0,0,0,0,NULL),(75,5,'306',17,'001','2017-10-06',0,0,'IA005/10/2017',2,500,0,'',0,'','','','','','','0',0,0,0,0,0,0,'0000-00-00','0000-00-00','0000-00-00',0,0,0,0,0,0,NULL),(76,5,'304',17,'001','2017-10-06',0,0,'IA005/10/2017',3,500,0,'',0,'','','','','','','0',0,0,0,0,0,0,'0000-00-00','0000-00-00','0000-00-00',0,0,0,0,0,0,NULL),(77,5,'255',17,'001','2017-10-06',0,0,'IA005/10/2017',2,150,0,'',0,'','','','','','','0',0,0,0,0,0,0,'0000-00-00','0000-00-00','0000-00-00',0,0,0,0,0,0,NULL),(78,5,'330',17,'001','2017-10-06',0,0,'IA005/10/2017',5,1800,0,'',0,'','','','','','','0',0,0,0,0,0,0,'0000-00-00','0000-00-00','0000-00-00',0,0,0,0,0,0,NULL),(79,5,'736',17,'001','2017-10-06',0,0,'IA005/10/2017',1,300,0,'',0,'','','','','','','0',0,0,0,0,0,0,'0000-00-00','0000-00-00','0000-00-00',0,0,0,0,0,0,NULL),(80,5,'312',17,'001','2017-10-06',0,0,'IA005/10/2017',1,500,0,'',0,'','','','','','','0',0,0,0,0,0,0,'0000-00-00','0000-00-00','0000-00-00',0,0,0,0,0,0,NULL),(81,5,'311',17,'001','2017-10-06',0,0,'IA005/10/2017',1,500,0,'',0,'','','','','','','0',0,0,0,0,0,0,'0000-00-00','0000-00-00','0000-00-00',0,0,0,0,0,0,NULL),(82,5,'327',17,'001','2017-10-06',0,0,'IA005/10/2017',0.5,1500,0,'',0,'','','','','','','0',0,0,0,0,0,0,'0000-00-00','0000-00-00','0000-00-00',0,0,0,0,0,0,NULL),(83,5,'262',17,'001','2017-10-06',0,0,'IA005/10/2017',0.13,4000,0,'',0,'','','','','','','0',0,0,0,0,0,0,'0000-00-00','0000-00-00','0000-00-00',0,0,0,0,0,0,NULL),(84,5,'381',17,'001','2017-10-06',0,0,'IA005/10/2017',5,250,0,'',0,'','','','','','','0',0,0,0,0,0,0,'0000-00-00','0000-00-00','0000-00-00',0,0,0,0,0,0,NULL),(85,5,'314',17,'001','2017-10-06',0,0,'IA005/10/2017',20,20,0,'',0,'','','','','','','0',0,0,0,0,0,0,'0000-00-00','0000-00-00','0000-00-00',0,0,0,0,0,0,NULL),(86,5,'320',17,'001','2017-10-06',0,0,'IA005/10/2017',4,150,0,'',0,'','','','','','','0',0,0,0,0,0,0,'0000-00-00','0000-00-00','0000-00-00',0,0,0,0,0,0,NULL),(87,6,'319',17,'001','2017-10-06',0,0,'IA006/10/2017',9,250,0,'',0,'','','','','','','0',0,0,0,0,0,0,'0000-00-00','0000-00-00','0000-00-00',0,0,0,0,0,0,NULL),(88,6,'610',17,'001','2017-10-06',0,0,'IA006/10/2017',7,250,0,'',0,'','','','','','','0',0,0,0,0,0,0,'0000-00-00','0000-00-00','0000-00-00',0,0,0,0,0,0,NULL),(89,6,'613',17,'001','2017-10-06',0,0,'IA006/10/2017',1,50,0,'',0,'','','','','','','0',0,0,0,0,0,0,'0000-00-00','0000-00-00','0000-00-00',0,0,0,0,0,0,NULL),(90,6,'352',17,'001','2017-10-06',0,0,'IA006/10/2017',2,800,0,'',0,'','','','','','','0',0,0,0,0,0,0,'0000-00-00','0000-00-00','0000-00-00',0,0,0,0,0,0,NULL),(91,6,'353',17,'001','2017-10-06',0,0,'IA006/10/2017',20,800,0,'',0,'','','','','','','0',0,0,0,0,0,0,'0000-00-00','0000-00-00','0000-00-00',0,0,0,0,0,0,NULL),(92,6,'760',17,'001','2017-10-06',0,0,'IA006/10/2017',7,1800,0,'',0,'','','','','','','0',0,0,0,0,0,0,'0000-00-00','0000-00-00','0000-00-00',0,0,0,0,0,0,NULL),(93,6,'301',17,'001','2017-10-06',0,0,'IA006/10/2017',7.5,100,0,'',0,'','','','','','','0',0,0,0,0,0,0,'0000-00-00','0000-00-00','0000-00-00',0,0,0,0,0,0,NULL),(94,6,'231',17,'001','2017-10-06',0,0,'IA006/10/2017',4.5,350,0,'',0,'','','','','','','0',0,0,0,0,0,0,'0000-00-00','0000-00-00','0000-00-00',0,0,0,0,0,0,NULL),(95,6,'606',17,'001','2017-10-06',0,0,'IA006/10/2017',1,500,0,'',0,'','','','','','','0',0,0,0,0,0,0,'0000-00-00','0000-00-00','0000-00-00',0,0,0,0,0,0,NULL),(96,6,'359',17,'001','2017-10-06',0,0,'IA006/10/2017',5,200,0,'',0,'','','','','','','0',0,0,0,0,0,0,'0000-00-00','0000-00-00','0000-00-00',0,0,0,0,0,0,NULL),(97,6,'360',17,'001','2017-10-06',0,0,'IA006/10/2017',1,1000,0,'',0,'','','','','','','0',0,0,0,0,0,0,'0000-00-00','0000-00-00','0000-00-00',0,0,0,0,0,0,NULL),(98,6,'262',17,'001','2017-10-06',0,0,'IA006/10/2017',0.5,4000,0,'',0,'','','','','','','0',0,0,0,0,0,0,'0000-00-00','0000-00-00','0000-00-00',0,0,0,0,0,0,NULL),(99,6,'325',17,'001','2017-10-06',0,0,'IA006/10/2017',0.82,600,0,'',0,'','','','','','','0',0,0,0,0,0,0,'0000-00-00','0000-00-00','0000-00-00',0,0,0,0,0,0,NULL),(100,6,'246',17,'001','2017-10-06',0,0,'IA006/10/2017',2.18,300,0,'',0,'','','','','','','0',0,0,0,0,0,0,'0000-00-00','0000-00-00','0000-00-00',0,0,0,0,0,0,NULL),(101,7,'324',17,'001','2017-10-06',0,0,'IA007/10/2017',1,300,0,'',0,'','','','','','','0',0,0,0,0,0,0,'0000-00-00','0000-00-00','0000-00-00',0,0,0,0,0,0,NULL),(102,7,'235',17,'001','2017-10-06',0,0,'IA007/10/2017',1,500,0,'',0,'','','','','','','0',0,0,0,0,0,0,'0000-00-00','0000-00-00','0000-00-00',0,0,0,0,0,0,NULL),(103,7,'327',17,'001','2017-10-06',0,0,'IA007/10/2017',3,1500,0,'',0,'','','','','','','0',0,0,0,0,0,0,'0000-00-00','0000-00-00','0000-00-00',0,0,0,0,0,0,NULL),(104,7,'251',17,'001','2017-10-06',0,0,'IA007/10/2017',1,2500,0,'',0,'','','','','','','0',0,0,0,0,0,0,'0000-00-00','0000-00-00','0000-00-00',0,0,0,0,0,0,NULL),(105,7,'236',17,'001','2017-10-06',0,0,'IA007/10/2017',1,500,0,'',0,'','','','','','','0',0,0,0,0,0,0,'0000-00-00','0000-00-00','0000-00-00',0,0,0,0,0,0,NULL),(106,7,'250',17,'001','2017-10-06',0,0,'IA007/10/2017',0.89,300,0,'',0,'','','','','','','0',0,0,0,0,0,0,'0000-00-00','0000-00-00','0000-00-00',0,0,0,0,0,0,NULL),(107,7,'248',17,'001','2017-10-06',0,0,'IA007/10/2017',1.5,300,0,'',0,'','','','','','','0',0,0,0,0,0,0,'0000-00-00','0000-00-00','0000-00-00',0,0,0,0,0,0,NULL),(108,7,'234',17,'001','2017-10-06',0,0,'IA007/10/2017',0.25,500,0,'',0,'','','','','','','0',0,0,0,0,0,0,'0000-00-00','0000-00-00','0000-00-00',0,0,0,0,0,0,NULL),(109,7,'231',17,'001','2017-10-06',0,0,'IA007/10/2017',4,350,0,'',0,'','','','','','','0',0,0,0,0,0,0,'0000-00-00','0000-00-00','0000-00-00',0,0,0,0,0,0,NULL),(110,7,'232',17,'001','2017-10-06',0,0,'IA007/10/2017',2,350,0,'',0,'','','','','','','0',0,0,0,0,0,0,'0000-00-00','0000-00-00','0000-00-00',0,0,0,0,0,0,NULL),(111,7,'252',17,'001','2017-10-06',0,0,'IA007/10/2017',0.36,1500,0,'',0,'','','','','','','0',0,0,0,0,0,0,'0000-00-00','0000-00-00','0000-00-00',0,0,0,0,0,0,NULL),(112,7,'263',17,'001','2017-10-06',0,0,'IA007/10/2017',26,60,0,'',0,'','','','','','','0',0,0,0,0,0,0,'0000-00-00','0000-00-00','0000-00-00',0,0,0,0,0,0,NULL),(113,7,'249',17,'001','2017-10-06',0,0,'IA007/10/2017',0.78,1500,0,'',0,'','','','','','','0',0,0,0,0,0,0,'0000-00-00','0000-00-00','0000-00-00',0,0,0,0,0,0,NULL),(114,1,'OB',25,'001','2017-10-05',1,36979,'',1,0,0,'0',0,'1','','','','','','',0,0,0,0,0,0,'0000-00-00','0000-00-00','0000-00-00',0,0,0,0,0,0,NULL),(115,8,'749',17,'001','2017-10-07',0,0,'IA008/10/2017',5,1800,0,'',0,'','','','','','','0',0,0,0,0,0,0,'0000-00-00','0000-00-00','0000-00-00',0,0,0,0,0,0,NULL),(116,8,'753',17,'001','2017-10-07',0,0,'IA008/10/2017',4,1800,0,'',0,'','','','','','','0',0,0,0,0,0,0,'0000-00-00','0000-00-00','0000-00-00',0,0,0,0,0,0,NULL),(117,8,'748',17,'001','2017-10-07',0,0,'IA008/10/2017',5,1800,0,'',0,'','','','','','','0',0,0,0,0,0,0,'0000-00-00','0000-00-00','0000-00-00',0,0,0,0,0,0,NULL),(118,8,'755',17,'001','2017-10-07',0,0,'IA008/10/2017',5,1800,0,'',0,'','','','','','','0',0,0,0,0,0,0,'0000-00-00','0000-00-00','0000-00-00',0,0,0,0,0,0,NULL),(119,8,'754',17,'001','2017-10-07',0,0,'IA008/10/2017',2,1800,0,'',0,'','','','','','','0',0,0,0,0,0,0,'0000-00-00','0000-00-00','0000-00-00',0,0,0,0,0,0,NULL),(120,8,'757',17,'001','2017-10-07',0,0,'IA008/10/2017',3,1800,0,'',0,'','','','','','','0',0,0,0,0,0,0,'0000-00-00','0000-00-00','0000-00-00',0,0,0,0,0,0,NULL),(121,8,'756',17,'001','2017-10-07',0,0,'IA008/10/2017',5,1800,0,'',0,'','','','','','','0',0,0,0,0,0,0,'0000-00-00','0000-00-00','0000-00-00',0,0,0,0,0,0,NULL),(122,8,'746',17,'001','2017-10-07',0,0,'IA008/10/2017',2,1800,0,'',0,'','','','','','','0',0,0,0,0,0,0,'0000-00-00','0000-00-00','0000-00-00',0,0,0,0,0,0,NULL),(123,8,'751',17,'001','2017-10-07',0,0,'IA008/10/2017',3,1800,0,'',0,'','','','','','','0',0,0,0,0,0,0,'0000-00-00','0000-00-00','0000-00-00',0,0,0,0,0,0,NULL),(124,8,'745',17,'001','2017-10-07',0,0,'IA008/10/2017',2,1800,0,'',0,'','','','','','','0',0,0,0,0,0,0,'0000-00-00','0000-00-00','0000-00-00',0,0,0,0,0,0,NULL),(125,8,'747',17,'001','2017-10-07',0,0,'IA008/10/2017',3,1800,0,'',0,'','','','','','','0',0,0,0,0,0,0,'0000-00-00','0000-00-00','0000-00-00',0,0,0,0,0,0,NULL),(126,8,'741',17,'001','2017-10-07',0,0,'IA008/10/2017',2,1800,0,'',0,'','','','','','','0',0,0,0,0,0,0,'0000-00-00','0000-00-00','0000-00-00',0,0,0,0,0,0,NULL),(127,8,'752',17,'001','2017-10-07',0,0,'IA008/10/2017',2,1800,0,'',0,'','','','','','','0',0,0,0,0,0,0,'0000-00-00','0000-00-00','0000-00-00',0,0,0,0,0,0,NULL),(128,8,'742',17,'001','2017-10-07',0,0,'IA008/10/2017',2,1800,0,'',0,'','','','','','','0',0,0,0,0,0,0,'0000-00-00','0000-00-00','0000-00-00',0,0,0,0,0,0,NULL),(129,8,'750',17,'001','2017-10-07',0,0,'IA008/10/2017',5,1800,0,'',0,'','','','','','','0',0,0,0,0,0,0,'0000-00-00','0000-00-00','0000-00-00',0,0,0,0,0,0,NULL),(130,8,'744',17,'001','2017-10-07',0,0,'IA008/10/2017',1,1800,0,'',0,'','','','','','','0',0,0,0,0,0,0,'0000-00-00','0000-00-00','0000-00-00',0,0,0,0,0,0,NULL),(131,8,'347',17,'001','2017-10-07',0,0,'IA008/10/2017',1,1500,0,'',0,'','','','','','','0',0,0,0,0,0,0,'0000-00-00','0000-00-00','0000-00-00',0,0,0,0,0,0,NULL),(132,8,'349',17,'001','2017-10-07',0,0,'IA008/10/2017',2,1500,0,'',0,'','','','','','','0',0,0,0,0,0,0,'0000-00-00','0000-00-00','0000-00-00',0,0,0,0,0,0,NULL),(133,8,'348',17,'001','2017-10-07',0,0,'IA008/10/2017',2,1500,0,'',0,'','','','','','','0',0,0,0,0,0,0,'0000-00-00','0000-00-00','0000-00-00',0,0,0,0,0,0,NULL),(134,8,'204',17,'001','2017-10-07',0,0,'IA008/10/2017',13,130,0,'',0,'','','','','','','0',0,0,0,0,0,0,'0000-00-00','0000-00-00','0000-00-00',0,0,0,0,0,0,NULL),(135,8,'344',17,'001','2017-10-07',0,0,'IA008/10/2017',2,500,0,'',0,'','','','','','','0',0,0,0,0,0,0,'0000-00-00','0000-00-00','0000-00-00',0,0,0,0,0,0,NULL),(136,9,'345',17,'001','2017-10-07',0,0,'IA009/10/2017',24,100,0,'',0,'','','','','','','0',0,0,0,0,0,0,'0000-00-00','0000-00-00','0000-00-00',0,0,0,0,0,0,NULL),(137,9,'343',17,'001','2017-10-07',0,0,'IA009/10/2017',4,100,0,'',0,'','','','','','','0',0,0,0,0,0,0,'0000-00-00','0000-00-00','0000-00-00',0,0,0,0,0,0,NULL),(138,9,'342',17,'001','2017-10-07',0,0,'IA009/10/2017',2,300,0,'',0,'','','','','','','0',0,0,0,0,0,0,'0000-00-00','0000-00-00','0000-00-00',0,0,0,0,0,0,NULL),(139,9,'341',17,'001','2017-10-07',0,0,'IA009/10/2017',2,450,0,'',0,'','','','','','','0',0,0,0,0,0,0,'0000-00-00','0000-00-00','0000-00-00',0,0,0,0,0,0,NULL),(140,9,'340',17,'001','2017-10-07',0,0,'IA009/10/2017',2,300,0,'',0,'','','','','','','0',0,0,0,0,0,0,'0000-00-00','0000-00-00','0000-00-00',0,0,0,0,0,0,NULL),(141,9,'339',17,'001','2017-10-07',0,0,'IA009/10/2017',2,450,0,'',0,'','','','','','','0',0,0,0,0,0,0,'0000-00-00','0000-00-00','0000-00-00',0,0,0,0,0,0,NULL),(142,9,'338',17,'001','2017-10-07',0,0,'IA009/10/2017',4,300,0,'',0,'','','','','','','0',0,0,0,0,0,0,'0000-00-00','0000-00-00','0000-00-00',0,0,0,0,0,0,NULL),(143,9,'375',17,'001','2017-10-07',0,0,'IA009/10/2017',2,5000,0,'',0,'','','','','','','0',0,0,0,0,0,0,'0000-00-00','0000-00-00','0000-00-00',0,0,0,0,0,0,NULL),(144,9,'374',17,'001','2017-10-07',0,0,'IA009/10/2017',3,5000,0,'',0,'','','','','','','0',0,0,0,0,0,0,'0000-00-00','0000-00-00','0000-00-00',0,0,0,0,0,0,NULL),(145,9,'818',17,'001','2017-10-07',0,0,'IA009/10/2017',7,140,0,'',0,'','','','','','','0',0,0,0,0,0,0,'0000-00-00','0000-00-00','0000-00-00',0,0,0,0,0,0,NULL),(146,9,'819',17,'001','2017-10-07',0,0,'IA009/10/2017',5,180,0,'',0,'','','','','','','0',0,0,0,0,0,0,'0000-00-00','0000-00-00','0000-00-00',0,0,0,0,0,0,NULL),(147,9,'362',17,'001','2017-10-07',0,0,'IA009/10/2017',1,800,0,'',0,'','','','','','','0',0,0,0,0,0,0,'0000-00-00','0000-00-00','0000-00-00',0,0,0,0,0,0,NULL),(148,9,'363',17,'001','2017-10-07',0,0,'IA009/10/2017',5,400,0,'',0,'','','','','','','0',0,0,0,0,0,0,'0000-00-00','0000-00-00','0000-00-00',0,0,0,0,0,0,NULL),(149,9,'365',17,'001','2017-10-07',0,0,'IA009/10/2017',3,200,0,'',0,'','','','','','','0',0,0,0,0,0,0,'0000-00-00','0000-00-00','0000-00-00',0,0,0,0,0,0,NULL),(150,9,'366',17,'001','2017-10-07',0,0,'IA009/10/2017',3,200,0,'',0,'','','','','','','0',0,0,0,0,0,0,'0000-00-00','0000-00-00','0000-00-00',0,0,0,0,0,0,NULL),(151,9,'297',17,'001','2017-10-07',0,0,'IA009/10/2017',10,200,0,'',0,'','','','','','','',0,0,0,0,0,0,'0000-00-00','0000-00-00','0000-00-00',0,0,0,0,0,0,NULL),(152,9,'355',17,'001','2017-10-07',0,0,'IA009/10/2017',15,200,0,'',0,'','','','','','','0',0,0,0,0,0,0,'0000-00-00','0000-00-00','0000-00-00',0,0,0,0,0,0,NULL),(153,9,'357',17,'001','2017-10-07',0,0,'IA009/10/2017',20,200,0,'',0,'','','','','','','0',0,0,0,0,0,0,'0000-00-00','0000-00-00','0000-00-00',0,0,0,0,0,0,NULL),(154,9,'356',17,'001','2017-10-07',0,0,'IA009/10/2017',2,200,0,'',0,'','','','','','','0',0,0,0,0,0,0,'0000-00-00','0000-00-00','0000-00-00',0,0,0,0,0,0,NULL),(155,9,'702',17,'001','2017-10-07',0,0,'IA009/10/2017',400,14,0,'',0,'','','','','','','0',0,0,0,0,0,0,'0000-00-00','0000-00-00','0000-00-00',0,0,0,0,0,0,NULL),(156,9,'705',17,'001','2017-10-07',0,0,'IA009/10/2017',3,40,0,'',0,'','','','','','','0',0,0,0,0,0,0,'0000-00-00','0000-00-00','0000-00-00',0,0,0,0,0,0,NULL),(157,9,'380',17,'001','2017-10-07',0,0,'IA009/10/2017',3,600,0,'',0,'','','','','','','0',0,0,0,0,0,0,'0000-00-00','0000-00-00','0000-00-00',0,0,0,0,0,0,NULL),(158,9,'823',17,'001','2017-10-07',0,0,'IA009/10/2017',24,195,0,'',0,'','','','','','','0',0,0,0,0,0,0,'0000-00-00','0000-00-00','0000-00-00',0,0,0,0,0,0,NULL),(159,10,'762',17,'001','2017-10-07',0,0,'IA010/10/2017',1,600,0,'',0,'','','','','','','0',0,0,0,0,0,0,'0000-00-00','0000-00-00','0000-00-00',0,0,0,0,0,0,NULL),(160,10,'281',17,'001','2017-10-07',0,0,'IA010/10/2017',2,150,0,'',0,'','','','','','','0',0,0,0,0,0,0,'0000-00-00','0000-00-00','0000-00-00',0,0,0,0,0,0,NULL),(161,10,'761',17,'001','2017-10-07',0,0,'IA010/10/2017',3,350,0,'',0,'','','','','','','0',0,0,0,0,0,0,'0000-00-00','0000-00-00','0000-00-00',0,0,0,0,0,0,NULL),(162,10,'763',17,'001','2017-10-07',0,0,'IA010/10/2017',2,300,0,'',0,'','','','','','','0',0,0,0,0,0,0,'0000-00-00','0000-00-00','0000-00-00',0,0,0,0,0,0,NULL),(163,10,'764',17,'001','2017-10-07',0,0,'IA010/10/2017',2,100,0,'',0,'','','','','','','0',0,0,0,0,0,0,'0000-00-00','0000-00-00','0000-00-00',0,0,0,0,0,0,NULL),(164,10,'765',17,'001','2017-10-07',0,0,'IA010/10/2017',1,120,0,'',0,'','','','','','','0',0,0,0,0,0,0,'0000-00-00','0000-00-00','0000-00-00',0,0,0,0,0,0,NULL),(165,10,'766',17,'001','2017-10-07',0,0,'IA010/10/2017',6,200,0,'',0,'','','','','','','0',0,0,0,0,0,0,'0000-00-00','0000-00-00','0000-00-00',0,0,0,0,0,0,NULL),(166,10,'767',17,'001','2017-10-07',0,0,'IA010/10/2017',12,250,0,'',0,'','','','','','','0',0,0,0,0,0,0,'0000-00-00','0000-00-00','0000-00-00',0,0,0,0,0,0,NULL),(167,10,'769',17,'001','2017-10-07',0,0,'IA010/10/2017',1,100,0,'',0,'','','','','','','0',0,0,0,0,0,0,'0000-00-00','0000-00-00','0000-00-00',0,0,0,0,0,0,NULL),(168,10,'770',17,'001','2017-10-07',0,0,'IA010/10/2017',3,200,0,'',0,'','','','','','','0',0,0,0,0,0,0,'0000-00-00','0000-00-00','0000-00-00',0,0,0,0,0,0,NULL),(169,10,'772',17,'001','2017-10-07',0,0,'IA010/10/2017',7,250,0,'',0,'','','','','','','0',0,0,0,0,0,0,'0000-00-00','0000-00-00','0000-00-00',0,0,0,0,0,0,NULL),(170,10,'773',17,'001','2017-10-07',0,0,'IA010/10/2017',3,350,0,'',0,'','','','','','','0',0,0,0,0,0,0,'0000-00-00','0000-00-00','0000-00-00',0,0,0,0,0,0,NULL),(171,10,'774',17,'001','2017-10-07',0,0,'IA010/10/2017',2,250,0,'',0,'','','','','','','0',0,0,0,0,0,0,'0000-00-00','0000-00-00','0000-00-00',0,0,0,0,0,0,NULL),(172,10,'775',17,'001','2017-10-07',0,0,'IA010/10/2017',15,150,0,'',0,'','','','','','','0',0,0,0,0,0,0,'0000-00-00','0000-00-00','0000-00-00',0,0,0,0,0,0,NULL),(173,10,'776',17,'001','2017-10-07',0,0,'IA010/10/2017',1,400,0,'',0,'','','','','','','0',0,0,0,0,0,0,'0000-00-00','0000-00-00','0000-00-00',0,0,0,0,0,0,NULL),(174,10,'777',17,'001','2017-10-07',0,0,'IA010/10/2017',1,2500,0,'',0,'','','','','','','0',0,0,0,0,0,0,'0000-00-00','0000-00-00','0000-00-00',0,0,0,0,0,0,NULL),(175,10,'778',17,'001','2017-10-07',0,0,'IA010/10/2017',2,150,0,'',0,'','','','','','','0',0,0,0,0,0,0,'0000-00-00','0000-00-00','0000-00-00',0,0,0,0,0,0,NULL),(176,10,'779',17,'001','2017-10-07',0,0,'IA010/10/2017',6,100,0,'',0,'','','','','','','0',0,0,0,0,0,0,'0000-00-00','0000-00-00','0000-00-00',0,0,0,0,0,0,NULL),(177,10,'780',17,'001','2017-10-07',0,0,'IA010/10/2017',2,1500,0,'',0,'','','','','','','0',0,0,0,0,0,0,'0000-00-00','0000-00-00','0000-00-00',0,0,0,0,0,0,NULL),(178,10,'781',17,'001','2017-10-07',0,0,'IA010/10/2017',24,150,0,'',0,'','','','','','','0',0,0,0,0,0,0,'0000-00-00','0000-00-00','0000-00-00',0,0,0,0,0,0,NULL),(179,10,'782',17,'001','2017-10-07',0,0,'IA010/10/2017',2,250,0,'',0,'','','','','','','0',0,0,0,0,0,0,'0000-00-00','0000-00-00','0000-00-00',0,0,0,0,0,0,NULL),(180,10,'783',17,'001','2017-10-07',0,0,'IA010/10/2017',3,90,0,'',0,'','','','','','','0',0,0,0,0,0,0,'0000-00-00','0000-00-00','0000-00-00',0,0,0,0,0,0,NULL),(181,10,'784',17,'001','2017-10-07',0,0,'IA010/10/2017',50,8,0,'',0,'','','','','','','0',0,0,0,0,0,0,'0000-00-00','0000-00-00','0000-00-00',0,0,0,0,0,0,NULL),(182,10,'785',17,'001','2017-10-07',0,0,'IA010/10/2017',1,25,0,'',0,'','','','','','','0',0,0,0,0,0,0,'0000-00-00','0000-00-00','0000-00-00',0,0,0,0,0,0,NULL),(183,10,'786',17,'001','2017-10-07',0,0,'IA010/10/2017',4,1000,0,'',0,'','','','','','','0',0,0,0,0,0,0,'0000-00-00','0000-00-00','0000-00-00',0,0,0,0,0,0,NULL),(184,10,'787',17,'001','2017-10-07',0,0,'IA010/10/2017',0.85,250,0,'',0,'','','','','','','0',0,0,0,0,0,0,'0000-00-00','0000-00-00','0000-00-00',0,0,0,0,0,0,NULL),(185,10,'788',17,'001','2017-10-07',0,0,'IA010/10/2017',0.48,4000,0,'',0,'','','','','','','0',0,0,0,0,0,0,'0000-00-00','0000-00-00','0000-00-00',0,0,0,0,0,0,NULL),(186,10,'789',17,'001','2017-10-07',0,0,'IA010/10/2017',2,150,0,'',0,'','','','','','','0',0,0,0,0,0,0,'0000-00-00','0000-00-00','0000-00-00',0,0,0,0,0,0,NULL),(187,10,'790',17,'001','2017-10-07',0,0,'IA010/10/2017',11.6,130,0,'',0,'','','','','','','0',0,0,0,0,0,0,'0000-00-00','0000-00-00','0000-00-00',0,0,0,0,0,0,NULL),(188,10,'791',17,'001','2017-10-07',0,0,'IA010/10/2017',5,160,0,'',0,'','','','','','','0',0,0,0,0,0,0,'0000-00-00','0000-00-00','0000-00-00',0,0,0,0,0,0,NULL),(189,11,'791',17,'001','2017-10-07',0,0,'IA011/10/2017',5,160,0,'',0,'','','','','','','0',0,0,0,0,0,0,'0000-00-00','0000-00-00','0000-00-00',0,0,0,0,0,0,NULL),(190,11,'792',17,'001','2017-10-07',0,0,'IA011/10/2017',4,250,0,'',0,'','','','','','','0',0,0,0,0,0,0,'0000-00-00','0000-00-00','0000-00-00',0,0,0,0,0,0,NULL),(191,11,'793',17,'001','2017-10-07',0,0,'IA011/10/2017',1,680,0,'',0,'','','','','','','0',0,0,0,0,0,0,'0000-00-00','0000-00-00','0000-00-00',0,0,0,0,0,0,NULL),(192,11,'794',17,'001','2017-10-07',0,0,'IA011/10/2017',5,150,0,'',0,'','','','','','','0',0,0,0,0,0,0,'0000-00-00','0000-00-00','0000-00-00',0,0,0,0,0,0,NULL),(193,11,'795',17,'001','2017-10-07',0,0,'IA011/10/2017',4,250,0,'',0,'','','','','','','0',0,0,0,0,0,0,'0000-00-00','0000-00-00','0000-00-00',0,0,0,0,0,0,NULL),(194,11,'796',17,'001','2017-10-07',0,0,'IA011/10/2017',1,250,0,'',0,'','','','','','','0',0,0,0,0,0,0,'0000-00-00','0000-00-00','0000-00-00',0,0,0,0,0,0,NULL),(195,12,'529',17,'001','2017-10-07',0,0,'IA012/10/2017',12,850,0,'',0,'','','','','','','0',0,0,0,0,0,0,'0000-00-00','0000-00-00','0000-00-00',0,0,0,0,0,0,NULL),(196,12,'528',17,'001','2017-10-07',0,0,'IA012/10/2017',24,1100,0,'',0,'','','','','','','0',0,0,0,0,0,0,'0000-00-00','0000-00-00','0000-00-00',0,0,0,0,0,0,NULL),(197,12,'517',17,'001','2017-10-07',0,0,'IA012/10/2017',5,325,0,'',0,'','','','','','','0',0,0,0,0,0,0,'0000-00-00','0000-00-00','0000-00-00',0,0,0,0,0,0,NULL),(198,12,'533',17,'001','2017-10-07',0,0,'IA012/10/2017',5,100,0,'',0,'','','','','','','0',0,0,0,0,0,0,'0000-00-00','0000-00-00','0000-00-00',0,0,0,0,0,0,NULL),(199,12,'518',17,'001','2017-10-07',0,0,'IA012/10/2017',12,100,0,'',0,'','','','','','','0',0,0,0,0,0,0,'0000-00-00','0000-00-00','0000-00-00',0,0,0,0,0,0,NULL),(200,2,'OB',25,'DEF','2017-10-05',16,0,'',157188,0,0,'0',0,'1','','','','','','',0,0,0,0,0,0,'0000-00-00','0000-00-00','0000-00-00',0,0,0,0,0,0,NULL),(201,3,'OB',25,'DEF','2017-10-05',17,22652,'',1,0,0,'0',0,'1','','','','','','',0,0,0,0,0,0,'0000-00-00','0000-00-00','0000-00-00',0,0,0,0,0,0,NULL),(202,4,'OB',25,'DEF','2017-10-05',7,20944,'',1,0,0,'0',0,'1','','','','','','',0,0,0,0,0,0,'0000-00-00','0000-00-00','0000-00-00',0,0,0,0,0,0,NULL),(203,5,'OB',25,'DEF','2017-10-05',14,39720,'',1,0,0,'0',0,'1','','','','','','',0,0,0,0,0,0,'0000-00-00','0000-00-00','0000-00-00',0,0,0,0,0,0,NULL),(204,6,'OB',25,'DEF','2017-10-05',3,73218,'',1,0,0,'0',0,'1','','','','','','',0,0,0,0,0,0,'0000-00-00','0000-00-00','0000-00-00',0,0,0,0,0,0,NULL),(205,7,'OB',25,'DEF','2017-10-05',2,33851,'',1,0,0,'0',0,'1','','','','','','',0,0,0,0,0,0,'0000-00-00','0000-00-00','0000-00-00',0,0,0,0,0,0,NULL),(206,8,'OB',25,'DEF','2017-10-05',6,95000,'',1,0,0,'0',0,'1','','','','','','',0,0,0,0,0,0,'0000-00-00','0000-00-00','0000-00-00',0,0,0,0,0,0,NULL),(207,9,'OB',25,'DEF','2017-10-05',18,10800,'',1,0,0,'0',0,'1','','','','','','',0,0,0,0,0,0,'0000-00-00','0000-00-00','0000-00-00',0,0,0,0,0,0,NULL),(208,10,'OB',25,'DEF','2017-10-05',8,43156,'',1,0,0,'0',0,'1','','','','','','',0,0,0,0,0,0,'0000-00-00','0000-00-00','0000-00-00',0,0,0,0,0,0,NULL),(209,11,'OB',25,'DEF','2017-10-05',19,855,'',1,0,0,'0',0,'1','','','','','','',0,0,0,0,0,0,'0000-00-00','0000-00-00','0000-00-00',0,0,0,0,0,0,NULL),(210,12,'OB',25,'DEF','2017-10-05',15,25480,'',1,0,0,'0',0,'1','','','','','','',0,0,0,0,0,0,'0000-00-00','0000-00-00','0000-00-00',0,0,0,0,0,0,NULL),(211,13,'380',25,'DEF','2017-10-06',15,480,'',2,552,0,'0',0,'1','','','','','','',0,0,0,0,0,0,'0000-00-00','0000-00-00','0000-00-00',0,0,0,0,0,0,NULL),(212,13,'233',25,'DEF','2017-10-06',15,95,'',24,95,0,'0',0,'1','','','','','','',0,0,0,0,0,0,'0000-00-00','0000-00-00','0000-00-00',0,0,0,0,0,0,NULL),(213,13,'281',25,'DEF','2017-10-06',15,165,'',2,157.5,0,'0',0,'1','','','','','','',0,0,0,0,0,0,'0000-00-00','0000-00-00','0000-00-00',0,0,0,0,0,0,NULL),(214,13,'794',25,'DEF','2017-10-06',15,335,'',2,202.85714285714,0,'0',0,'1','','','','','','',0,0,0,0,0,0,'0000-00-00','0000-00-00','0000-00-00',0,0,0,0,0,0,NULL),(215,13,'710',25,'DEF','2017-10-06',15,30,'',1,30,0,'0',0,'1','','','','','','',0,0,0,0,0,0,'0000-00-00','0000-00-00','0000-00-00',0,0,0,0,0,0,NULL),(216,13,'712',25,'DEF','2017-10-06',15,920,'',1,920,0,'0',0,'1','','','','','','',0,0,0,0,0,0,'0000-00-00','0000-00-00','0000-00-00',0,0,0,0,0,0,NULL),(217,14,'OB',25,'DEF','2017-10-05',16,157188,'',1,0,0,'0',0,'1','','','','','','',0,0,0,0,0,0,'0000-00-00','0000-00-00','0000-00-00',0,0,0,0,0,0,NULL),(218,15,'OB',25,'DEF','2017-10-05',15,20190,'',1,0,0,'0',0,'1','','','','','','',0,0,0,0,0,0,'0000-00-00','0000-00-00','0000-00-00',0,0,0,0,0,0,NULL),(219,16,'OB',25,'DEF','2017-10-07',14,39720,'',1,0,0,'0',0,'1','','','','','','',0,0,0,0,0,0,'0000-00-00','0000-00-00','0000-00-00',0,0,0,0,0,0,NULL),(220,17,'OB',25,'DEF','2017-10-07',7,20944,'',1,0,0,'0',0,'1','','','','','','',0,0,0,0,0,0,'0000-00-00','0000-00-00','0000-00-00',0,0,0,0,0,0,NULL),(221,13,'206',17,'001','2017-10-07',0,0,'IA013/10/2017',7,500,0,'',0,'','','','','','','0',0,0,0,0,0,0,'0000-00-00','0000-00-00','0000-00-00',0,0,0,0,0,0,NULL),(222,13,'201',17,'001','2017-10-07',0,0,'IA013/10/2017',4,280,0,'',0,'','','','','','','0',0,0,0,0,0,0,'0000-00-00','0000-00-00','0000-00-00',0,0,0,0,0,0,NULL),(223,13,'820',17,'001','2017-10-07',0,0,'IA013/10/2017',1,140,0,'',0,'','','','','','','0',0,0,0,0,0,0,'0000-00-00','0000-00-00','0000-00-00',0,0,0,0,0,0,NULL),(224,13,'759',17,'001','2017-10-07',0,0,'IA013/10/2017',10,1200,0,'',0,'','','','','','','0',0,0,0,0,0,0,'0000-00-00','0000-00-00','0000-00-00',0,0,0,0,0,0,NULL),(225,13,'415',17,'001','2017-10-07',0,0,'IA013/10/2017',2,450,0,'',0,'','','','','','','0',0,0,0,0,0,0,'0000-00-00','0000-00-00','0000-00-00',0,0,0,0,0,0,NULL),(226,13,'404',17,'001','2017-10-07',0,0,'IA013/10/2017',1.9,250,0,'',0,'','','','','','','0',0,0,0,0,0,0,'0000-00-00','0000-00-00','0000-00-00',0,0,0,0,0,0,NULL),(227,13,'413',17,'001','2017-10-07',0,0,'IA013/10/2017',2.9,290,0,'',0,'','','','','','','0',0,0,0,0,0,0,'0000-00-00','0000-00-00','0000-00-00',0,0,0,0,0,0,NULL),(228,13,'205',17,'001','2017-10-07',0,0,'IA013/10/2017',10,500,0,'',0,'','','','','','','0',0,0,0,0,0,0,'0000-00-00','0000-00-00','0000-00-00',0,0,0,0,0,0,NULL),(229,13,'103',17,'001','2017-10-07',0,0,'IA013/10/2017',4,400,0,'',0,'','','','','','','0',0,0,0,0,0,0,'0000-00-00','0000-00-00','0000-00-00',0,0,0,0,0,0,NULL),(230,13,'101',17,'001','2017-10-07',0,0,'IA013/10/2017',8,363,0,'',0,'','','','','','','0',0,0,0,0,0,0,'0000-00-00','0000-00-00','0000-00-00',0,0,0,0,0,0,NULL),(231,13,'107',17,'001','2017-10-07',0,0,'IA013/10/2017',72,50,0,'',0,'','','','','','','0',0,0,0,0,0,0,'0000-00-00','0000-00-00','0000-00-00',0,0,0,0,0,0,NULL),(232,13,'104',17,'001','2017-10-07',0,0,'IA013/10/2017',6,290,0,'',0,'','','','','','','0',0,0,0,0,0,0,'0000-00-00','0000-00-00','0000-00-00',0,0,0,0,0,0,NULL),(233,13,'106',17,'001','2017-10-07',0,0,'IA013/10/2017',11,360,0,'',0,'','','','','','','0',0,0,0,0,0,0,'0000-00-00','0000-00-00','0000-00-00',0,0,0,0,0,0,NULL),(234,13,'350',17,'001','2017-10-07',0,0,'IA013/10/2017',4,800,0,'',0,'','','','','','','0',0,0,0,0,0,0,'0000-00-00','0000-00-00','0000-00-00',0,0,0,0,0,0,NULL),(235,13,'153',17,'001','2017-10-07',0,0,'IA013/10/2017',10.7,1300,0,'',0,'','','','','','','0',0,0,0,0,0,0,'0000-00-00','0000-00-00','0000-00-00',0,0,0,0,0,0,NULL),(236,13,'154',17,'001','2017-10-07',0,0,'IA013/10/2017',4,1000,0,'',0,'','','','','','','0',0,0,0,0,0,0,'0000-00-00','0000-00-00','0000-00-00',0,0,0,0,0,0,NULL),(237,13,'328',17,'001','2017-10-07',0,0,'IA013/10/2017',2,500,0,'',0,'','','','','','','0',0,0,0,0,0,0,'0000-00-00','0000-00-00','0000-00-00',0,0,0,0,0,0,NULL),(238,18,'294',25,'001','2017-10-07',15,91.67,'',24,127.42193548387,0,'0',0,'1','','','','','','',0,0,0,0,0,0,'0000-00-00','0000-00-00','0000-00-00',0,0,0,0,0,0,NULL),(239,18,'272',25,'001','2017-10-07',15,560,'',2,560,0,'0',0,'1','','','','','','',0,0,0,0,0,0,'0000-00-00','0000-00-00','0000-00-00',0,0,0,0,0,0,NULL),(240,18,'233',25,'001','2017-10-07',15,93.34,'',48,93.893333333333,0,'0',0,'1','','','','','','',0,0,0,0,0,0,'0000-00-00','0000-00-00','0000-00-00',0,0,0,0,0,0,NULL),(241,18,'371',25,'001','2017-10-07',15,170,'',10,176,0,'0',0,'1','','','','','','',0,0,0,0,0,0,'0000-00-00','0000-00-00','0000-00-00',0,0,0,0,0,0,NULL),(242,18,'306',25,'001','2017-10-07',15,220,'',2,360,0,'0',0,'1','','','','','','',0,0,0,0,0,0,'0000-00-00','0000-00-00','0000-00-00',0,0,0,0,0,0,NULL),(243,18,'204',25,'001','2017-10-07',15,120,'',12,125.2,0,'0',0,'1','','','','','','',0,0,0,0,0,0,'0000-00-00','0000-00-00','0000-00-00',0,0,0,0,0,0,NULL),(244,18,'821',25,'001','2017-10-07',15,145,'',1,145,0,'0',0,'1','','','','','','',0,0,0,0,0,0,'0000-00-00','0000-00-00','0000-00-00',0,0,0,0,0,0,NULL),(245,18,'265',25,'001','2017-10-07',15,60,'',10,60,0,'0',0,'1','','','','','','',0,0,0,0,0,0,'0000-00-00','0000-00-00','0000-00-00',0,0,0,0,0,0,NULL),(246,18,'798',25,'001','2017-10-07',15,620,'',1,620,0,'0',0,'1','','','','','','',0,0,0,0,0,0,'0000-00-00','0000-00-00','0000-00-00',0,0,0,0,0,0,NULL),(247,18,'232',25,'001','2017-10-07',15,220,'',2,285,0,'0',0,'1','','','','','','',0,0,0,0,0,0,'0000-00-00','0000-00-00','0000-00-00',0,0,0,0,0,0,NULL),(248,14,'850',17,'001','2017-10-07',0,0,'IA014/10/2017',3,180,0,'',0,'','','','','','','0',0,0,0,0,0,0,'0000-00-00','0000-00-00','0000-00-00',0,0,0,0,0,0,NULL),(249,14,'327',17,'001','2017-10-07',0,0,'IA014/10/2017',1,1500,0,'',0,'','','','','','','0',0,0,0,0,0,0,'0000-00-00','0000-00-00','0000-00-00',0,0,0,0,0,0,NULL),(250,14,'851',17,'001','2017-10-07',0,0,'IA014/10/2017',0.5,1200,0,'',0,'','','','','','','0',0,0,0,0,0,0,'0000-00-00','0000-00-00','0000-00-00',0,0,0,0,0,0,NULL),(251,14,'324',17,'001','2017-10-07',0,0,'IA014/10/2017',4.4,300,0,'',0,'','','','','','','0',0,0,0,0,0,0,'0000-00-00','0000-00-00','0000-00-00',0,0,0,0,0,0,NULL),(252,14,'852',17,'001','2017-10-07',0,0,'IA014/10/2017',1.5,300,0,'',0,'','','','','','','0',0,0,0,0,0,0,'0000-00-00','0000-00-00','0000-00-00',0,0,0,0,0,0,NULL),(253,14,'853',17,'001','2017-10-07',0,0,'IA014/10/2017',1.5,300,0,'',0,'','','','','','','0',0,0,0,0,0,0,'0000-00-00','0000-00-00','0000-00-00',0,0,0,0,0,0,NULL),(254,14,'854',17,'001','2017-10-07',0,0,'IA014/10/2017',2,1100,0,'',0,'','','','','','','0',0,0,0,0,0,0,'0000-00-00','0000-00-00','0000-00-00',0,0,0,0,0,0,NULL),(255,14,'1100',17,'001','2017-10-07',0,0,'IA014/10/2017',1.8,200,0,'',0,'','','','','','','0',0,0,0,0,0,0,'0000-00-00','0000-00-00','0000-00-00',0,0,0,0,0,0,NULL),(256,14,'855',17,'001','2017-10-07',0,0,'IA014/10/2017',1,1200,0,'',0,'','','','','','','0',0,0,0,0,0,0,'0000-00-00','0000-00-00','0000-00-00',0,0,0,0,0,0,NULL),(257,14,'856',17,'001','2017-10-07',0,0,'IA014/10/2017',1,2000,0,'',0,'','','','','','','0',0,0,0,0,0,0,'0000-00-00','0000-00-00','0000-00-00',0,0,0,0,0,0,NULL),(258,15,'537',17,'002','2017-10-07',0,0,'IA015/10/2017',4500,1.9782608696652,0,'',0,'','','','','','','0',0,0,0,0,0,0,'0000-00-00','0000-00-00','0000-00-00',0,0,0,0,0,0,NULL),(259,15,'504',17,'002','2017-10-07',0,0,'IA015/10/2017',67,800,0,'',0,'','','','','','','0',0,0,0,0,0,0,'0000-00-00','0000-00-00','0000-00-00',0,0,0,0,0,0,NULL),(260,15,'503',17,'002','2017-10-07',0,0,'IA015/10/2017',69,750,0,'',0,'','','','','','','0',0,0,0,0,0,0,'0000-00-00','0000-00-00','0000-00-00',0,0,0,0,0,0,NULL),(261,15,'502',17,'002','2017-10-07',0,0,'IA015/10/2017',32,400,0,'',0,'','','','','','','0',0,0,0,0,0,0,'0000-00-00','0000-00-00','0000-00-00',0,0,0,0,0,0,NULL),(262,15,'507',17,'002','2017-10-07',0,0,'IA015/10/2017',24,500,0,'',0,'','','','','','','0',0,0,0,0,0,0,'0000-00-00','0000-00-00','0000-00-00',0,0,0,0,0,0,NULL),(263,15,'509',17,'002','2017-10-07',0,0,'IA015/10/2017',3,300,0,'',0,'','','','','','','0',0,0,0,0,0,0,'0000-00-00','0000-00-00','0000-00-00',0,0,0,0,0,0,NULL),(264,15,'534',17,'002','2017-10-07',0,0,'IA015/10/2017',166,200,0,'',0,'','','','','','','0',0,0,0,0,0,0,'0000-00-00','0000-00-00','0000-00-00',0,0,0,0,0,0,NULL),(265,15,'538',17,'002','2017-10-07',0,0,'IA015/10/2017',4000,9,0,'',0,'','','','','','','0',0,0,0,0,0,0,'0000-00-00','0000-00-00','0000-00-00',0,0,0,0,0,0,NULL),(266,15,'536',17,'002','2017-10-07',0,0,'IA015/10/2017',4500,9,0,'',0,'','','','','','','0',0,0,0,0,0,0,'0000-00-00','0000-00-00','0000-00-00',0,0,0,0,0,0,NULL),(267,15,'542',17,'002','2017-10-07',0,0,'IA015/10/2017',4,13000,0,'',0,'','','','','','','0',0,0,0,0,0,0,'0000-00-00','0000-00-00','0000-00-00',0,0,0,0,0,0,NULL),(268,15,'543',17,'002','2017-10-07',0,0,'IA015/10/2017',16,1200,0,'',0,'','','','','','','0',0,0,0,0,0,0,'0000-00-00','0000-00-00','0000-00-00',0,0,0,0,0,0,NULL),(269,15,'517',17,'002','2017-10-07',0,0,'IA015/10/2017',70,325,0,'',0,'','','','','','','0',0,0,0,0,0,0,'0000-00-00','0000-00-00','0000-00-00',0,0,0,0,0,0,NULL),(270,15,'518',17,'002','2017-10-07',0,0,'IA015/10/2017',28,100,0,'',0,'','','','','','','0',0,0,0,0,0,0,'0000-00-00','0000-00-00','0000-00-00',0,0,0,0,0,0,NULL),(271,15,'531',17,'002','2017-10-07',0,0,'IA015/10/2017',88,1100,0,'',0,'','','','','','','0',0,0,0,0,0,0,'0000-00-00','0000-00-00','0000-00-00',0,0,0,0,0,0,NULL),(272,15,'505',17,'002','2017-10-07',0,0,'IA015/10/2017',4,650,0,'',0,'','','','','','','0',0,0,0,0,0,0,'0000-00-00','0000-00-00','0000-00-00',0,0,0,0,0,0,NULL),(273,15,'540',17,'002','2017-10-07',0,0,'IA015/10/2017',12,10000,0,'',0,'','','','','','','0',0,0,0,0,0,0,'0000-00-00','0000-00-00','0000-00-00',0,0,0,0,0,0,NULL),(274,15,'541',17,'002','2017-10-07',0,0,'IA015/10/2017',7,35000,0,'',0,'','','','','','','0',0,0,0,0,0,0,'0000-00-00','0000-00-00','0000-00-00',0,0,0,0,0,0,NULL),(275,15,'506',17,'002','2017-10-07',0,0,'IA015/10/2017',22,650,0,'',0,'','','','','','','0',0,0,0,0,0,0,'0000-00-00','0000-00-00','0000-00-00',0,0,0,0,0,0,NULL),(276,16,'531',17,'001','2017-10-07',0,0,'IA016/10/2017',74,1100,0,'',0,'','','','','','','0',0,0,0,0,0,0,'0000-00-00','0000-00-00','0000-00-00',0,0,0,0,0,0,NULL),(277,16,'514',17,'001','2017-10-07',0,0,'IA016/10/2017',23,100,0,'',0,'','','','','','','0',0,0,0,0,0,0,'0000-00-00','0000-00-00','0000-00-00',0,0,0,0,0,0,NULL),(278,16,'533',17,'001','2017-10-07',0,0,'IA016/10/2017',4,100,0,'',0,'','','','','','','0',0,0,0,0,0,0,'0000-00-00','0000-00-00','0000-00-00',0,0,0,0,0,0,NULL),(279,16,'517',17,'001','2017-10-07',0,0,'IA016/10/2017',33,325,0,'',0,'','','','','','','0',0,0,0,0,0,0,'0000-00-00','0000-00-00','0000-00-00',0,0,0,0,0,0,NULL),(280,16,'524',17,'001','2017-10-07',0,0,'IA016/10/2017',9,200,0,'',0,'','','','','','','0',0,0,0,0,0,0,'0000-00-00','0000-00-00','0000-00-00',0,0,0,0,0,0,NULL),(281,16,'525',17,'001','2017-10-07',0,0,'IA016/10/2017',25,100,0,'',0,'','','','','','','0',0,0,0,0,0,0,'0000-00-00','0000-00-00','0000-00-00',0,0,0,0,0,0,NULL),(282,16,'504',17,'001','2017-10-07',0,0,'IA016/10/2017',61,800,0,'',0,'','','','','','','0',0,0,0,0,0,0,'0000-00-00','0000-00-00','0000-00-00',0,0,0,0,0,0,NULL),(283,16,'503',17,'001','2017-10-07',0,0,'IA016/10/2017',62,750,0,'',0,'','','','','','','0',0,0,0,0,0,0,'0000-00-00','0000-00-00','0000-00-00',0,0,0,0,0,0,NULL),(284,16,'518',17,'001','2017-10-07',0,0,'IA016/10/2017',34,100,0,'',0,'','','','','','','0',0,0,0,0,0,0,'0000-00-00','0000-00-00','0000-00-00',0,0,0,0,0,0,NULL),(285,16,'502',17,'001','2017-10-07',0,0,'IA016/10/2017',93,400,0,'',0,'','','','','','','0',0,0,0,0,0,0,'0000-00-00','0000-00-00','0000-00-00',0,0,0,0,0,0,NULL),(286,16,'505',17,'001','2017-10-07',0,0,'IA016/10/2017',25,650,0,'',0,'','','','','','','0',0,0,0,0,0,0,'0000-00-00','0000-00-00','0000-00-00',0,0,0,0,0,0,NULL),(287,16,'506',17,'001','2017-10-07',0,0,'IA016/10/2017',24,650,0,'',0,'','','','','','','0',0,0,0,0,0,0,'0000-00-00','0000-00-00','0000-00-00',0,0,0,0,0,0,NULL),(288,16,'511',17,'001','2017-10-07',0,0,'IA016/10/2017',90,150,0,'',0,'','','','','','','0',0,0,0,0,0,0,'0000-00-00','0000-00-00','0000-00-00',0,0,0,0,0,0,NULL),(289,16,'513',17,'001','2017-10-07',0,0,'IA016/10/2017',111,200,0,'',0,'','','','','','','0',0,0,0,0,0,0,'0000-00-00','0000-00-00','0000-00-00',0,0,0,0,0,0,NULL),(290,16,'510',17,'001','2017-10-07',0,0,'IA016/10/2017',109,200,0,'',0,'','','','','','','0',0,0,0,0,0,0,'0000-00-00','0000-00-00','0000-00-00',0,0,0,0,0,0,NULL),(291,16,'501',17,'001','2017-10-07',0,0,'IA016/10/2017',110,0,0,'',0,'','','','','','','0',0,0,0,0,0,0,'0000-00-00','0000-00-00','0000-00-00',0,0,0,0,0,0,NULL),(292,16,'512',17,'001','2017-10-07',0,0,'IA016/10/2017',116,200,0,'',0,'','','','','','','0',0,0,0,0,0,0,'0000-00-00','0000-00-00','0000-00-00',0,0,0,0,0,0,NULL),(293,16,'528',17,'001','2017-10-07',0,0,'IA016/10/2017',32,1100,0,'',0,'','','','','','','0',0,0,0,0,0,0,'0000-00-00','0000-00-00','0000-00-00',0,0,0,0,0,0,NULL),(294,16,'529',17,'001','2017-10-07',0,0,'IA016/10/2017',63,850,0,'',0,'','','','','','','0',0,0,0,0,0,0,'0000-00-00','0000-00-00','0000-00-00',0,0,0,0,0,0,NULL),(295,16,'534',17,'001','2017-10-07',0,0,'IA016/10/2017',14,200,0,'',0,'','','','','','','0',0,0,0,0,0,0,'0000-00-00','0000-00-00','0000-00-00',0,0,0,0,0,0,NULL),(296,16,'530',17,'001','2017-10-07',0,0,'IA016/10/2017',84,50,0,'',0,'','','','','','','0',0,0,0,0,0,0,'0000-00-00','0000-00-00','0000-00-00',0,0,0,0,0,0,NULL),(297,17,'544',17,'001','2017-10-07',0,0,'IA017/10/2017',2,250,0,'',0,'','','','','','','0',0,0,0,0,0,0,'0000-00-00','0000-00-00','0000-00-00',0,0,0,0,0,0,NULL),(298,17,'545',17,'001','2017-10-07',0,0,'IA017/10/2017',7,150,0,'',0,'','','','','','','0',0,0,0,0,0,0,'0000-00-00','0000-00-00','0000-00-00',0,0,0,0,0,0,NULL),(299,18,'357',17,'001','2017-10-07',0,0,'IA018/10/2017',3,200,0,'',0,'','','','','','','0',0,0,0,0,0,0,'0000-00-00','0000-00-00','0000-00-00',0,0,0,0,0,0,NULL),(300,18,'356',17,'001','2017-10-07',0,0,'IA018/10/2017',1,200,0,'',0,'','','','','','','0',0,0,0,0,0,0,'0000-00-00','0000-00-00','0000-00-00',0,0,0,0,0,0,NULL),(301,18,'267',17,'001','2017-10-07',0,0,'IA018/10/2017',1,500,0,'',0,'','','','','','','0',0,0,0,0,0,0,'0000-00-00','0000-00-00','0000-00-00',0,0,0,0,0,0,NULL),(302,18,'396',17,'001','2017-10-07',0,0,'IA018/10/2017',1,500,0,'',0,'','','','','','','0',0,0,0,0,0,0,'0000-00-00','0000-00-00','0000-00-00',0,0,0,0,0,0,NULL),(303,18,'761',17,'001','2017-10-07',0,0,'IA018/10/2017',1,500,0,'',0,'','','','','','','0',0,0,0,0,0,0,'0000-00-00','0000-00-00','0000-00-00',0,0,0,0,0,0,NULL),(304,18,'279',17,'001','2017-10-07',0,0,'IA018/10/2017',1.5,200,0,'',0,'','','','','','','0',0,0,0,0,0,0,'0000-00-00','0000-00-00','0000-00-00',0,0,0,0,0,0,NULL),(305,18,'293',17,'001','2017-10-07',0,0,'IA018/10/2017',1,400,0,'',0,'','','','','','','0',0,0,0,0,0,0,'0000-00-00','0000-00-00','0000-00-00',0,0,0,0,0,0,NULL),(306,18,'302',17,'001','2017-10-07',0,0,'IA018/10/2017',1,2400,0,'',0,'','','','','','','0',0,0,0,0,0,0,'0000-00-00','0000-00-00','0000-00-00',0,0,0,0,0,0,NULL),(307,18,'334',17,'001','2017-10-07',0,0,'IA018/10/2017',1,400,0,'',0,'','','','','','','',0,0,0,0,0,0,'0000-00-00','0000-00-00','0000-00-00',0,0,0,0,0,0,NULL),(308,18,'362',17,'001','2017-10-07',0,0,'IA018/10/2017',1,800,0,'',0,'','','','','','','0',0,0,0,0,0,0,'0000-00-00','0000-00-00','0000-00-00',0,0,0,0,0,0,NULL),(309,18,'355',17,'001','2017-10-07',0,0,'IA018/10/2017',1,200,0,'',0,'','','','','','','0',0,0,0,0,0,0,'0000-00-00','0000-00-00','0000-00-00',0,0,0,0,0,0,NULL),(310,18,'256',17,'001','2017-10-07',0,0,'IA018/10/2017',1,900,0,'',0,'','','','','','','0',0,0,0,0,0,0,'0000-00-00','0000-00-00','0000-00-00',0,0,0,0,0,0,NULL),(311,18,'764',17,'001','2017-10-07',0,0,'IA018/10/2017',1,100,0,'',0,'','','','','','','0',0,0,0,0,0,0,'0000-00-00','0000-00-00','0000-00-00',0,0,0,0,0,0,NULL),(312,18,'736',17,'001','2017-10-07',0,0,'IA018/10/2017',1,300,0,'',0,'','','','','','','0',0,0,0,0,0,0,'0000-00-00','0000-00-00','0000-00-00',0,0,0,0,0,0,NULL),(313,18,'800',17,'001','2017-10-07',0,0,'IA018/10/2017',1,600,0,'',0,'','','','','','','0',0,0,0,0,0,0,'0000-00-00','0000-00-00','0000-00-00',0,0,0,0,0,0,NULL),(314,18,'284',17,'001','2017-10-07',0,0,'IA018/10/2017',1,500,0,'',0,'','','','','','','0',0,0,0,0,0,0,'0000-00-00','0000-00-00','0000-00-00',0,0,0,0,0,0,NULL),(315,18,'275',17,'001','2017-10-07',0,0,'IA018/10/2017',3,150,0,'',0,'','','','','','','0',0,0,0,0,0,0,'0000-00-00','0000-00-00','0000-00-00',0,0,0,0,0,0,NULL),(316,18,'319',17,'001','2017-10-07',0,0,'IA018/10/2017',3,250,0,'',0,'','','','','','','0',0,0,0,0,0,0,'0000-00-00','0000-00-00','0000-00-00',0,0,0,0,0,0,NULL),(317,18,'305',17,'001','2017-10-07',0,0,'IA018/10/2017',1,250,0,'',0,'','','','','','','0',0,0,0,0,0,0,'0000-00-00','0000-00-00','0000-00-00',0,0,0,0,0,0,NULL),(318,18,'787',17,'001','2017-10-07',0,0,'IA018/10/2017',1.5,250,0,'',0,'','','','','','','',0,0,0,0,0,0,'0000-00-00','0000-00-00','0000-00-00',0,0,0,0,0,0,NULL),(319,18,'249',17,'001','2017-10-07',0,0,'IA018/10/2017',0.5,1500,0,'',0,'','','','','','','0',0,0,0,0,0,0,'0000-00-00','0000-00-00','0000-00-00',0,0,0,0,0,0,NULL),(320,18,'250',17,'001','2017-10-07',0,0,'IA018/10/2017',0.2,300,0,'',0,'','','','','','','0',0,0,0,0,0,0,'0000-00-00','0000-00-00','0000-00-00',0,0,0,0,0,0,NULL),(321,18,'776',17,'001','2017-10-07',0,0,'IA018/10/2017',1,400,0,'',0,'','','','','','','0',0,0,0,0,0,0,'0000-00-00','0000-00-00','0000-00-00',0,0,0,0,0,0,NULL),(322,18,'291',17,'001','2017-10-07',0,0,'IA018/10/2017',1,250,0,'',0,'','','','','','','0',0,0,0,0,0,0,'0000-00-00','0000-00-00','0000-00-00',0,0,0,0,0,0,NULL),(323,18,'398',17,'001','2017-10-07',0,0,'IA018/10/2017',1,200,0,'',0,'','','','','','','0',0,0,0,0,0,0,'0000-00-00','0000-00-00','0000-00-00',0,0,0,0,0,0,NULL),(324,18,'389',17,'001','2017-10-07',0,0,'IA018/10/2017',1,4000,0,'',0,'','','','','','','0',0,0,0,0,0,0,'0000-00-00','0000-00-00','0000-00-00',0,0,0,0,0,0,NULL),(325,18,'399',17,'001','2017-10-07',0,0,'IA018/10/2017',1,4200,0,'',0,'','','','','','','0',0,0,0,0,0,0,'0000-00-00','0000-00-00','0000-00-00',0,0,0,0,0,0,NULL),(326,18,'387',17,'001','2017-10-07',0,0,'IA018/10/2017',1,300,0,'',0,'','','','','','','',0,0,0,0,0,0,'0000-00-00','0000-00-00','0000-00-00',0,0,0,0,0,0,NULL),(327,18,'327',17,'001','2017-10-07',0,0,'IA018/10/2017',1,1500,0,'',0,'','','','','','','',0,0,0,0,0,0,'0000-00-00','0000-00-00','0000-00-00',0,0,0,0,0,0,NULL),(328,18,'325',17,'001','2017-10-07',0,0,'IA018/10/2017',0.1,600,0,'',0,'','','','','','','0',0,0,0,0,0,0,'0000-00-00','0000-00-00','0000-00-00',0,0,0,0,0,0,NULL),(329,18,'388',17,'001','2017-10-07',0,0,'IA018/10/2017',4,250,0,'',0,'','','','','','','0',0,0,0,0,0,0,'0000-00-00','0000-00-00','0000-00-00',0,0,0,0,0,0,NULL),(330,18,'767',17,'001','2017-10-07',0,0,'IA018/10/2017',2,250,0,'',0,'','','','','','','0',0,0,0,0,0,0,'0000-00-00','0000-00-00','0000-00-00',0,0,0,0,0,0,NULL),(331,18,'795',17,'001','2017-10-07',0,0,'IA018/10/2017',2,250,0,'',0,'','','','','','','0',0,0,0,0,0,0,'0000-00-00','0000-00-00','0000-00-00',0,0,0,0,0,0,NULL),(332,18,'392',17,'001','2017-10-07',0,0,'IA018/10/2017',2,500,0,'',0,'','','','','','','0',0,0,0,0,0,0,'0000-00-00','0000-00-00','0000-00-00',0,0,0,0,0,0,NULL),(333,18,'274',17,'001','2017-10-07',0,0,'IA018/10/2017',2,250,0,'',0,'','','','','','','0',0,0,0,0,0,0,'0000-00-00','0000-00-00','0000-00-00',0,0,0,0,0,0,NULL),(334,18,'269',17,'001','2017-10-07',0,0,'IA018/10/2017',1,200,0,'',0,'','','','','','','0',0,0,0,0,0,0,'0000-00-00','0000-00-00','0000-00-00',0,0,0,0,0,0,NULL),(335,18,'762',17,'001','2017-10-07',0,0,'IA018/10/2017',1,600,0,'',0,'','','','','','','0',0,0,0,0,0,0,'0000-00-00','0000-00-00','0000-00-00',0,0,0,0,0,0,NULL),(336,18,'295',17,'001','2017-10-07',0,0,'IA018/10/2017',1,300,0,'',0,'','','','','','','0',0,0,0,0,0,0,'0000-00-00','0000-00-00','0000-00-00',0,0,0,0,0,0,NULL),(337,18,'272',17,'001','2017-10-07',0,0,'IA018/10/2017',1,560,0,'',0,'','','','','','','0',0,0,0,0,0,0,'0000-00-00','0000-00-00','0000-00-00',0,0,0,0,0,0,NULL),(338,18,'296',17,'001','2017-10-07',0,0,'IA018/10/2017',1,200,0,'',0,'','','','','','','0',0,0,0,0,0,0,'0000-00-00','0000-00-00','0000-00-00',0,0,0,0,0,0,NULL),(339,18,'379',17,'001','2017-10-07',0,0,'IA018/10/2017',1,300,0,'',0,'','','','','','','0',0,0,0,0,0,0,'0000-00-00','0000-00-00','0000-00-00',0,0,0,0,0,0,NULL),(340,18,'268',17,'001','2017-10-07',0,0,'IA018/10/2017',1,500,0,'',0,'','','','','','','0',0,0,0,0,0,0,'0000-00-00','0000-00-00','0000-00-00',0,0,0,0,0,0,NULL),(341,18,'252',17,'001','2017-10-07',0,0,'IA018/10/2017',0.2,1500,0,'',0,'','','','','','','0',0,0,0,0,0,0,'0000-00-00','0000-00-00','0000-00-00',0,0,0,0,0,0,NULL),(342,18,'737',17,'001','2017-10-07',0,0,'IA018/10/2017',0.5,1200,0,'',0,'','','','','','','0',0,0,0,0,0,0,'0000-00-00','0000-00-00','0000-00-00',0,0,0,0,0,0,NULL),(343,18,'322',17,'001','2017-10-07',0,0,'IA018/10/2017',1,800,0,'',0,'','','','','','','0',0,0,0,0,0,0,'0000-00-00','0000-00-00','0000-00-00',0,0,0,0,0,0,NULL),(344,18,'297',17,'001','2017-10-07',0,0,'IA018/10/2017',1,200,0,'',0,'','','','','','','0',0,0,0,0,0,0,'0000-00-00','0000-00-00','0000-00-00',0,0,0,0,0,0,NULL),(345,18,'292',17,'001','2017-10-07',0,0,'IA018/10/2017',1,600,0,'',0,'','','','','','','0',0,0,0,0,0,0,'0000-00-00','0000-00-00','0000-00-00',0,0,0,0,0,0,NULL),(346,18,'299',17,'001','2017-10-07',0,0,'IA018/10/2017',1,500,0,'',0,'','','','','','','0',0,0,0,0,0,0,'0000-00-00','0000-00-00','0000-00-00',0,0,0,0,0,0,NULL),(347,18,'309',17,'001','2017-10-07',0,0,'IA018/10/2017',2,300,0,'',0,'','','','','','','',0,0,0,0,0,0,'0000-00-00','0000-00-00','0000-00-00',0,0,0,0,0,0,NULL),(348,18,'307',17,'001','2017-10-07',0,0,'IA018/10/2017',1,300,0,'',0,'','','','','','','0',0,0,0,0,0,0,'0000-00-00','0000-00-00','0000-00-00',0,0,0,0,0,0,NULL),(349,18,'233',17,'001','2017-10-07',0,0,'IA018/10/2017',24,93.893333333433,0,'',0,'','','','','','','0',0,0,0,0,0,0,'0000-00-00','0000-00-00','0000-00-00',0,0,0,0,0,0,NULL),(350,18,'308',17,'001','2017-10-07',0,0,'IA018/10/2017',2,260,0,'',0,'','','','','','','0',0,0,0,0,0,0,'0000-00-00','0000-00-00','0000-00-00',0,0,0,0,0,0,NULL),(351,18,'317',17,'001','2017-10-07',0,0,'IA018/10/2017',0.2,1500,0,'',0,'','','','','','','0',0,0,0,0,0,0,'0000-00-00','0000-00-00','0000-00-00',0,0,0,0,0,0,NULL),(352,18,'313',17,'001','2017-10-07',0,0,'IA018/10/2017',0.05,500,0,'',0,'','','','','','','0',0,0,0,0,0,0,'0000-00-00','0000-00-00','0000-00-00',0,0,0,0,0,0,NULL),(353,18,'312',17,'001','2017-10-07',0,0,'IA018/10/2017',1,500,0,'',0,'','','','','','','',0,0,0,0,0,0,'0000-00-00','0000-00-00','0000-00-00',0,0,0,0,0,0,NULL),(354,18,'311',17,'001','2017-10-07',0,0,'IA018/10/2017',1,500,0,'',0,'','','','','','','0',0,0,0,0,0,0,'0000-00-00','0000-00-00','0000-00-00',0,0,0,0,0,0,NULL),(355,18,'734',17,'001','2017-10-07',0,0,'IA018/10/2017',0.3,2000,0,'',0,'','','','','','','0',0,0,0,0,0,0,'0000-00-00','0000-00-00','0000-00-00',0,0,0,0,0,0,NULL),(356,18,'732',17,'001','2017-10-07',0,0,'IA018/10/2017',0.3,500,0,'',0,'','','','','','','0',0,0,0,0,0,0,'0000-00-00','0000-00-00','0000-00-00',0,0,0,0,0,0,NULL),(357,18,'731',17,'001','2017-10-07',0,0,'IA018/10/2017',1,500,0,'',0,'','','','','','','0',0,0,0,0,0,0,'0000-00-00','0000-00-00','0000-00-00',0,0,0,0,0,0,NULL),(358,18,'324',17,'001','2017-10-07',0,0,'IA018/10/2017',0.1,300,0,'',0,'','','','','','','0',0,0,0,0,0,0,'0000-00-00','0000-00-00','0000-00-00',0,0,0,0,0,0,NULL),(359,18,'304',17,'001','2017-10-07',0,0,'IA018/10/2017',0.6,500,0,'',0,'','','','','','','0',0,0,0,0,0,0,'0000-00-00','0000-00-00','0000-00-00',0,0,0,0,0,0,NULL),(360,18,'314',17,'001','2017-10-07',0,0,'IA018/10/2017',1,20,0,'',0,'','','','','','','0',0,0,0,0,0,0,'0000-00-00','0000-00-00','0000-00-00',0,0,0,0,0,0,NULL),(361,18,'265',17,'001','2017-10-07',0,0,'IA018/10/2017',1,60,0,'',0,'','','','','','','0',0,0,0,0,0,0,'0000-00-00','0000-00-00','0000-00-00',0,0,0,0,0,0,NULL),(362,18,'245',17,'001','2017-10-07',0,0,'IA018/10/2017',1,600,0,'',0,'','','','','','','0',0,0,0,0,0,0,'0000-00-00','0000-00-00','0000-00-00',0,0,0,0,0,0,NULL),(363,18,'246',17,'001','2017-10-07',0,0,'IA018/10/2017',0.05,300,0,'',0,'','','','','','','0',0,0,0,0,0,0,'0000-00-00','0000-00-00','0000-00-00',0,0,0,0,0,0,NULL),(364,18,'321',17,'001','2017-10-07',0,0,'IA018/10/2017',1,800,0,'',0,'','','','','','','0',0,0,0,0,0,0,'0000-00-00','0000-00-00','0000-00-00',0,0,0,0,0,0,NULL),(365,18,'106',17,'001','2017-10-07',0,0,'IA018/10/2017',4.5,360,0,'',0,'','','','','','','0',0,0,0,0,0,0,'0000-00-00','0000-00-00','0000-00-00',0,0,0,0,0,0,NULL),(366,18,'001',17,'001','2017-10-07',0,0,'IA018/10/2017',28,1050,0,'',0,'','','','','','','0',0,0,0,0,0,0,'0000-00-00','0000-00-00','0000-00-00',0,0,0,0,0,0,NULL),(367,18,'104',17,'001','2017-10-07',0,0,'IA018/10/2017',2,290,0,'',0,'','','','','','','0',0,0,0,0,0,0,'0000-00-00','0000-00-00','0000-00-00',0,0,0,0,0,0,NULL),(368,18,'101',17,'001','2017-10-07',0,0,'IA018/10/2017',27,363,0,'',0,'','','','','','','0',0,0,0,0,0,0,'0000-00-00','0000-00-00','0000-00-00',0,0,0,0,0,0,NULL),(369,18,'857',17,'001','2017-10-07',0,0,'IA018/10/2017',4,360,0,'',0,'','','','','','','0',0,0,0,0,0,0,'0000-00-00','0000-00-00','0000-00-00',0,0,0,0,0,0,NULL),(370,18,'105',17,'001','2017-10-07',0,0,'IA018/10/2017',3,200,0,'',0,'','','','','','','0',0,0,0,0,0,0,'0000-00-00','0000-00-00','0000-00-00',0,0,0,0,0,0,NULL),(371,18,'152',17,'001','2017-10-07',0,0,'IA018/10/2017',1.5,1100,0,'',0,'','','','','','','0',0,0,0,0,0,0,'0000-00-00','0000-00-00','0000-00-00',0,0,0,0,0,0,NULL),(372,18,'102',17,'001','2017-10-07',0,0,'IA018/10/2017',7.25,350,0,'',0,'','','','','','','0',0,0,0,0,0,0,'0000-00-00','0000-00-00','0000-00-00',0,0,0,0,0,0,NULL),(373,18,'403',17,'001','2017-10-07',0,0,'IA018/10/2017',1,150,0,'',0,'','','','','','','0',0,0,0,0,0,0,'0000-00-00','0000-00-00','0000-00-00',0,0,0,0,0,0,NULL),(374,18,'402',17,'001','2017-10-07',0,0,'IA018/10/2017',1,85,0,'',0,'','','','','','','0',0,0,0,0,0,0,'0000-00-00','0000-00-00','0000-00-00',0,0,0,0,0,0,NULL),(375,18,'406',17,'001','2017-10-07',0,0,'IA018/10/2017',0.5,250,0,'',0,'','','','','','','0',0,0,0,0,0,0,'0000-00-00','0000-00-00','0000-00-00',0,0,0,0,0,0,NULL),(376,18,'418',17,'001','2017-10-07',0,0,'IA018/10/2017',0.1,150,0,'',0,'','','','','','','0',0,0,0,0,0,0,'0000-00-00','0000-00-00','0000-00-00',0,0,0,0,0,0,NULL),(377,19,'854',17,'001','2017-10-08',0,0,'IA019/10/2017',2,1100,0,'',0,'','','','','','','0',0,0,0,0,0,0,'0000-00-00','0000-00-00','0000-00-00',0,0,0,0,0,0,NULL),(378,19,'364',17,'001','2017-10-08',0,0,'IA019/10/2017',1,200,0,'',0,'','','','','','','0',0,0,0,0,0,0,'0000-00-00','0000-00-00','0000-00-00',0,0,0,0,0,0,NULL),(379,19,'371',17,'001','2017-10-08',0,0,'IA019/10/2017',3,176,0,'',0,'','','','','','','0',0,0,0,0,0,0,'0000-00-00','0000-00-00','0000-00-00',0,0,0,0,0,0,NULL),(380,19,'205',17,'001','2017-10-08',0,0,'IA019/10/2017',0.5,500,0,'',0,'','','','','','','0',0,0,0,0,0,0,'0000-00-00','0000-00-00','0000-00-00',0,0,0,0,0,0,NULL),(381,19,'233',17,'001','2017-10-08',0,0,'IA019/10/2017',2,93.893333333458,0,'',0,'','','','','','','0',0,0,0,0,0,0,'0000-00-00','0000-00-00','0000-00-00',0,0,0,0,0,0,NULL),(382,19,'254',17,'001','2017-10-08',0,0,'IA019/10/2017',2,200,0,'',0,'','','','','','','0',0,0,0,0,0,0,'0000-00-00','0000-00-00','0000-00-00',0,0,0,0,0,0,NULL),(383,19,'759',17,'001','2017-10-08',0,0,'IA019/10/2017',1,1200,0,'',0,'','','','','','','0',0,0,0,0,0,0,'0000-00-00','0000-00-00','0000-00-00',0,0,0,0,0,0,NULL),(384,19,'712',17,'001','2017-10-08',0,0,'IA019/10/2017',1,920,0,'',0,'','','','','','','0',0,0,0,0,0,0,'0000-00-00','0000-00-00','0000-00-00',0,0,0,0,0,0,NULL),(385,19,'266',17,'001','2017-10-08',0,0,'IA019/10/2017',2,150,0,'',0,'','','','','','','0',0,0,0,0,0,0,'0000-00-00','0000-00-00','0000-00-00',0,0,0,0,0,0,NULL),(386,19,'389',17,'001','2017-10-08',0,0,'IA019/10/2017',1,4000,0,'',0,'','','','','','','0',0,0,0,0,0,0,'0000-00-00','0000-00-00','0000-00-00',0,0,0,0,0,0,NULL),(387,19,'252',17,'001','2017-10-08',0,0,'IA019/10/2017',0.4,1500,0,'',0,'','','','','','','0',0,0,0,0,0,0,'0000-00-00','0000-00-00','0000-00-00',0,0,0,0,0,0,NULL),(388,19,'249',17,'001','2017-10-08',0,0,'IA019/10/2017',0.6,1500,0,'',0,'','','','','','','0',0,0,0,0,0,0,'0000-00-00','0000-00-00','0000-00-00',0,0,0,0,0,0,NULL),(389,19,'263',17,'001','2017-10-08',0,0,'IA019/10/2017',2,60,0,'',0,'','','','','','','0',0,0,0,0,0,0,'0000-00-00','0000-00-00','0000-00-00',0,0,0,0,0,0,NULL),(390,19,'301',17,'001','2017-10-08',0,0,'IA019/10/2017',5,100,0,'',0,'','','','','','','0',0,0,0,0,0,0,'0000-00-00','0000-00-00','0000-00-00',0,0,0,0,0,0,NULL),(391,19,'736',17,'001','2017-10-08',0,0,'IA019/10/2017',1,300,0,'',0,'','','','','','','0',0,0,0,0,0,0,'0000-00-00','0000-00-00','0000-00-00',0,0,0,0,0,0,NULL),(392,19,'281',17,'001','2017-10-08',0,0,'IA019/10/2017',2,300,0,'',0,'','','','','','','0',0,0,0,0,0,0,'0000-00-00','0000-00-00','0000-00-00',0,0,0,0,0,0,NULL),(393,19,'798',17,'001','2017-10-08',0,0,'IA019/10/2017',1,620,0,'',0,'','','','','','','0',0,0,0,0,0,0,'0000-00-00','0000-00-00','0000-00-00',0,0,0,0,0,0,NULL),(394,20,'858',17,'001','2017-10-08',0,0,'IA020/10/2017',1,300,0,'',0,'','','','','','','0',0,0,0,0,0,0,'0000-00-00','0000-00-00','0000-00-00',0,0,0,0,0,0,NULL),(395,20,'859',17,'001','2017-10-08',0,0,'IA020/10/2017',3.5,1000,0,'',0,'','','','','','','0',0,0,0,0,0,0,'0000-00-00','0000-00-00','0000-00-00',0,0,0,0,0,0,NULL),(396,20,'860',17,'001','2017-10-08',0,0,'IA020/10/2017',1,500,0,'',0,'','','','','','','0',0,0,0,0,0,0,'0000-00-00','0000-00-00','0000-00-00',0,0,0,0,0,0,NULL),(397,20,'589',17,'001','2017-10-08',0,0,'IA020/10/2017',0.8,1000,0,'',0,'','','','','','','0',0,0,0,0,0,0,'0000-00-00','0000-00-00','0000-00-00',0,0,0,0,0,0,NULL),(398,20,'261',17,'001','2017-10-08',0,0,'IA020/10/2017',1.7,1200,0,'',0,'','','','','','','0',0,0,0,0,0,0,'0000-00-00','0000-00-00','0000-00-00',0,0,0,0,0,0,NULL),(399,1,'357',13,'001','2017-10-08',0,200,'auto',-3,200,0,'Jar',0,'','0','0','0','0','','',0,0,0,0,0,0,'0000-00-00','0000-00-00','0000-00-00',0,0,0,0,0,0,NULL),(400,1,'356',13,'001','2017-10-08',0,200,'auto',-1,200,0,'Jar',0,'','0','0','0','0','','',0,0,0,0,0,0,'0000-00-00','0000-00-00','0000-00-00',0,0,0,0,0,0,NULL),(401,1,'267',13,'001','2017-10-08',0,500,'auto',-1,500,0,'Kgs',0,'','0','0','0','0','','',0,0,0,0,0,0,'0000-00-00','0000-00-00','0000-00-00',0,0,0,0,0,0,NULL),(402,1,'396',13,'001','2017-10-08',0,500,'auto',-1,500,0,'Bottles',0,'','0','0','0','0','','',0,0,0,0,0,0,'0000-00-00','0000-00-00','0000-00-00',0,0,0,0,0,0,NULL),(403,1,'761',13,'001','2017-10-08',0,500,'auto',-1,387.5,0,'Bottles',0,'','0','0','0','0','','',0,0,0,0,0,0,'0000-00-00','0000-00-00','0000-00-00',0,0,0,0,0,0,NULL),(404,1,'279',13,'001','2017-10-08',0,200,'auto',-1.5,200,0,'Pack',0,'','0','0','0','0','','',0,0,0,0,0,0,'0000-00-00','0000-00-00','0000-00-00',0,0,0,0,0,0,NULL),(405,1,'293',13,'001','2017-10-08',0,400,'auto',-1,400,0,'Bottles',0,'','0','0','0','0','','',0,0,0,0,0,0,'0000-00-00','0000-00-00','0000-00-00',0,0,0,0,0,0,NULL),(406,1,'302',13,'001','2017-10-08',0,2400,'auto',-1,2400,0,'Bottles',0,'','0','0','0','0','','',0,0,0,0,0,0,'0000-00-00','0000-00-00','0000-00-00',0,0,0,0,0,0,NULL),(407,1,'334',13,'001','2017-10-08',0,400,'auto',-1,400,0,'Kgs',0,'','0','0','0','0','','',0,0,0,0,0,0,'0000-00-00','0000-00-00','0000-00-00',0,0,0,0,0,0,NULL),(408,1,'362',13,'001','2017-10-08',0,800,'auto',-1,800,0,'Jar',0,'','0','0','0','0','','',0,0,0,0,0,0,'0000-00-00','0000-00-00','0000-00-00',0,0,0,0,0,0,NULL),(409,1,'355',13,'001','2017-10-08',0,800,'auto',-1,200,0,'Jar',0,'','0','0','0','0','','',0,0,0,0,0,0,'0000-00-00','0000-00-00','0000-00-00',0,0,0,0,0,0,NULL),(410,1,'256',13,'001','2017-10-08',0,900,'auto',-1,900,0,'Kgs',0,'','0','0','0','0','','',0,0,0,0,0,0,'0000-00-00','0000-00-00','0000-00-00',0,0,0,0,0,0,NULL),(411,1,'764',13,'001','2017-10-08',0,100,'auto',-1,100,0,'Pack',0,'','0','0','0','0','','',0,0,0,0,0,0,'0000-00-00','0000-00-00','0000-00-00',0,0,0,0,0,0,NULL),(412,1,'736',13,'001','2017-10-08',0,300,'auto',-1,300,0,'Pack',0,'','0','0','0','0','','',0,0,0,0,0,0,'0000-00-00','0000-00-00','0000-00-00',0,0,0,0,0,0,NULL),(413,1,'800',13,'001','2017-10-08',0,600,'auto',-1,600,0,'Jar',0,'','0','0','0','0','','',0,0,0,0,0,0,'0000-00-00','0000-00-00','0000-00-00',0,0,0,0,0,0,NULL),(414,1,'284',13,'001','2017-10-08',0,0,'auto',-1,500,0,'Pack',0,'','0','0','0','0','','',0,0,0,0,0,0,'0000-00-00','0000-00-00','0000-00-00',0,0,0,0,0,0,NULL),(415,1,'275',13,'001','2017-10-08',0,150,'auto',-3,150,0,'Bottles',0,'','0','0','0','0','','',0,0,0,0,0,0,'0000-00-00','0000-00-00','0000-00-00',0,0,0,0,0,0,NULL),(416,1,'319',13,'001','2017-10-08',0,250,'auto',-3,250,0,'Pack',0,'','0','0','0','0','','',0,0,0,0,0,0,'0000-00-00','0000-00-00','0000-00-00',0,0,0,0,0,0,NULL),(417,1,'305',13,'001','2017-10-08',0,250,'auto',-1,292.85714285714,0,'Pack',0,'','0','0','0','0','','',0,0,0,0,0,0,'0000-00-00','0000-00-00','0000-00-00',0,0,0,0,0,0,NULL),(418,1,'787',13,'001','2017-10-08',0,250,'auto',-1.5,250,0,'Kgs',0,'','0','0','0','0','','',0,0,0,0,0,0,'0000-00-00','0000-00-00','0000-00-00',0,0,0,0,0,0,NULL),(419,1,'249',13,'001','2017-10-08',0,1500,'auto',-0.5,1500,0,'Kgs',0,'','0','0','0','0','','',0,0,0,0,0,0,'0000-00-00','0000-00-00','0000-00-00',0,0,0,0,0,0,NULL),(420,1,'250',13,'001','2017-10-08',0,300,'auto',-0.2,300,0,'Kgs',0,'','0','0','0','0','','',0,0,0,0,0,0,'0000-00-00','0000-00-00','0000-00-00',0,0,0,0,0,0,NULL),(421,1,'776',13,'001','2017-10-08',0,400,'auto',-1,400,0,'Bottles',0,'','0','0','0','0','','',0,0,0,0,0,0,'0000-00-00','0000-00-00','0000-00-00',0,0,0,0,0,0,NULL),(422,1,'291',13,'001','2017-10-08',0,250,'auto',-1,250,0,'Bottles',0,'','0','0','0','0','','',0,0,0,0,0,0,'0000-00-00','0000-00-00','0000-00-00',0,0,0,0,0,0,NULL),(423,1,'398',13,'001','2017-10-08',0,200,'auto',-1,162.5,0,'Jar',0,'','0','0','0','0','','',0,0,0,0,0,0,'0000-00-00','0000-00-00','0000-00-00',0,0,0,0,0,0,NULL),(424,1,'389',13,'001','2017-10-08',0,4000,'auto',-1,4000,0,'Bottles',0,'','0','0','0','0','','',0,0,0,0,0,0,'0000-00-00','0000-00-00','0000-00-00',0,0,0,0,0,0,NULL),(425,1,'399',13,'001','2017-10-08',0,4200,'auto',-1,4200,0,'Jar',0,'','0','0','0','0','','',0,0,0,0,0,0,'0000-00-00','0000-00-00','0000-00-00',0,0,0,0,0,0,NULL),(426,1,'387',13,'001','2017-10-08',0,300,'auto',-1,266.66666666667,0,'Jar',0,'','0','0','0','0','','',0,0,0,0,0,0,'0000-00-00','0000-00-00','0000-00-00',0,0,0,0,0,0,NULL),(427,1,'327',13,'001','2017-10-08',0,1500,'auto',-1,1500,0,'Kgs',0,'','0','0','0','0','','',0,0,0,0,0,0,'0000-00-00','0000-00-00','0000-00-00',0,0,0,0,0,0,NULL),(428,1,'325',13,'001','2017-10-08',0,600,'auto',-0.1,600,0,'Kgs',0,'','0','0','0','0','','',0,0,0,0,0,0,'0000-00-00','0000-00-00','0000-00-00',0,0,0,0,0,0,NULL),(429,1,'388',13,'001','2017-10-08',0,250,'auto',-4,250,0,'Jar',0,'','0','0','0','0','','',0,0,0,0,0,0,'0000-00-00','0000-00-00','0000-00-00',0,0,0,0,0,0,NULL),(430,1,'767',13,'001','2017-10-08',0,250,'auto',-2,250,0,'Bottles',0,'','0','0','0','0','','',0,0,0,0,0,0,'0000-00-00','0000-00-00','0000-00-00',0,0,0,0,0,0,NULL),(431,1,'795',13,'001','2017-10-08',0,250,'auto',-2,250,0,'Pack',0,'','0','0','0','0','','',0,0,0,0,0,0,'0000-00-00','0000-00-00','0000-00-00',0,0,0,0,0,0,NULL),(432,1,'392',13,'001','2017-10-08',0,500,'auto',-2,500,0,'Jar',0,'','0','0','0','0','','',0,0,0,0,0,0,'0000-00-00','0000-00-00','0000-00-00',0,0,0,0,0,0,NULL),(433,1,'274',13,'001','2017-10-08',0,250,'auto',-2,250,0,'Bottles',0,'','0','0','0','0','','',0,0,0,0,0,0,'0000-00-00','0000-00-00','0000-00-00',0,0,0,0,0,0,NULL),(434,1,'269',13,'001','2017-10-08',0,200,'auto',-1,200,0,'Bottles',0,'','0','0','0','0','','',0,0,0,0,0,0,'0000-00-00','0000-00-00','0000-00-00',0,0,0,0,0,0,NULL),(435,1,'762',13,'001','2017-10-08',0,600,'auto',-1,600,0,'Bottles',0,'','0','0','0','0','','',0,0,0,0,0,0,'0000-00-00','0000-00-00','0000-00-00',0,0,0,0,0,0,NULL),(436,1,'295',13,'001','2017-10-08',0,300,'auto',-1,300,0,'Bottles',0,'','0','0','0','0','','',0,0,0,0,0,0,'0000-00-00','0000-00-00','0000-00-00',0,0,0,0,0,0,NULL),(437,1,'272',13,'001','2017-10-08',0,560,'auto',-1,560,0,'pcs',0,'','0','0','0','0','','',0,0,0,0,0,0,'0000-00-00','0000-00-00','0000-00-00',0,0,0,0,0,0,NULL),(438,1,'296',13,'001','2017-10-08',0,200,'auto',-1,200,0,'Bottles',0,'','0','0','0','0','','',0,0,0,0,0,0,'0000-00-00','0000-00-00','0000-00-00',0,0,0,0,0,0,NULL),(439,1,'379',13,'001','2017-10-08',0,300,'auto',-1,300,0,'Bottles',0,'','0','0','0','0','','',0,0,0,0,0,0,'0000-00-00','0000-00-00','0000-00-00',0,0,0,0,0,0,NULL),(440,1,'268',13,'001','2017-10-08',0,500,'auto',-1,500,0,'Bottles',0,'','0','0','0','0','','',0,0,0,0,0,0,'0000-00-00','0000-00-00','0000-00-00',0,0,0,0,0,0,NULL),(441,1,'252',13,'001','2017-10-08',0,1500,'auto',-0.2,1500,0,'Kgs',0,'','0','0','0','0','','',0,0,0,0,0,0,'0000-00-00','0000-00-00','0000-00-00',0,0,0,0,0,0,NULL),(442,1,'737',13,'001','2017-10-08',0,1200,'auto',-0.5,1200,0,'Kgs',0,'','0','0','0','0','','',0,0,0,0,0,0,'0000-00-00','0000-00-00','0000-00-00',0,0,0,0,0,0,NULL),(443,1,'322',13,'001','2017-10-08',0,800,'auto',-1,800,0,'Jar',0,'','0','0','0','0','','',0,0,0,0,0,0,'0000-00-00','0000-00-00','0000-00-00',0,0,0,0,0,0,NULL),(444,1,'297',13,'001','2017-10-08',0,200,'auto',-1,200,0,'Jar',0,'','0','0','0','0','','',0,0,0,0,0,0,'0000-00-00','0000-00-00','0000-00-00',0,0,0,0,0,0,NULL),(445,1,'292',13,'001','2017-10-08',0,600,'auto',-1,600,0,'Kgs',0,'','0','0','0','0','','',0,0,0,0,0,0,'0000-00-00','0000-00-00','0000-00-00',0,0,0,0,0,0,NULL),(446,1,'299',13,'001','2017-10-08',0,500,'auto',-1,500,0,'Pack',0,'','0','0','0','0','','',0,0,0,0,0,0,'0000-00-00','0000-00-00','0000-00-00',0,0,0,0,0,0,NULL),(447,1,'309',13,'001','2017-10-08',0,300,'auto',-2,300,0,'Pack',0,'','0','0','0','0','','',0,0,0,0,0,0,'0000-00-00','0000-00-00','0000-00-00',0,0,0,0,0,0,NULL),(448,1,'307',13,'001','2017-10-08',0,300,'auto',-1,300,0,'Pack',0,'','0','0','0','0','','',0,0,0,0,0,0,'0000-00-00','0000-00-00','0000-00-00',0,0,0,0,0,0,NULL),(449,1,'233',13,'001','2017-10-08',0,93.89,'auto',-24,93.89333333336,0,'pcs',0,'','0','0','0','0','','',0,0,0,0,0,0,'0000-00-00','0000-00-00','0000-00-00',0,0,0,0,0,0,NULL),(450,1,'308',13,'001','2017-10-08',0,260,'auto',-2,260,0,'Pack',0,'','0','0','0','0','','',0,0,0,0,0,0,'0000-00-00','0000-00-00','0000-00-00',0,0,0,0,0,0,NULL),(451,1,'317',13,'001','2017-10-08',0,1500,'auto',-0.2,1500,0,'Kgs',0,'','0','0','0','0','','',0,0,0,0,0,0,'0000-00-00','0000-00-00','0000-00-00',0,0,0,0,0,0,NULL),(452,1,'313',13,'001','2017-10-08',0,500,'auto',-0.05,500,0,'Pack',0,'','0','0','0','0','','',0,0,0,0,0,0,'0000-00-00','0000-00-00','0000-00-00',0,0,0,0,0,0,NULL),(453,1,'312',13,'001','2017-10-08',0,500,'auto',-0.05,500,0,'Pack',0,'','0','0','0','0','','',0,0,0,0,0,0,'0000-00-00','0000-00-00','0000-00-00',0,0,0,0,0,0,NULL),(454,1,'311',13,'001','2017-10-08',0,500,'auto',-1,500,0,'Pack',0,'','0','0','0','0','','',0,0,0,0,0,0,'0000-00-00','0000-00-00','0000-00-00',0,0,0,0,0,0,NULL),(455,1,'734',13,'001','2017-10-08',0,2000,'auto',-0.3,2000,0,'Kgs',0,'','0','0','0','0','','',0,0,0,0,0,0,'0000-00-00','0000-00-00','0000-00-00',0,0,0,0,0,0,NULL),(456,1,'732',13,'001','2017-10-08',0,500,'auto',-0.3,500,0,'Kgs',0,'','0','0','0','0','','',0,0,0,0,0,0,'0000-00-00','0000-00-00','0000-00-00',0,0,0,0,0,0,NULL),(457,1,'731',13,'001','2017-10-08',0,500,'auto',-1,500,0,'Kgs',0,'','0','0','0','0','','',0,0,0,0,0,0,'0000-00-00','0000-00-00','0000-00-00',0,0,0,0,0,0,NULL),(458,1,'324',13,'001','2017-10-08',0,300,'auto',-0.1,300,0,'Kgs',0,'','0','0','0','0','','',0,0,0,0,0,0,'0000-00-00','0000-00-00','0000-00-00',0,0,0,0,0,0,NULL),(459,1,'304',13,'001','2017-10-08',0,500,'auto',-0.6,500,0,'pcs',0,'','0','0','0','0','','',0,0,0,0,0,0,'0000-00-00','0000-00-00','0000-00-00',0,0,0,0,0,0,NULL),(460,1,'314',13,'001','2017-10-08',0,20,'auto',-1,20,0,'Pack',0,'','0','0','0','0','','',0,0,0,0,0,0,'0000-00-00','0000-00-00','0000-00-00',0,0,0,0,0,0,NULL),(461,1,'265',13,'001','2017-10-08',0,60,'auto',-1,60,0,'Kgs',0,'','0','0','0','0','','',0,0,0,0,0,0,'0000-00-00','0000-00-00','0000-00-00',0,0,0,0,0,0,NULL),(462,1,'245',13,'001','2017-10-08',0,600,'auto',-1,600,0,'Kgs',0,'','0','0','0','0','','',0,0,0,0,0,0,'0000-00-00','0000-00-00','0000-00-00',0,0,0,0,0,0,NULL),(463,1,'246',13,'001','2017-10-08',0,300,'auto',-0.05,300,0,'Kgs',0,'','0','0','0','0','','',0,0,0,0,0,0,'0000-00-00','0000-00-00','0000-00-00',0,0,0,0,0,0,NULL),(464,1,'321',13,'001','2017-10-08',0,800,'auto',-1,800,0,'Jar',0,'','0','0','0','0','','',0,0,0,0,0,0,'0000-00-00','0000-00-00','0000-00-00',0,0,0,0,0,0,NULL),(465,1,'106',13,'001','2017-10-08',0,360,'auto',-4.5,360,0,'Kgs',0,'','0','0','0','0','','',0,0,0,0,0,0,'0000-00-00','0000-00-00','0000-00-00',0,0,0,0,0,0,NULL),(466,1,'001',13,'001','2017-10-08',0,1050,'auto',-28,1050,0,'Kgs',0,'','0','0','0','0','','',0,0,0,0,0,0,'0000-00-00','0000-00-00','0000-00-00',0,0,0,0,0,0,NULL),(467,1,'104',13,'001','2017-10-08',0,290,'auto',-2,290,0,'Kgs',0,'','0','0','0','0','','',0,0,0,0,0,0,'0000-00-00','0000-00-00','0000-00-00',0,0,0,0,0,0,NULL),(468,1,'101',13,'001','2017-10-08',0,363,'auto',-27,363,0,'Kgs',0,'','0','0','0','0','','',0,0,0,0,0,0,'0000-00-00','0000-00-00','0000-00-00',0,0,0,0,0,0,NULL),(469,1,'857',13,'001','2017-10-08',0,360,'auto',-4,360,0,'Kgs',0,'','0','0','0','0','','',0,0,0,0,0,0,'0000-00-00','0000-00-00','0000-00-00',0,0,0,0,0,0,NULL),(470,1,'105',13,'001','2017-10-08',0,200,'auto',-3,200,0,'Kgs',0,'','0','0','0','0','','',0,0,0,0,0,0,'0000-00-00','0000-00-00','0000-00-00',0,0,0,0,0,0,NULL),(471,1,'152',13,'001','2017-10-08',0,1100,'auto',-1.5,1100,0,'Kgs',0,'','0','0','0','0','','',0,0,0,0,0,0,'0000-00-00','0000-00-00','0000-00-00',0,0,0,0,0,0,NULL),(472,1,'102',13,'001','2017-10-08',0,350,'auto',-0.25,350,0,'Kgs',0,'','0','0','0','0','','',0,0,0,0,0,0,'0000-00-00','0000-00-00','0000-00-00',0,0,0,0,0,0,NULL),(473,1,'403',13,'001','2017-10-08',0,150,'auto',-1,150,0,'Kgs',0,'','0','0','0','0','','',0,0,0,0,0,0,'0000-00-00','0000-00-00','0000-00-00',0,0,0,0,0,0,NULL),(474,1,'402',13,'001','2017-10-08',0,85,'auto',-1,85,0,'Kgs',0,'','0','0','0','0','','',0,0,0,0,0,0,'0000-00-00','0000-00-00','0000-00-00',0,0,0,0,0,0,NULL),(475,1,'406',13,'001','2017-10-08',0,250,'auto',-0.5,250,0,'Kgs',0,'','0','0','0','0','','',0,0,0,0,0,0,'0000-00-00','0000-00-00','0000-00-00',0,0,0,0,0,0,NULL),(476,1,'418',13,'001','2017-10-08',0,150,'auto',-0.1,150,0,'Kgs',0,'','0','0','0','0','','',0,0,0,0,0,0,'0000-00-00','0000-00-00','0000-00-00',0,0,0,0,0,0,NULL),(477,2,'854',13,'001','2017-10-09',0,1100,'auto',-2,1100,0,'Pack',0,'','0','0','0','0','','',0,0,0,0,0,0,'0000-00-00','0000-00-00','0000-00-00',0,0,0,0,0,0,NULL),(478,2,'371',13,'001','2017-10-09',0,176,'auto',-3,176,0,'Pack',0,'','0','0','0','0','','',0,0,0,0,0,0,'0000-00-00','0000-00-00','0000-00-00',0,0,0,0,0,0,NULL),(479,2,'205',13,'001','2017-10-09',0,500,'auto',-0.5,500,0,'Kgs',0,'','0','0','0','0','','',0,0,0,0,0,0,'0000-00-00','0000-00-00','0000-00-00',0,0,0,0,0,0,NULL),(480,2,'233',13,'001','2017-10-09',0,93.89,'auto',-2,93.89333333336,0,'pcs',0,'','0','0','0','0','','',0,0,0,0,0,0,'0000-00-00','0000-00-00','0000-00-00',0,0,0,0,0,0,NULL),(481,2,'254',13,'001','2017-10-09',0,200,'auto',-2,200,0,'Kgs',0,'','0','0','0','0','','',0,0,0,0,0,0,'0000-00-00','0000-00-00','0000-00-00',0,0,0,0,0,0,NULL),(482,2,'712',13,'001','2017-10-09',0,920,'auto',-1,920,0,'Bottles',0,'','0','0','0','0','','',0,0,0,0,0,0,'0000-00-00','0000-00-00','0000-00-00',0,0,0,0,0,0,NULL),(483,2,'266',13,'001','2017-10-09',0,150,'auto',-2,150,0,'Kgs',0,'','0','0','0','0','','',0,0,0,0,0,0,'0000-00-00','0000-00-00','0000-00-00',0,0,0,0,0,0,NULL),(484,2,'389',13,'001','2017-10-09',0,4000,'auto',-1,4000,0,'Bottles',0,'','0','0','0','0','','',0,0,0,0,0,0,'0000-00-00','0000-00-00','0000-00-00',0,0,0,0,0,0,NULL),(485,2,'252',13,'001','2017-10-09',0,1500,'auto',-0.4,1500,0,'Kgs',0,'','0','0','0','0','','',0,0,0,0,0,0,'0000-00-00','0000-00-00','0000-00-00',0,0,0,0,0,0,NULL),(486,2,'249',13,'001','2017-10-09',0,1500,'auto',-0.6,1500,0,'Kgs',0,'','0','0','0','0','','',0,0,0,0,0,0,'0000-00-00','0000-00-00','0000-00-00',0,0,0,0,0,0,NULL),(487,2,'263',13,'001','2017-10-09',0,60,'auto',-2,60,0,'Kgs',0,'','0','0','0','0','','',0,0,0,0,0,0,'0000-00-00','0000-00-00','0000-00-00',0,0,0,0,0,0,NULL),(488,2,'301',13,'001','2017-10-09',0,100,'auto',-5,100,0,'Doz',0,'','0','0','0','0','','',0,0,0,0,0,0,'0000-00-00','0000-00-00','0000-00-00',0,0,0,0,0,0,NULL),(489,2,'736',13,'001','2017-10-09',0,300,'auto',-1,300,0,'Pack',0,'','0','0','0','0','','',0,0,0,0,0,0,'0000-00-00','0000-00-00','0000-00-00',0,0,0,0,0,0,NULL),(490,2,'281',13,'001','2017-10-09',0,300,'auto',-2,205,0,'Pack',0,'','0','0','0','0','','',0,0,0,0,0,0,'0000-00-00','0000-00-00','0000-00-00',0,0,0,0,0,0,NULL),(491,2,'798',13,'001','2017-10-09',0,620,'auto',-1,620,0,'Bottles',0,'','0','0','0','0','','',0,0,0,0,0,0,'0000-00-00','0000-00-00','0000-00-00',0,0,0,0,0,0,NULL),(492,2,'858',13,'001','2017-10-09',0,300,'auto',-1,300,0,'Pack',0,'','0','0','0','0','','',0,0,0,0,0,0,'0000-00-00','0000-00-00','0000-00-00',0,0,0,0,0,0,NULL),(493,2,'859',13,'001','2017-10-09',0,1000,'auto',-3.5,1000,0,'Kgs',0,'','0','0','0','0','','',0,0,0,0,0,0,'0000-00-00','0000-00-00','0000-00-00',0,0,0,0,0,0,NULL),(494,2,'860',13,'001','2017-10-09',0,500,'auto',-1,500,0,'Jar',0,'','0','0','0','0','','',0,0,0,0,0,0,'0000-00-00','0000-00-00','0000-00-00',0,0,0,0,0,0,NULL),(495,2,'589',13,'001','2017-10-09',0,1000,'auto',-0.8,1000,0,'Kgs',0,'','0','0','0','0','','',0,0,0,0,0,0,'0000-00-00','0000-00-00','0000-00-00',0,0,0,0,0,0,NULL),(496,2,'261',13,'001','2017-10-09',0,1200,'auto',-1.7,1200,0,'Kgs',0,'','0','0','0','0','','',0,0,0,0,0,0,'0000-00-00','0000-00-00','0000-00-00',0,0,0,0,0,0,NULL),(497,3,'531',13,'001','2017-10-09',0,1100,'auto',-74,1100,0,'pcs',0,'','0','0','0','0','','',0,0,0,0,0,0,'0000-00-00','0000-00-00','0000-00-00',0,0,0,0,0,0,NULL),(498,3,'514',13,'001','2017-10-09',0,100,'auto',-23,100,0,'pcs',0,'','0','0','0','0','','',0,0,0,0,0,0,'0000-00-00','0000-00-00','0000-00-00',0,0,0,0,0,0,NULL),(499,3,'533',13,'001','2017-10-09',0,100,'auto',-4,100,0,'pcs',0,'','0','0','0','0','','',0,0,0,0,0,0,'0000-00-00','0000-00-00','0000-00-00',0,0,0,0,0,0,NULL),(500,3,'517',13,'001','2017-10-09',0,325,'auto',-33,325,0,'pcs',0,'','0','0','0','0','','',0,0,0,0,0,0,'0000-00-00','0000-00-00','0000-00-00',0,0,0,0,0,0,NULL),(501,3,'524',13,'001','2017-10-09',0,200,'auto',-9,200,0,'pcs',0,'','0','0','0','0','','',0,0,0,0,0,0,'0000-00-00','0000-00-00','0000-00-00',0,0,0,0,0,0,NULL),(502,3,'525',13,'001','2017-10-09',0,100,'auto',-25,100,0,'pcs',0,'','0','0','0','0','','',0,0,0,0,0,0,'0000-00-00','0000-00-00','0000-00-00',0,0,0,0,0,0,NULL),(503,3,'504',13,'001','2017-10-09',0,800,'auto',-61,800,0,'pcs',0,'','0','0','0','0','','',0,0,0,0,0,0,'0000-00-00','0000-00-00','0000-00-00',0,0,0,0,0,0,NULL),(504,3,'503',13,'001','2017-10-09',0,750,'auto',-62,750,0,'pcs',0,'','0','0','0','0','','',0,0,0,0,0,0,'0000-00-00','0000-00-00','0000-00-00',0,0,0,0,0,0,NULL),(505,3,'518',13,'001','2017-10-09',0,100,'auto',-34,100,0,'pcs',0,'','0','0','0','0','','',0,0,0,0,0,0,'0000-00-00','0000-00-00','0000-00-00',0,0,0,0,0,0,NULL),(506,3,'502',13,'001','2017-10-09',0,400,'auto',-93,400,0,'pcs',0,'','0','0','0','0','','',0,0,0,0,0,0,'0000-00-00','0000-00-00','0000-00-00',0,0,0,0,0,0,NULL),(507,3,'505',13,'001','2017-10-09',0,650,'auto',-25,650,0,'pcs',0,'','0','0','0','0','','',0,0,0,0,0,0,'0000-00-00','0000-00-00','0000-00-00',0,0,0,0,0,0,NULL),(508,3,'506',13,'001','2017-10-09',0,650,'auto',-24,650,0,'pcs',0,'','0','0','0','0','','',0,0,0,0,0,0,'0000-00-00','0000-00-00','0000-00-00',0,0,0,0,0,0,NULL),(509,3,'511',13,'001','2017-10-09',0,150,'auto',-90,150,0,'pcs',0,'','0','0','0','0','','',0,0,0,0,0,0,'0000-00-00','0000-00-00','0000-00-00',0,0,0,0,0,0,NULL),(510,3,'513',13,'001','2017-10-09',0,200,'auto',-111,200,0,'pcs',0,'','0','0','0','0','','',0,0,0,0,0,0,'0000-00-00','0000-00-00','0000-00-00',0,0,0,0,0,0,NULL),(511,3,'510',13,'001','2017-10-09',0,200,'auto',-109,200,0,'pcs',0,'','0','0','0','0','','',0,0,0,0,0,0,'0000-00-00','0000-00-00','0000-00-00',0,0,0,0,0,0,NULL),(512,3,'501',13,'001','2017-10-09',0,0,'auto',-110,0,0,'pcs',0,'','0','0','0','0','','',0,0,0,0,0,0,'0000-00-00','0000-00-00','0000-00-00',0,0,0,0,0,0,NULL),(513,3,'512',13,'001','2017-10-09',0,200,'auto',-116,200,0,'pcs',0,'','0','0','0','0','','',0,0,0,0,0,0,'0000-00-00','0000-00-00','0000-00-00',0,0,0,0,0,0,NULL),(514,3,'528',13,'001','2017-10-09',0,1100,'auto',-32,1100,0,'pcs',0,'','0','0','0','0','','',0,0,0,0,0,0,'0000-00-00','0000-00-00','0000-00-00',0,0,0,0,0,0,NULL),(515,3,'529',13,'001','2017-10-09',0,850,'auto',-63,850,0,'pcs',0,'','0','0','0','0','','',0,0,0,0,0,0,'0000-00-00','0000-00-00','0000-00-00',0,0,0,0,0,0,NULL),(516,3,'534',13,'001','2017-10-09',0,200,'auto',-14,200,0,'pcs',0,'','0','0','0','0','','',0,0,0,0,0,0,'0000-00-00','0000-00-00','0000-00-00',0,0,0,0,0,0,NULL),(517,3,'530',13,'001','2017-10-09',0,50,'auto',-84,50,0,'pcs',0,'','0','0','0','0','','',0,0,0,0,0,0,'0000-00-00','0000-00-00','0000-00-00',0,0,0,0,0,0,NULL),(518,3,'544',13,'001','2017-10-09',0,250,'auto',-2,250,0,'pcs',0,'','0','0','0','0','','',0,0,0,0,0,0,'0000-00-00','0000-00-00','0000-00-00',0,0,0,0,0,0,NULL),(519,3,'545',13,'001','2017-10-09',0,150,'auto',-7,150,0,'pcs',0,'','0','0','0','0','','',0,0,0,0,0,0,'0000-00-00','0000-00-00','0000-00-00',0,0,0,0,0,0,NULL),(520,19,'861',25,'001','2017-10-08',20,310,'',1,310,0,'0',0,'1','','','','','','',0,0,0,0,0,0,'0000-00-00','0000-00-00','0000-00-00',0,0,0,0,0,0,NULL),(521,19,'862',25,'001','2017-10-08',20,264,'',1,264,0,'0',0,'1','','','','','','',0,0,0,0,0,0,'0000-00-00','0000-00-00','0000-00-00',0,0,0,0,0,0,NULL),(522,19,'290',25,'001','2017-10-08',20,416,'',6,416,0,'0',0,'1','','','','','','',0,0,0,0,0,0,'0000-00-00','0000-00-00','0000-00-00',0,0,0,0,0,0,NULL),(523,19,'396',25,'001','2017-10-08',20,210,'',6,341.81818181818,0,'0',0,'1','','','','','','',0,0,0,0,0,0,'0000-00-00','0000-00-00','0000-00-00',0,0,0,0,0,0,NULL),(524,19,'863',25,'001','2017-10-08',20,385,'',6,385,0,'0',0,'1','','','','','','',0,0,0,0,0,0,'0000-00-00','0000-00-00','0000-00-00',0,0,0,0,0,0,NULL),(525,19,'279',25,'001','2017-10-08',20,910,'',3,910,0,'0',0,'1','','','','','','',0,0,0,0,0,0,'0000-00-00','0000-00-00','0000-00-00',0,0,0,0,0,0,NULL),(526,19,'870',25,'001','2017-10-08',20,1430,'',3,1430,0,'0',0,'1','','','','','','',0,0,0,0,0,0,'0000-00-00','0000-00-00','0000-00-00',0,0,0,0,0,0,NULL),(527,19,'865',25,'001','2017-10-08',20,835,'',3,835,0,'0',0,'1','','','','','','',0,0,0,0,0,0,'0000-00-00','0000-00-00','0000-00-00',0,0,0,0,0,0,NULL),(528,19,'284',25,'001','2017-10-08',20,550,'',2,550,0,'0',0,'1','','','','','','',0,0,0,0,0,0,'0000-00-00','0000-00-00','0000-00-00',0,0,0,0,0,0,NULL),(529,19,'866',25,'001','2017-10-08',20,245,'',6,245,0,'0',0,'1','','','','','','',0,0,0,0,0,0,'0000-00-00','0000-00-00','0000-00-00',0,0,0,0,0,0,NULL),(530,19,'302',25,'001','2017-10-08',20,2350,'',4,2371.4285714286,0,'0',0,'1','','','','','','',0,0,0,0,0,0,'0000-00-00','0000-00-00','0000-00-00',0,0,0,0,0,0,NULL),(531,19,'274',25,'001','2017-10-08',20,350,'',3,292.85714285714,0,'0',0,'1','','','','','','',0,0,0,0,0,0,'0000-00-00','0000-00-00','0000-00-00',0,0,0,0,0,0,NULL),(532,19,'382',25,'001','2017-10-08',20,195,'',12,221.30434782609,0,'0',0,'1','','','','','','',0,0,0,0,0,0,'0000-00-00','0000-00-00','0000-00-00',0,0,0,0,0,0,NULL),(533,19,'867',25,'001','2017-10-08',20,1400,'',2,1400,0,'0',0,'1','','','','','','',0,0,0,0,0,0,'0000-00-00','0000-00-00','0000-00-00',0,0,0,0,0,0,NULL),(534,19,'868',25,'001','2017-10-08',20,2970,'',5,2970,0,'0',0,'1','','','','','','',0,0,0,0,0,0,'0000-00-00','0000-00-00','0000-00-00',0,0,0,0,0,0,NULL),(535,19,'800',25,'001','2017-10-08',20,491.91,'',24,491.91,0,'0',0,'1','','','','','','',0,0,0,0,0,0,'0000-00-00','0000-00-00','0000-00-00',0,0,0,0,0,0,NULL),(536,19,'293',25,'001','2017-10-08',20,265,'',4,265,0,'0',0,'1','','','','','','',0,0,0,0,0,0,'0000-00-00','0000-00-00','0000-00-00',0,0,0,0,0,0,NULL),(537,19,'795',25,'001','2017-10-08',20,110,'',6,166,0,'0',0,'1','','','','','','',0,0,0,0,0,0,'0000-00-00','0000-00-00','0000-00-00',0,0,0,0,0,0,NULL),(538,19,'869',25,'001','2017-10-08',20,670,'',6,670,0,'0',0,'1','','','','','','',0,0,0,0,0,0,'0000-00-00','0000-00-00','0000-00-00',0,0,0,0,0,0,NULL),(539,19,'362',25,'001','2017-10-08',20,575,'',3,631.25,0,'0',0,'1','','','','','','',0,0,0,0,0,0,'0000-00-00','0000-00-00','0000-00-00',0,0,0,0,0,0,NULL),(540,19,'308',25,'001','2017-10-08',20,350,'',6,320,0,'0',0,'1','','','','','','',0,0,0,0,0,0,'0000-00-00','0000-00-00','0000-00-00',0,0,0,0,0,0,NULL),(541,19,'321',25,'001','2017-10-08',20,1000,'',2,933.33333333333,0,'0',0,'1','','','','','','',0,0,0,0,0,0,'0000-00-00','0000-00-00','0000-00-00',0,0,0,0,0,0,NULL),(542,19,'372',25,'001','2017-10-08',20,395,'',4,392,0,'0',0,'1','','','','','','',0,0,0,0,0,0,'0000-00-00','0000-00-00','0000-00-00',0,0,0,0,0,0,NULL),(543,19,'373',25,'001','2017-10-08',20,395,'',4,395,0,'0',0,'1','','','','','','',0,0,0,0,0,0,'0000-00-00','0000-00-00','0000-00-00',0,0,0,0,0,0,NULL),(544,19,'794',25,'001','2017-10-08',20,342,'',6,267.07692307692,0,'0',0,'1','','','','','','',0,0,0,0,0,0,'0000-00-00','0000-00-00','0000-00-00',0,0,0,0,0,0,NULL),(545,19,'292',25,'001','2017-10-08',20,275,'',3,275,0,'0',0,'1','','','','','','',0,0,0,0,0,0,'0000-00-00','0000-00-00','0000-00-00',0,0,0,0,0,0,NULL),(546,21,'871',17,'001','2017-10-09',0,0,'IA021/10/2017',0.7,250,0,'',0,'','','','','','','0',0,0,0,0,0,0,'0000-00-00','0000-00-00','0000-00-00',0,0,0,0,0,0,NULL),(547,21,'867',17,'001','2017-10-09',0,0,'IA021/10/2017',1,1400,0,'',0,'','','','','','','0',0,0,0,0,0,0,'0000-00-00','0000-00-00','0000-00-00',0,0,0,0,0,0,NULL),(548,21,'873',17,'001','2017-10-09',0,0,'IA021/10/2017',1,400,0,'',0,'','','','','','','0',0,0,0,0,0,0,'0000-00-00','0000-00-00','0000-00-00',0,0,0,0,0,0,NULL),(549,21,'872',17,'001','2017-10-09',0,0,'IA021/10/2017',1,70,0,'',0,'','','','','','','0',0,0,0,0,0,0,'0000-00-00','0000-00-00','0000-00-00',0,0,0,0,0,0,NULL),(550,21,'866',17,'001','2017-10-09',0,0,'IA021/10/2017',1,245,0,'',0,'','','','','','','0',0,0,0,0,0,0,'0000-00-00','0000-00-00','0000-00-00',0,0,0,0,0,0,NULL),(551,4,'871',13,'001','2017-10-09',0,250,'auto',-0.7,250,0,'Kgs',0,'','','','','','','',0,0,0,0,0,0,'0000-00-00','0000-00-00','0000-00-00',0,0,0,0,0,0,NULL),(552,4,'867',13,'001','2017-10-09',0,1400,'auto',-1,1400,0,'Bottles',0,'','','','','','','',0,0,0,0,0,0,'0000-00-00','0000-00-00','0000-00-00',0,0,0,0,0,0,NULL),(553,4,'872',13,'001','2017-10-09',0,70,'auto',-1,70,0,'Pack',0,'','','','','','','',0,0,0,0,0,0,'0000-00-00','0000-00-00','0000-00-00',0,0,0,0,0,0,NULL),(554,4,'866',13,'001','2017-10-09',0,245,'auto',-1,245,0,'Bottles',0,'','','','','','','',0,0,0,0,0,0,'0000-00-00','0000-00-00','0000-00-00',0,0,0,0,0,0,NULL),(555,20,'301',25,'001','2017-10-08',2,100,'',7.5,100,0,'0',0,'1','','','','','','',0,0,0,0,0,0,'0000-00-00','0000-00-00','0000-00-00',0,0,0,0,0,0,NULL),(556,20,'230',25,'001','2017-10-08',2,70,'',5,70,0,'0',0,'1','','','','','','',0,0,0,0,0,0,'0000-00-00','0000-00-00','0000-00-00',0,0,0,0,0,0,NULL),(557,21,'271',25,'001','2017-10-07',2,135,'',2,135,0,'0',0,'1','','','','','','',0,0,0,0,0,0,'0000-00-00','0000-00-00','0000-00-00',0,0,0,0,0,0,NULL),(558,21,'303',25,'001','2017-10-07',2,170,'',50,170,0,'0',0,'1','','','','','','',0,0,0,0,0,0,'0000-00-00','0000-00-00','0000-00-00',0,0,0,0,0,0,NULL),(559,21,'203',25,'001','2017-10-07',2,135,'',4,135,0,'0',0,'1','','','','','','',0,0,0,0,0,0,'0000-00-00','0000-00-00','0000-00-00',0,0,0,0,0,0,NULL),(560,21,'875',25,'001','2017-10-07',2,250,'',2,250,0,'0',0,'1','','','','','','',0,0,0,0,0,0,'0000-00-00','0000-00-00','0000-00-00',0,0,0,0,0,0,NULL),(561,21,'874',25,'001','2017-10-07',2,15,'',4,15,0,'0',0,'1','','','','','','',0,0,0,0,0,0,'0000-00-00','0000-00-00','0000-00-00',0,0,0,0,0,0,NULL),(562,21,'301',25,'001','2017-10-07',2,100,'',7.5,100,0,'0',0,'1','','','','','','',0,0,0,0,0,0,'0000-00-00','0000-00-00','0000-00-00',0,0,0,0,0,0,NULL),(563,21,'876',25,'001','2017-10-07',2,120,'',2,120,0,'0',0,'1','','','','','','',0,0,0,0,0,0,'0000-00-00','0000-00-00','0000-00-00',0,0,0,0,0,0,NULL),(564,21,'265',25,'001','2017-10-07',2,60,'',5,60,0,'0',0,'1','','','','','','',0,0,0,0,0,0,'0000-00-00','0000-00-00','0000-00-00',0,0,0,0,0,0,NULL),(565,22,'877',25,'001','2017-10-06',18,300,'',2,300,0,'0',0,'1','','','','','','',0,0,0,0,0,0,'0000-00-00','0000-00-00','0000-00-00',0,0,0,0,0,0,NULL),(566,23,'877',25,'001','2017-10-09',18,300,'',5,300,0,'0',0,'1','','','','','','',0,0,0,0,0,0,'0000-00-00','0000-00-00','0000-00-00',0,0,0,0,0,0,NULL),(567,24,'877',25,'001','2017-10-07',18,600,'',2,366.66666666667,0,'0',0,'1','','','','','','',0,0,0,0,0,0,'0000-00-00','0000-00-00','0000-00-00',0,0,0,0,0,0,NULL),(568,25,'350',25,'001','2017-10-08',21,650,'',5,716.66666666667,0,'0',0,'1','','','','','','',0,0,0,0,0,0,'0000-00-00','0000-00-00','0000-00-00',0,0,0,0,0,0,NULL),(569,26,'230',25,'001','2017-10-09',2,110,'',10,96.666666666667,0,'0',0,'1','','','','','','',0,0,0,0,0,0,'0000-00-00','0000-00-00','0000-00-00',0,0,0,0,0,0,NULL),(570,26,'301',25,'001','2017-10-09',2,100,'',12.5,100,0,'0',0,'1','','','','','','',0,0,0,0,0,0,'0000-00-00','0000-00-00','0000-00-00',0,0,0,0,0,0,NULL),(571,26,'265',25,'001','2017-10-09',2,60,'',10,60,0,'0',0,'1','','','','','','',0,0,0,0,0,0,'0000-00-00','0000-00-00','0000-00-00',0,0,0,0,0,0,NULL),(572,26,'204',25,'001','2017-10-09',2,130,'',24,127.55102040816,0,'0',0,'1','','','','','','',0,0,0,0,0,0,'0000-00-00','0000-00-00','0000-00-00',0,0,0,0,0,0,NULL),(573,26,'203',25,'001','2017-10-09',2,135,'',6,135,0,'0',0,'1','','','','','','',0,0,0,0,0,0,'0000-00-00','0000-00-00','0000-00-00',0,0,0,0,0,0,NULL),(574,27,'201',25,'001','2017-10-06',14,280,'',20,280,0,'0',0,'1','','','','','','',0,0,0,0,0,0,'0000-00-00','0000-00-00','0000-00-00',0,0,0,0,0,0,NULL),(575,28,'201',25,'001','2017-10-09',14,280,'',1,280,0,'0',0,'1','','','','','','',0,0,0,0,0,0,'0000-00-00','0000-00-00','0000-00-00',0,0,0,0,0,0,NULL),(576,29,'402',25,'001','2017-10-07',17,80,'',5,80,0,'0',0,'1','','','','','','',0,0,0,0,0,0,'0000-00-00','0000-00-00','0000-00-00',0,0,0,0,0,0,NULL),(577,29,'409',25,'001','2017-10-07',17,500,'',1,500,0,'0',0,'1','','','','','','',0,0,0,0,0,0,'0000-00-00','0000-00-00','0000-00-00',0,0,0,0,0,0,NULL),(578,29,'411',25,'001','2017-10-07',17,120,'',4,120,0,'0',0,'1','','','','','','',0,0,0,0,0,0,'0000-00-00','0000-00-00','0000-00-00',0,0,0,0,0,0,NULL),(579,29,'406',25,'001','2017-10-07',17,80,'',3,80,0,'0',0,'1','','','','','','',0,0,0,0,0,0,'0000-00-00','0000-00-00','0000-00-00',0,0,0,0,0,0,NULL),(580,29,'739',25,'001','2017-10-07',17,1400,'',0.5,1400,0,'0',0,'1','','','','','','',0,0,0,0,0,0,'0000-00-00','0000-00-00','0000-00-00',0,0,0,0,0,0,NULL),(581,29,'738',25,'001','2017-10-07',17,400,'',0.5,400,0,'0',0,'1','','','','','','',0,0,0,0,0,0,'0000-00-00','0000-00-00','0000-00-00',0,0,0,0,0,0,NULL),(582,30,'407',25,'001','2017-10-07',17,40,'',4,40,0,'0',0,'1','','','','','','',0,0,0,0,0,0,'0000-00-00','0000-00-00','0000-00-00',0,0,0,0,0,0,NULL),(583,30,'740',25,'001','2017-10-07',17,240,'',1,240,0,'0',0,'1','','','','','','',0,0,0,0,0,0,'0000-00-00','0000-00-00','0000-00-00',0,0,0,0,0,0,NULL),(584,30,'418',25,'001','2017-10-07',17,100,'',0.25,100,0,'0',0,'1','','','','','','',0,0,0,0,0,0,'0000-00-00','0000-00-00','0000-00-00',0,0,0,0,0,0,NULL),(585,30,'401',25,'001','2017-10-07',17,80,'',3,80,0,'0',0,'1','','','','','','',0,0,0,0,0,0,'0000-00-00','0000-00-00','0000-00-00',0,0,0,0,0,0,NULL),(586,30,'1741',25,'001','2017-10-07',17,35,'',8,35,0,'0',0,'1','','','','','','',0,0,0,0,0,0,'0000-00-00','0000-00-00','0000-00-00',0,0,0,0,0,0,NULL),(587,31,'417',25,'001','2017-10-08',17,200,'',0.25,200,0,'0',0,'1','','','','','','',0,0,0,0,0,0,'0000-00-00','0000-00-00','0000-00-00',0,0,0,0,0,0,NULL),(588,31,'1100',25,'001','2017-10-08',17,200,'',1,200,0,'0',0,'1','','','','','','',0,0,0,0,0,0,'0000-00-00','0000-00-00','0000-00-00',0,0,0,0,0,0,NULL),(589,32,'401',25,'001','2017-10-08',17,85,'',2,82,0,'0',0,'1','','','','','','',0,0,0,0,0,0,'0000-00-00','0000-00-00','0000-00-00',0,0,0,0,0,0,NULL),(590,32,'740',25,'001','2017-10-08',17,140,'',1,190,0,'0',0,'1','','','','','','',0,0,0,0,0,0,'0000-00-00','0000-00-00','0000-00-00',0,0,0,0,0,0,NULL),(591,32,'418',25,'001','2017-10-08',17,100,'',0.25,100,0,'0',0,'1','','','','','','',0,0,0,0,0,0,'0000-00-00','0000-00-00','0000-00-00',0,0,0,0,0,0,NULL),(592,33,'271',25,'001','2017-10-06',12,125,'',3,129,0,'0',0,'1','','','','','','',0,0,0,0,0,0,'0000-00-00','0000-00-00','0000-00-00',0,0,0,0,0,0,NULL),(593,33,'878',25,'001','2017-10-06',12,850,'',1,850,0,'0',0,'1','','','','','','',0,0,0,0,0,0,'0000-00-00','0000-00-00','0000-00-00',0,0,0,0,0,0,NULL),(598,35,'822',25,'001','2017-10-06',23,21.22,'',180,21.76875,0,'0',0,'1','','','','','','',0,0,0,0,0,0,'0000-00-00','0000-00-00','0000-00-00',0,0,0,0,0,0,NULL),(599,36,'879',25,'001','2017-10-09',15,40,'',1,40,0,'0',0,'1','','','','','','',0,0,0,0,0,0,'0000-00-00','0000-00-00','0000-00-00',0,0,0,0,0,0,NULL),(600,36,'710',25,'001','2017-10-09',15,35,'',4,34,0,'0',0,'1','','','','','','',0,0,0,0,0,0,'0000-00-00','0000-00-00','0000-00-00',0,0,0,0,0,0,NULL),(601,36,'281',25,'001','2017-10-09',15,45,'',4,125,0,'0',0,'1','','','','','','',0,0,0,0,0,0,'0000-00-00','0000-00-00','0000-00-00',0,0,0,0,0,0,NULL),(602,36,'799',25,'001','2017-10-09',15,280,'',1,280,0,'0',0,'1','','','','','','',0,0,0,0,0,0,'0000-00-00','0000-00-00','0000-00-00',0,0,0,0,0,0,NULL),(603,36,'233',25,'001','2017-10-09',15,93.75,'',24,93.85750000002,0,'0',0,'1','','','','','','',0,0,0,0,0,0,'0000-00-00','0000-00-00','0000-00-00',0,0,0,0,0,0,NULL),(604,36,'265',25,'001','2017-10-09',15,60,'',10,60,0,'0',0,'1','','','','','','',0,0,0,0,0,0,'0000-00-00','0000-00-00','0000-00-00',0,0,0,0,0,0,NULL),(605,36,'880',25,'001','2017-10-09',15,195,'',2,195,0,'0',0,'1','','','','','','',0,0,0,0,0,0,'0000-00-00','0000-00-00','0000-00-00',0,0,0,0,0,0,NULL),(606,37,'801',25,'001','2017-10-07',22,44.58,'',180,45.089473684211,0,'0',0,'1','','','','','','',0,0,0,0,0,0,'0000-00-00','0000-00-00','0000-00-00',0,0,0,0,0,0,NULL),(607,37,'805',25,'001','2017-10-07',22,44.58,'',180,44.58,0,'0',0,'1','','','','','','',0,0,0,0,0,0,'0000-00-00','0000-00-00','0000-00-00',0,0,0,0,0,0,NULL),(608,37,'809',25,'001','2017-10-07',22,31,'',24,31,0,'0',0,'1','','','','','','',0,0,0,0,0,0,'0000-00-00','0000-00-00','0000-00-00',0,0,0,0,0,0,NULL),(609,37,'824',25,'001','2017-10-07',22,18.33,'',60,18.33,0,'0',0,'1','','','','','','',0,0,0,0,0,0,'0000-00-00','0000-00-00','0000-00-00',0,0,0,0,0,0,NULL),(610,22,'857',17,'001','2017-10-09',0,0,'IA022/10/2017',15,360,0,'',0,'','','','','','','0',0,0,0,0,0,0,'0000-00-00','0000-00-00','0000-00-00',0,0,0,0,0,0,NULL),(611,5,'303',13,'001','2017-10-09',0,170,'auto',-5,170,0,'Kgs',0,'','','','','','','',0,0,0,0,0,0,'0000-00-00','0000-00-00','0000-00-00',0,0,0,0,0,0,NULL),(612,5,'246',13,'001','2017-10-09',0,300,'auto',-2,300,0,'pcs',0,'','','','','','','',0,0,0,0,0,0,'0000-00-00','0000-00-00','0000-00-00',0,0,0,0,0,0,NULL),(613,5,'356',13,'001','2017-10-09',0,200,'auto',-1,200,0,'Jar',0,'','','','','','','',0,0,0,0,0,0,'0000-00-00','0000-00-00','0000-00-00',0,0,0,0,0,0,NULL),(614,5,'272',13,'001','2017-10-09',0,560,'auto',-1,560,0,'pcs',0,'','','','','','','',0,0,0,0,0,0,'0000-00-00','0000-00-00','0000-00-00',0,0,0,0,0,0,NULL),(615,5,'306',13,'001','2017-10-09',0,360,'auto',-1,360,0,'Pack',0,'','','','','','','',0,0,0,0,0,0,'0000-00-00','0000-00-00','0000-00-00',0,0,0,0,0,0,NULL),(616,5,'201',13,'001','2017-10-09',0,280,'auto',-6,280,0,'Kgs',0,'','','','','','','',0,0,0,0,0,0,'0000-00-00','0000-00-00','0000-00-00',0,0,0,0,0,0,NULL),(617,5,'762',13,'001','2017-10-09',0,600,'auto',-1,600,0,'Bottles',0,'','','','','','','',0,0,0,0,0,0,'0000-00-00','0000-00-00','0000-00-00',0,0,0,0,0,0,NULL),(618,5,'776',13,'001','2017-10-09',0,400,'auto',-1,400,0,'Bottles',0,'','','','','','','',0,0,0,0,0,0,'0000-00-00','0000-00-00','0000-00-00',0,0,0,0,0,0,NULL),(619,5,'774',13,'001','2017-10-09',0,250,'auto',-1,250,0,'Pack',0,'','','','','','','',0,0,0,0,0,0,'0000-00-00','0000-00-00','0000-00-00',0,0,0,0,0,0,NULL),(620,5,'271',13,'001','2017-10-09',0,129,'auto',-2,129,0,'Bottles',0,'','','','','','','',0,0,0,0,0,0,'0000-00-00','0000-00-00','0000-00-00',0,0,0,0,0,0,NULL),(621,5,'300',13,'001','2017-10-09',0,400,'auto',-1,400,0,'Bottles',0,'','','','','','','',0,0,0,0,0,0,'0000-00-00','0000-00-00','0000-00-00',0,0,0,0,0,0,NULL),(622,5,'791',13,'001','2017-10-09',0,160,'auto',-1,160,0,'Pack',0,'','','','','','','',0,0,0,0,0,0,'0000-00-00','0000-00-00','0000-00-00',0,0,0,0,0,0,NULL),(623,5,'204',13,'001','2017-10-09',0,127.55,'auto',-1,127.55102040816,0,'Kgs',0,'','','','','','','',0,0,0,0,0,0,'0000-00-00','0000-00-00','0000-00-00',0,0,0,0,0,0,NULL),(624,5,'857',13,'001','2017-10-09',0,360,'auto',-6,360,0,'Kgs',0,'','','','','','','',0,0,0,0,0,0,'0000-00-00','0000-00-00','0000-00-00',0,0,0,0,0,0,NULL),(625,5,'805',13,'001','2017-10-09',0,44.58,'auto',-36,44.58,0,'Bottles',0,'','','','','','','',0,0,0,0,0,0,'0000-00-00','0000-00-00','0000-00-00',0,0,0,0,0,0,NULL),(626,5,'822',13,'001','2017-10-09',0,21.77,'auto',-12,21.76875,0,'Bottles',0,'','','','','','','',0,0,0,0,0,0,'0000-00-00','0000-00-00','0000-00-00',0,0,0,0,0,0,NULL),(627,5,'801',13,'001','2017-10-09',0,45.09,'auto',-12,45.089473684211,0,'Bottles',0,'','','','','','','',0,0,0,0,0,0,'0000-00-00','0000-00-00','0000-00-00',0,0,0,0,0,0,NULL),(628,5,'782',13,'001','2017-10-09',0,250,'auto',-1,250,0,'Bottles',0,'','','','','','','',0,0,0,0,0,0,'0000-00-00','0000-00-00','0000-00-00',0,0,0,0,0,0,NULL),(629,5,'350',13,'001','2017-10-09',0,716.67,'auto',-2,716.66666666667,0,'Pack',0,'','','','','','','',0,0,0,0,0,0,'0000-00-00','0000-00-00','0000-00-00',0,0,0,0,0,0,NULL),(630,5,'106',13,'001','2017-10-09',0,363,'auto',-6,360,0,'Kgs',0,'','','','','','','',0,0,0,0,0,0,'0000-00-00','0000-00-00','0000-00-00',0,0,0,0,0,0,NULL),(631,5,'233',13,'001','2017-10-09',0,93.86,'auto',-10,93.85750000002,0,'pcs',0,'','','','','','','',0,0,0,0,0,0,'0000-00-00','0000-00-00','0000-00-00',0,0,0,0,0,0,NULL),(632,5,'371',13,'001','2017-10-09',0,176,'auto',-10,176,0,'Pack',0,'','','','','','','',0,0,0,0,0,0,'0000-00-00','0000-00-00','0000-00-00',0,0,0,0,0,0,NULL),(633,5,'294',13,'001','2017-10-09',0,127.42,'auto',-7,127.42193548387,0,'Pack',0,'','','','','','','',0,0,0,0,0,0,'0000-00-00','0000-00-00','0000-00-00',0,0,0,0,0,0,NULL),(634,5,'413',13,'001','2017-10-09',0,290,'auto',-2,290,0,'Kgs',0,'','','','','','','',0,0,0,0,0,0,'0000-00-00','0000-00-00','0000-00-00',0,0,0,0,0,0,NULL),(635,5,'106',13,'001','2017-10-09',0,360,'auto',-3,360,0,'Kgs',0,'','','','','','','',0,0,0,0,0,0,'0000-00-00','0000-00-00','0000-00-00',0,0,0,0,0,0,NULL),(636,5,'230',13,'001','2017-10-09',0,96.67,'auto',-6,96.666666666667,0,'Kgs',0,'','','','','','','',0,0,0,0,0,0,'0000-00-00','0000-00-00','0000-00-00',0,0,0,0,0,0,NULL),(637,5,'201',13,'001','2017-10-09',0,280,'auto',-2,280,0,'Kgs',0,'','','','','','','',0,0,0,0,0,0,'0000-00-00','0000-00-00','0000-00-00',0,0,0,0,0,0,NULL),(638,5,'233',13,'001','2017-10-09',0,93.86,'auto',-6,93.85750000002,0,'pcs',0,'','','','','','','',0,0,0,0,0,0,'0000-00-00','0000-00-00','0000-00-00',0,0,0,0,0,0,NULL),(639,5,'777',13,'001','2017-10-09',0,2500,'auto',-0.3,2500,0,'Kgs',0,'','','','','','','',0,0,0,0,0,0,'0000-00-00','0000-00-00','0000-00-00',0,0,0,0,0,0,NULL),(640,5,'203',13,'001','2017-10-09',0,135,'auto',-2,135,0,'Kgs',0,'','','','','','','',0,0,0,0,0,0,'0000-00-00','0000-00-00','0000-00-00',0,0,0,0,0,0,NULL),(641,5,'232',13,'001','2017-10-09',0,285,'auto',-0.5,285,0,'Kgs',0,'','','','','','','',0,0,0,0,0,0,'0000-00-00','0000-00-00','0000-00-00',0,0,0,0,0,0,NULL),(642,6,'274',13,'001','2017-10-08',0,292.86,'auto',-1,292.85714285714,0,'Bottles',0,'','','','','','','',0,0,0,0,0,0,'0000-00-00','0000-00-00','0000-00-00',0,0,0,0,0,0,NULL),(643,6,'294',13,'001','2017-10-08',0,127.42,'auto',-7,127.42193548387,0,'Pack',0,'','','','','','','',0,0,0,0,0,0,'0000-00-00','0000-00-00','0000-00-00',0,0,0,0,0,0,NULL),(644,6,'795',13,'001','2017-10-08',0,166,'auto',-2,166,0,'Pack',0,'','','','','','','',0,0,0,0,0,0,'0000-00-00','0000-00-00','0000-00-00',0,0,0,0,0,0,NULL),(645,6,'201',13,'001','2017-10-08',0,280,'auto',-4,280,0,'Kgs',0,'','','','','','','',0,0,0,0,0,0,'0000-00-00','0000-00-00','0000-00-00',0,0,0,0,0,0,NULL),(646,6,'306',13,'001','2017-10-08',0,360,'auto',-1,360,0,'Pack',0,'','','','','','','',0,0,0,0,0,0,'0000-00-00','0000-00-00','0000-00-00',0,0,0,0,0,0,NULL),(647,6,'308',13,'001','2017-10-08',0,320,'auto',-1,320,0,'Pack',0,'','','','','','','',0,0,0,0,0,0,'0000-00-00','0000-00-00','0000-00-00',0,0,0,0,0,0,NULL),(648,6,'301',13,'001','2017-10-08',0,100,'auto',-7.5,100,0,'Doz',0,'','','','','','','',0,0,0,0,0,0,'0000-00-00','0000-00-00','0000-00-00',0,0,0,0,0,0,NULL),(649,6,'790',13,'001','2017-10-08',0,130,'auto',-5,130,0,'Kgs',0,'','','','','','','',0,0,0,0,0,0,'0000-00-00','0000-00-00','0000-00-00',0,0,0,0,0,0,NULL),(650,6,'856',13,'001','2017-10-08',0,2000,'auto',-1,2000,0,'Pack',0,'','','','','','','',0,0,0,0,0,0,'0000-00-00','0000-00-00','0000-00-00',0,0,0,0,0,0,NULL),(651,6,'205',13,'001','2017-10-08',0,500,'auto',-3,500,0,'Kgs',0,'','','','','','','',0,0,0,0,0,0,'0000-00-00','0000-00-00','0000-00-00',0,0,0,0,0,0,NULL),(652,6,'309',13,'001','2017-10-08',0,300,'auto',-1,300,0,'Pack',0,'','','','','','','',0,0,0,0,0,0,'0000-00-00','0000-00-00','0000-00-00',0,0,0,0,0,0,NULL),(653,6,'153',13,'001','2017-10-08',0,1300,'auto',-1,1300,0,'Kgs',0,'','','','','','','',0,0,0,0,0,0,'0000-00-00','0000-00-00','0000-00-00',0,0,0,0,0,0,NULL),(654,6,'335',13,'001','2017-10-08',0,400,'auto',-1,400,0,'Bottles',0,'','','','','','','',0,0,0,0,0,0,'0000-00-00','0000-00-00','0000-00-00',0,0,0,0,0,0,NULL),(655,6,'334',13,'001','2017-10-08',0,400,'auto',-1,400,0,'Bottles',0,'','','','','','','',0,0,0,0,0,0,'0000-00-00','0000-00-00','0000-00-00',0,0,0,0,0,0,NULL),(656,6,'790',13,'001','2017-10-08',0,130,'auto',-4,130,0,'Kgs',0,'','','','','','','',0,0,0,0,0,0,'0000-00-00','0000-00-00','0000-00-00',0,0,0,0,0,0,NULL),(657,6,'265',13,'001','2017-10-08',0,60,'auto',-4,60,0,'Kgs',0,'','','','','','','',0,0,0,0,0,0,'0000-00-00','0000-00-00','0000-00-00',0,0,0,0,0,0,NULL),(658,6,'613',13,'001','2017-10-08',0,77.72,'auto',-1,50,0,'Kgs',0,'','','','','','','',0,0,0,0,0,0,'0000-00-00','0000-00-00','0000-00-00',0,0,0,0,0,0,NULL),(659,6,'705',13,'001','2017-10-08',0,77.72,'auto',-3,40,0,'Kgs',0,'','','','','','','',0,0,0,0,0,0,'0000-00-00','0000-00-00','0000-00-00',0,0,0,0,0,0,NULL),(660,6,'801',13,'001','2017-10-08',0,45.09,'auto',-48,45.089473684211,0,'Bottles',0,'','','','','','','',0,0,0,0,0,0,'0000-00-00','0000-00-00','0000-00-00',0,0,0,0,0,0,NULL),(661,6,'805',13,'001','2017-10-08',0,44.58,'auto',-48,44.58,0,'Bottles',0,'','','','','','','',0,0,0,0,0,0,'0000-00-00','0000-00-00','0000-00-00',0,0,0,0,0,0,NULL),(662,6,'824',13,'001','2017-10-08',0,77.72,'auto',-48,18.33,0,'Kgs',0,'','','','','','','',0,0,0,0,0,0,'0000-00-00','0000-00-00','0000-00-00',0,0,0,0,0,0,NULL),(663,6,'800',13,'001','2017-10-08',0,77.72,'auto',-2,491.91,0,'Kgs',0,'','','','','','','',0,0,0,0,0,0,'0000-00-00','0000-00-00','0000-00-00',0,0,0,0,0,0,NULL),(664,7,'303',13,'001','2017-10-09',0,170,'auto',-5,170,0,'Kgs',0,'','','','','','','',0,0,0,0,0,0,'0000-00-00','0000-00-00','0000-00-00',0,0,0,0,0,0,NULL),(665,7,'204',13,'001','2017-10-09',0,127.55,'auto',-3,127.55102040816,0,'Kgs',0,'','','','','','','',0,0,0,0,0,0,'0000-00-00','0000-00-00','0000-00-00',0,0,0,0,0,0,NULL),(666,7,'233',13,'001','2017-10-09',0,93.86,'auto',-24,93.85750000002,0,'pcs',0,'','','','','','','',0,0,0,0,0,0,'0000-00-00','0000-00-00','0000-00-00',0,0,0,0,0,0,NULL),(667,7,'201',13,'001','2017-10-09',0,280,'auto',-6,280,0,'Kgs',0,'','','','','','','',0,0,0,0,0,0,'0000-00-00','0000-00-00','0000-00-00',0,0,0,0,0,0,NULL),(668,7,'850',13,'001','2017-10-09',0,180,'auto',-3,180,0,'Kgs',0,'','','','','','','',0,0,0,0,0,0,'0000-00-00','0000-00-00','0000-00-00',0,0,0,0,0,0,NULL),(669,7,'371',13,'001','2017-10-09',0,176,'auto',-1,176,0,'Pack',0,'','','','','','','',0,0,0,0,0,0,'0000-00-00','0000-00-00','0000-00-00',0,0,0,0,0,0,NULL),(670,7,'418',13,'001','2017-10-09',0,100,'auto',-0.25,100,0,'Kgs',0,'','','','','','','',0,0,0,0,0,0,'0000-00-00','0000-00-00','0000-00-00',0,0,0,0,0,0,NULL),(671,7,'401',13,'001','2017-10-09',0,82,'auto',-2,82,0,'Kgs',0,'','','','','','','',0,0,0,0,0,0,'0000-00-00','0000-00-00','0000-00-00',0,0,0,0,0,0,NULL),(672,7,'1100',13,'001','2017-10-09',0,200,'auto',-1,200,0,'Kgs',0,'','','','','','','',0,0,0,0,0,0,'0000-00-00','0000-00-00','0000-00-00',0,0,0,0,0,0,NULL),(673,7,'740',13,'001','2017-10-09',0,190,'auto',-2,190,0,'Kgs',0,'','','','','','','',0,0,0,0,0,0,'0000-00-00','0000-00-00','0000-00-00',0,0,0,0,0,0,NULL),(674,7,'417',13,'001','2017-10-09',0,200,'auto',-0.25,200,0,'Kgs',0,'','','','','','','',0,0,0,0,0,0,'0000-00-00','0000-00-00','0000-00-00',0,0,0,0,0,0,NULL),(675,7,'153',13,'001','2017-10-09',0,1300,'auto',-1,1300,0,'Kgs',0,'','','','','','','',0,0,0,0,0,0,'0000-00-00','0000-00-00','0000-00-00',0,0,0,0,0,0,NULL),(676,7,'294',13,'001','2017-10-09',0,127.42,'auto',-9,127.42193548387,0,'Pack',0,'','','','','','','',0,0,0,0,0,0,'0000-00-00','0000-00-00','0000-00-00',0,0,0,0,0,0,NULL),(677,7,'314',13,'001','2017-10-09',0,20,'auto',-1,20,0,'Pack',0,'','','','','','','',0,0,0,0,0,0,'0000-00-00','0000-00-00','0000-00-00',0,0,0,0,0,0,NULL),(678,7,'800',13,'001','2017-10-09',0,491.91,'auto',-2,491.91,0,'Jar',1,'','','','','','','',0,0,0,0,0,0,'0000-00-00','0000-00-00','0000-00-00',0,0,0,0,0,0,NULL),(679,7,'309',13,'001','2017-10-09',0,300,'auto',-1,300,0,'Pack',0,'','','','','','','',0,0,0,0,0,0,'0000-00-00','0000-00-00','0000-00-00',0,0,0,0,0,0,NULL),(680,7,'272',13,'001','2017-10-09',0,560,'auto',-1,560,0,'pcs',0,'','','','','','','',0,0,0,0,0,0,'0000-00-00','0000-00-00','0000-00-00',0,0,0,0,0,0,NULL),(681,7,'867',13,'001','2017-10-09',0,1400,'auto',-1,1400,0,'Bottles',0,'','','','','','','',0,0,0,0,0,0,'0000-00-00','0000-00-00','0000-00-00',0,0,0,0,0,0,NULL),(682,7,'396',13,'001','2017-10-09',0,341.82,'auto',-1,341.81818181818,0,'Bottles',0,'','','','','','','',0,0,0,0,0,0,'0000-00-00','0000-00-00','0000-00-00',0,0,0,0,0,0,NULL),(683,7,'767',13,'001','2017-10-09',0,250,'auto',-1,250,0,'Bottles',0,'','','','','','','',0,0,0,0,0,0,'0000-00-00','0000-00-00','0000-00-00',0,0,0,0,0,0,NULL),(684,7,'262',13,'001','2017-10-09',0,4000,'auto',-0.2,4000,0,'Kgs',0,'','','','','','','',0,0,0,0,0,0,'0000-00-00','0000-00-00','0000-00-00',0,0,0,0,0,0,NULL),(685,7,'319',13,'001','2017-10-09',0,250,'auto',-3,250,0,'Pack',0,'','','','','','','',0,0,0,0,0,0,'0000-00-00','0000-00-00','0000-00-00',0,0,0,0,0,0,NULL),(686,7,'865',13,'001','2017-10-09',0,835,'auto',-2,835,0,'pcs',0,'','','','','','','',0,0,0,0,0,0,'0000-00-00','0000-00-00','0000-00-00',0,0,0,0,0,0,NULL),(687,7,'308',13,'001','2017-10-09',0,320,'auto',-2,320,0,'Pack',0,'','','','','','','',0,0,0,0,0,0,'0000-00-00','0000-00-00','0000-00-00',0,0,0,0,0,0,NULL),(688,7,'350',13,'001','2017-10-09',0,716.67,'auto',-5,716.66666666667,0,'Pack',0,'','','','','','','',0,0,0,0,0,0,'0000-00-00','0000-00-00','0000-00-00',0,0,0,0,0,0,NULL),(689,7,'306',13,'001','2017-10-09',0,360,'auto',-1,360,0,'Pack',0,'','','','','','','',0,0,0,0,0,0,'0000-00-00','0000-00-00','0000-00-00',0,0,0,0,0,0,NULL),(690,7,'301',13,'001','2017-10-09',0,100,'auto',-7.5,100,0,'Doz',0,'','','','','','','',0,0,0,0,0,0,'0000-00-00','0000-00-00','0000-00-00',0,0,0,0,0,0,NULL),(691,7,'230',13,'001','2017-10-09',0,96.67,'auto',-5,96.666666666667,0,'Kgs',0,'','','','','','','',0,0,0,0,0,0,'0000-00-00','0000-00-00','0000-00-00',0,0,0,0,0,0,NULL),(692,7,'868',13,'001','2017-10-09',0,2970,'auto',-1,2970,0,'Jar',0,'','','','','','','',0,0,0,0,0,0,'0000-00-00','0000-00-00','0000-00-00',0,0,0,0,0,0,NULL),(693,7,'303',13,'001','2017-10-09',0,170,'auto',-2,170,0,'Kgs',0,'','','','','','','',0,0,0,0,0,0,'0000-00-00','0000-00-00','0000-00-00',0,0,0,0,0,0,NULL),(694,8,'301',13,'001','2017-10-08',0,100,'auto',-4,100,0,'Doz',0,'','','','','','','',0,0,0,0,0,0,'0000-00-00','0000-00-00','0000-00-00',0,0,0,0,0,0,NULL),(695,8,'372',13,'001','2017-10-08',0,392,'auto',-1,392,0,'Bottles',0,'','','','','','','',0,0,0,0,0,0,'0000-00-00','0000-00-00','0000-00-00',0,0,0,0,0,0,NULL),(696,8,'265',13,'001','2017-10-08',0,60,'auto',-2,60,0,'Kgs',0,'','','','','','','',0,0,0,0,0,0,'0000-00-00','0000-00-00','0000-00-00',0,0,0,0,0,0,NULL),(697,8,'281',13,'001','2017-10-08',0,125,'auto',-3,125,0,'Pack',0,'','','','','','','',0,0,0,0,0,0,'0000-00-00','0000-00-00','0000-00-00',0,0,0,0,0,0,NULL),(698,8,'308',13,'001','2017-10-08',0,77.72,'auto',-1,320,0,'Kgs',0,'','','','','','','',0,0,0,0,0,0,'0000-00-00','0000-00-00','0000-00-00',0,0,0,0,0,0,NULL),(699,8,'204',13,'001','2017-10-08',0,130,'auto',-1,127.55102040816,0,'Kgs',0,'','','','','','','',0,0,0,0,0,0,'0000-00-00','0000-00-00','0000-00-00',0,0,0,0,0,0,NULL),(700,8,'233',13,'001','2017-10-08',0,93.86,'auto',-10,93.85750000002,0,'pcs',0,'','','','','','','',0,0,0,0,0,0,'0000-00-00','0000-00-00','0000-00-00',0,0,0,0,0,0,NULL),(701,8,'878',13,'001','2017-10-08',0,920,'auto',-1,850,0,'Bottles',0,'','','','','','','',0,0,0,0,0,0,'0000-00-00','0000-00-00','0000-00-00',0,0,0,0,0,0,NULL),(702,1,'233',16,'DEF','2017-10-09',0,0,'LT001/10/2017',-24,0,0,'',0,'','','','','','','0',0,0,0,0,0,0,'0000-00-00','0000-00-00','0000-00-00',0,0,0,0,0,0,NULL),(703,1,'233',16,'001','2017-10-09',0,0,'LT001/10/2017',24,0,0,'',0,'','','','','','','0',0,0,0,0,0,0,'0000-00-00','0000-00-00','0000-00-00',0,0,0,0,0,0,NULL),(704,1,'281',16,'DEF','2017-10-09',0,0,'LT001/10/2017',-2,0,0,'',0,'','','','','','','0',0,0,0,0,0,0,'0000-00-00','0000-00-00','0000-00-00',0,0,0,0,0,0,NULL),(705,1,'281',16,'001','2017-10-09',0,0,'LT001/10/2017',2,0,0,'',0,'','','','','','','0',0,0,0,0,0,0,'0000-00-00','0000-00-00','0000-00-00',0,0,0,0,0,0,NULL),(706,1,'380',16,'DEF','2017-10-09',0,0,'LT001/10/2017',-2,0,0,'',0,'','','','','','','0',0,0,0,0,0,0,'0000-00-00','0000-00-00','0000-00-00',0,0,0,0,0,0,NULL),(707,1,'380',16,'001','2017-10-09',0,0,'LT001/10/2017',2,0,0,'',0,'','','','','','','0',0,0,0,0,0,0,'0000-00-00','0000-00-00','0000-00-00',0,0,0,0,0,0,NULL),(708,1,'794',16,'DEF','2017-10-09',0,0,'LT001/10/2017',-2,0,0,'',0,'','','','','','','0',0,0,0,0,0,0,'0000-00-00','0000-00-00','0000-00-00',0,0,0,0,0,0,NULL),(709,1,'794',16,'001','2017-10-09',0,0,'LT001/10/2017',2,0,0,'',0,'','','','','','','0',0,0,0,0,0,0,'0000-00-00','0000-00-00','0000-00-00',0,0,0,0,0,0,NULL),(710,1,'710',16,'DEF','2017-10-09',0,0,'LT001/10/2017',-1,0,0,'',0,'','','','','','','0',0,0,0,0,0,0,'0000-00-00','0000-00-00','0000-00-00',0,0,0,0,0,0,NULL),(711,1,'710',16,'001','2017-10-09',0,0,'LT001/10/2017',1,0,0,'',0,'','','','','','','0',0,0,0,0,0,0,'0000-00-00','0000-00-00','0000-00-00',0,0,0,0,0,0,NULL),(712,1,'712',16,'DEF','2017-10-09',0,0,'LT001/10/2017',-1,0,0,'',0,'','','','','','','0',0,0,0,0,0,0,'0000-00-00','0000-00-00','0000-00-00',0,0,0,0,0,0,NULL),(713,1,'712',16,'001','2017-10-09',0,0,'LT001/10/2017',1,0,0,'',0,'','','','','','','0',0,0,0,0,0,0,'0000-00-00','0000-00-00','0000-00-00',0,0,0,0,0,0,NULL),(714,9,'233',13,'001','2017-10-09',0,93.86,'auto',-9,93.85750000002,0,'pcs',0,'','','','','','','',0,0,0,0,0,0,'0000-00-00','0000-00-00','0000-00-00',0,0,0,0,0,0,NULL),(715,9,'281',13,'001','2017-10-09',0,125,'auto',-1,125,0,'Pack',0,'','','','','','','',0,0,0,0,0,0,'0000-00-00','0000-00-00','0000-00-00',0,0,0,0,0,0,NULL),(716,9,'204',13,'001','2017-10-09',0,130,'auto',-3,127.55102040816,0,'Kgs',0,'','','','','','','',0,0,0,0,0,0,'0000-00-00','0000-00-00','0000-00-00',0,0,0,0,0,0,NULL),(717,9,'301',13,'001','2017-10-09',0,100,'auto',-3.5,100,0,'Doz',0,'','','','','','','',0,0,0,0,0,0,'0000-00-00','0000-00-00','0000-00-00',0,0,0,0,0,0,NULL),(718,9,'205',13,'001','2017-10-09',0,500,'auto',-3.5,500,0,'Kgs',0,'','','','','','','',0,0,0,0,0,0,'0000-00-00','0000-00-00','0000-00-00',0,0,0,0,0,0,NULL),(719,9,'265',13,'001','2017-10-09',0,60,'auto',-2,60,0,'Kgs',0,'','','','','','','',0,0,0,0,0,0,'0000-00-00','0000-00-00','0000-00-00',0,0,0,0,0,0,NULL),(720,10,'760',13,'001','2017-10-09',0,1800,'auto',-1,1800,0,'Pack',0,'','','','','','','',0,0,0,0,0,0,'0000-00-00','0000-00-00','0000-00-00',0,0,0,0,0,0,NULL),(721,10,'877',13,'001','2017-10-09',0,366.67,'auto',-2,366.66666666667,0,'Pack',0,'','','','','','','',0,0,0,0,0,0,'0000-00-00','0000-00-00','0000-00-00',0,0,0,0,0,0,NULL),(722,10,'818',13,'001','2017-10-09',0,140,'auto',-2,140,0,'Pack',0,'','','','','','','',0,0,0,0,0,0,'0000-00-00','0000-00-00','0000-00-00',0,0,0,0,0,0,NULL),(723,10,'204',13,'001','2017-10-09',0,127.55,'auto',-2,127.55102040816,0,'Kgs',0,'','','','','','','',0,0,0,0,0,0,'0000-00-00','0000-00-00','0000-00-00',0,0,0,0,0,0,NULL),(724,10,'823',13,'001','2017-10-09',0,195,'auto',-6,195,0,'Bottles',0,'','','','','','','',0,0,0,0,0,0,'0000-00-00','0000-00-00','0000-00-00',0,0,0,0,0,0,NULL),(725,10,'204',13,'001','2017-10-09',0,127.55,'auto',-1,127.55102040816,0,'Kgs',0,'','','','','','','',0,0,0,0,0,0,'0000-00-00','0000-00-00','0000-00-00',0,0,0,0,0,0,NULL),(726,10,'203',13,'001','2017-10-09',0,135,'auto',-2,135,0,'Kgs',0,'','','','','','','',0,0,0,0,0,0,'0000-00-00','0000-00-00','0000-00-00',0,0,0,0,0,0,NULL),(727,38,'230',25,'001','2017-10-09',12,69,'',6,80.066666666667,0,'0',0,'1','','','','','','',0,0,0,0,0,0,'0000-00-00','0000-00-00','0000-00-00',0,0,0,0,0,0,NULL),(728,39,'204',25,'001','2017-10-09',12,260,'',2,134.17346938775,0,'0',0,'1','','','','','','',0,0,0,0,0,0,'0000-00-00','0000-00-00','0000-00-00',0,0,0,0,0,0,NULL),(729,39,'203',25,'001','2017-10-09',12,130,'',2,133.75,0,'0',0,'1','','','','','','',0,0,0,0,0,0,'0000-00-00','0000-00-00','0000-00-00',0,0,0,0,0,0,NULL),(730,40,'208',25,'001','2017-10-07',12,10,'',20,10,0,'0',0,'1','','','','','','',0,0,0,0,0,0,'0000-00-00','0000-00-00','0000-00-00',0,0,0,0,0,0,NULL),(731,23,'101',17,'001','2017-10-05',0,0,'IA023/10/2017',16,363,0,'',0,'','','','','','','0',0,0,0,0,0,0,'0000-00-00','0000-00-00','0000-00-00',0,0,0,0,0,0,NULL),(732,11,'101',13,'001','2017-10-05',0,363,'auto',-16,363,0,'Kgs',0,'','','','','','','',0,0,0,0,0,0,'0000-00-00','0000-00-00','0000-00-00',0,0,0,0,0,0,NULL),(733,41,'369',25,'001','2017-10-10',15,310,'',3,310,0,'0',0,'1','','','','','','',0,0,0,0,0,0,'0000-00-00','0000-00-00','0000-00-00',0,0,0,0,0,0,NULL),(734,41,'210',25,'001','2017-10-10',15,2150,'',2,2150,0,'0',0,'1','','','','','','',0,0,0,0,0,0,'0000-00-00','0000-00-00','0000-00-00',0,0,0,0,0,0,NULL),(735,41,'856',25,'001','2017-10-10',15,1340,'',2,1340,0,'0',0,'1','','','','','','',0,0,0,0,0,0,'0000-00-00','0000-00-00','0000-00-00',0,0,0,0,0,0,NULL),(736,41,'233',25,'001','2017-10-10',15,2230,'',2,203.40326923079,0,'0',0,'1','','','','','','',0,0,0,0,0,0,'0000-00-00','0000-00-00','0000-00-00',0,0,0,0,0,0,NULL),(737,41,'322',25,'001','2017-10-10',15,880,'',1,880,0,'0',0,'1','','','','','','',0,0,0,0,0,0,'0000-00-00','0000-00-00','0000-00-00',0,0,0,0,0,0,NULL),(738,41,'300',25,'001','2017-10-10',15,820,'',1,820,0,'0',0,'1','','','','','','',0,0,0,0,0,0,'0000-00-00','0000-00-00','0000-00-00',0,0,0,0,0,0,NULL),(739,41,'732',25,'001','2017-10-10',15,370,'',3,370,0,'0',0,'1','','','','','','',0,0,0,0,0,0,'0000-00-00','0000-00-00','0000-00-00',0,0,0,0,0,0,NULL),(740,41,'313',25,'001','2017-10-10',15,470,'',3,470,0,'0',0,'1','','','','','','',0,0,0,0,0,0,'0000-00-00','0000-00-00','0000-00-00',0,0,0,0,0,0,NULL),(741,41,'301',25,'001','2017-10-10',15,105,'',15,102.72727272727,0,'0',0,'1','','','','','','',0,0,0,0,0,0,'0000-00-00','0000-00-00','0000-00-00',0,0,0,0,0,0,NULL),(742,41,'706',25,'001','2017-10-10',15,230,'',1,230,0,'0',0,'1','','','','','','',0,0,0,0,0,0,'0000-00-00','0000-00-00','0000-00-00',0,0,0,0,0,0,NULL),(743,41,'712',25,'001','2017-10-10',15,910,'',1,915,0,'0',0,'1','','','','','','',0,0,0,0,0,0,'0000-00-00','0000-00-00','0000-00-00',0,0,0,0,0,0,NULL),(744,41,'799',25,'001','2017-10-10',15,280,'',3,280,0,'0',0,'1','','','','','','',0,0,0,0,0,0,'0000-00-00','0000-00-00','0000-00-00',0,0,0,0,0,0,NULL),(745,41,'612',25,'001','2017-10-10',15,180,'',2,180,0,'0',0,'1','','','','','','',0,0,0,0,0,0,'0000-00-00','0000-00-00','0000-00-00',0,0,0,0,0,0,NULL),(746,41,'261',25,'001','2017-10-10',15,650,'',3,650,0,'0',0,'1','','','','','','',0,0,0,0,0,0,'0000-00-00','0000-00-00','0000-00-00',0,0,0,0,0,0,NULL),(747,41,'619',25,'001','2017-10-10',15,120,'',1,120,0,'0',0,'1','','','','','','',0,0,0,0,0,0,'0000-00-00','0000-00-00','0000-00-00',0,0,0,0,0,0,NULL),(748,41,'881',25,'001','2017-10-10',15,780,'',1,780,0,'0',0,'1','','','','','','',0,0,0,0,0,0,'0000-00-00','0000-00-00','0000-00-00',0,0,0,0,0,0,NULL),(749,41,'204',25,'001','2017-10-10',15,120,'',12,130.90266875981,0,'0',0,'1','','','','','','',0,0,0,0,0,0,'0000-00-00','0000-00-00','0000-00-00',0,0,0,0,0,0,NULL),(750,41,'710',25,'001','2017-10-10',15,60,'',4,45.555555555556,0,'0',0,'1','','','','','','',0,0,0,0,0,0,'0000-00-00','0000-00-00','0000-00-00',0,0,0,0,0,0,NULL),(751,42,'101',25,'001','2017-10-11',1,363,'',40,363,0,'0',0,'1','','','','','','',0,0,0,0,0,0,'0000-00-00','0000-00-00','0000-00-00',0,0,0,0,0,0,NULL),(752,43,'407',25,'001','2017-10-09',10,45,'',10,43.571428571429,0,'0',0,'1','','','','','','',0,0,0,0,0,0,'0000-00-00','0000-00-00','0000-00-00',0,0,0,0,0,0,NULL),(753,43,'401',25,'001','2017-10-09',10,85,'',6,84,0,'0',0,'1','','','','','','',0,0,0,0,0,0,'0000-00-00','0000-00-00','0000-00-00',0,0,0,0,0,0,NULL),(754,43,'404',25,'001','2017-10-09',10,200,'',2,224.35897435897,0,'0',0,'1','','','','','','',0,0,0,0,0,0,'0000-00-00','0000-00-00','0000-00-00',0,0,0,0,0,0,NULL),(755,43,'402',25,'001','2017-10-09',10,90,'',8,86.153846153846,0,'0',0,'1','','','','','','',0,0,0,0,0,0,'0000-00-00','0000-00-00','0000-00-00',0,0,0,0,0,0,NULL),(756,43,'417',25,'001','2017-10-09',10,200,'',0.5,200,0,'0',0,'1','','','','','','',0,0,0,0,0,0,'0000-00-00','0000-00-00','0000-00-00',0,0,0,0,0,0,NULL),(757,43,'409',25,'001','2017-10-09',10,450,'',2,466.66666666667,0,'0',0,'1','','','','','','',0,0,0,0,0,0,'0000-00-00','0000-00-00','0000-00-00',0,0,0,0,0,0,NULL),(758,43,'411',25,'001','2017-10-09',10,140,'',4,130,0,'0',0,'1','','','','','','',0,0,0,0,0,0,'0000-00-00','0000-00-00','0000-00-00',0,0,0,0,0,0,NULL),(759,43,'403',25,'001','2017-10-09',10,60,'',1,60,0,'0',0,'1','','','','','','',0,0,0,0,0,0,'0000-00-00','0000-00-00','0000-00-00',0,0,0,0,0,0,NULL),(760,43,'406',25,'001','2017-10-09',10,80,'',4,80,0,'0',0,'1','','','','','','',0,0,0,0,0,0,'0000-00-00','0000-00-00','0000-00-00',0,0,0,0,0,0,NULL),(761,44,'407',25,'001','2017-10-09',17,45,'',10,44.166666666667,0,'0',0,'1','','','','','','',0,0,0,0,0,0,'0000-00-00','0000-00-00','0000-00-00',0,0,0,0,0,0,NULL),(762,44,'401',25,'001','2017-10-09',17,85,'',6,84.4,0,'0',0,'1','','','','','','',0,0,0,0,0,0,'0000-00-00','0000-00-00','0000-00-00',0,0,0,0,0,0,NULL),(763,44,'404',25,'001','2017-10-09',17,200,'',2,216.10169491525,0,'0',0,'1','','','','','','',0,0,0,0,0,0,'0000-00-00','0000-00-00','0000-00-00',0,0,0,0,0,0,NULL),(764,44,'403',25,'001','2017-10-09',17,60,'',1,60,0,'0',0,'1','','','','','','',0,0,0,0,0,0,'0000-00-00','0000-00-00','0000-00-00',0,0,0,0,0,0,NULL),(765,44,'402',25,'001','2017-10-09',17,90,'',8,87.619047619048,0,'0',0,'1','','','','','','',0,0,0,0,0,0,'0000-00-00','0000-00-00','0000-00-00',0,0,0,0,0,0,NULL),(766,44,'417',25,'001','2017-10-09',17,200,'',0.5,200,0,'0',0,'1','','','','','','',0,0,0,0,0,0,'0000-00-00','0000-00-00','0000-00-00',0,0,0,0,0,0,NULL),(767,44,'409',25,'001','2017-10-09',17,450,'',2,460,0,'0',0,'1','','','','','','',0,0,0,0,0,0,'0000-00-00','0000-00-00','0000-00-00',0,0,0,0,0,0,NULL),(768,44,'406',25,'001','2017-10-09',17,80,'',4,80,0,'0',0,'1','','','','','','',0,0,0,0,0,0,'0000-00-00','0000-00-00','0000-00-00',0,0,0,0,0,0,NULL),(769,44,'411',25,'001','2017-10-09',17,140,'',4,133.33333333333,0,'0',0,'1','','','','','','',0,0,0,0,0,0,'0000-00-00','0000-00-00','0000-00-00',0,0,0,0,0,0,NULL),(770,12,'201',13,'001','2017-10-09',0,280,'auto',-6,280,0,'Kgs',0,'','','','','','','',0,0,0,0,0,0,'0000-00-00','0000-00-00','0000-00-00',0,0,0,0,0,0,NULL),(771,12,'271',13,'001','2017-10-09',0,129,'auto',-1,129,0,'Bottles',0,'','','','','','','',0,0,0,0,0,0,'0000-00-00','0000-00-00','0000-00-00',0,0,0,0,0,0,NULL),(772,12,'204',13,'001','2017-10-09',0,130.9,'auto',-2,130.90266875981,0,'Kgs',0,'','','','','','','',0,0,0,0,0,0,'0000-00-00','0000-00-00','0000-00-00',0,0,0,0,0,0,NULL),(773,12,'800',13,'001','2017-10-09',0,492,'auto',-1,491.91,0,'Jar',0,'','','','','','','',0,0,0,0,0,0,'0000-00-00','0000-00-00','0000-00-00',0,0,0,0,0,0,NULL),(774,12,'280',13,'001','2017-10-09',0,120,'auto',-1,120,0,'Bottles',0,'','','','','','','',0,0,0,0,0,0,'0000-00-00','0000-00-00','0000-00-00',0,0,0,0,0,0,NULL),(775,12,'302',13,'001','2017-10-09',0,2372,'auto',-1,2371.4285714286,0,'Bottles',0,'','','','','','','',0,0,0,0,0,0,'0000-00-00','0000-00-00','0000-00-00',0,0,0,0,0,0,NULL),(776,12,'232',13,'001','2017-10-09',0,285,'auto',-1.5,285,0,'Kgs',0,'','','','','','','',0,0,0,0,0,0,'0000-00-00','0000-00-00','0000-00-00',0,0,0,0,0,0,NULL),(777,12,'295',13,'001','2017-10-09',0,300,'auto',-1,300,0,'Bottles',0,'','','','','','','',0,0,0,0,0,0,'0000-00-00','0000-00-00','0000-00-00',0,0,0,0,0,0,NULL),(778,12,'869',13,'001','2017-10-09',0,670,'auto',-3,670,0,'Jar',0,'','','','','','','',0,0,0,0,0,0,'0000-00-00','0000-00-00','0000-00-00',0,0,0,0,0,0,NULL),(779,12,'104',13,'001','2017-10-09',0,290,'auto',-2,290,0,'Kgs',0,'','','','','','','',0,0,0,0,0,0,'0000-00-00','0000-00-00','0000-00-00',0,0,0,0,0,0,NULL),(780,12,'857',13,'001','2017-10-09',0,360,'auto',-7,360,0,'Kgs',0,'','','','','','','',0,0,0,0,0,0,'0000-00-00','0000-00-00','0000-00-00',0,0,0,0,0,0,NULL),(781,12,'356',13,'001','2017-10-09',0,200,'auto',-2,200,0,'Jar',0,'','','','','','','',0,0,0,0,0,0,'0000-00-00','0000-00-00','0000-00-00',0,0,0,0,0,0,NULL),(782,12,'808',13,'001','2017-10-09',0,80,'auto',-6,80,0,'Bottles',0,'','','','','','','',0,0,0,0,0,0,'0000-00-00','0000-00-00','0000-00-00',0,0,0,0,0,0,NULL),(783,12,'265',13,'001','2017-10-09',0,60,'auto',-5,60,0,'Bottles',0,'','','','','','','',0,0,0,0,0,0,'0000-00-00','0000-00-00','0000-00-00',0,0,0,0,0,0,NULL),(784,12,'407',13,'001','2017-10-09',0,45,'auto',-10,44.166666666667,0,'Pack',0,'','','','','','','',0,0,0,0,0,0,'0000-00-00','0000-00-00','0000-00-00',0,0,0,0,0,0,NULL),(785,12,'401',13,'001','2017-10-09',0,85,'auto',-3,84.4,0,'Kgs',0,'','','','','','','',0,0,0,0,0,0,'0000-00-00','0000-00-00','0000-00-00',0,0,0,0,0,0,NULL),(786,12,'404',13,'001','2017-10-09',0,200,'auto',-2,216.10169491525,0,'Kgs',0,'','','','','','','',0,0,0,0,0,0,'0000-00-00','0000-00-00','0000-00-00',0,0,0,0,0,0,NULL),(787,12,'403',13,'001','2017-10-09',0,90,'auto',-1,60,0,'Kgs',0,'','','','','','','',0,0,0,0,0,0,'0000-00-00','0000-00-00','0000-00-00',0,0,0,0,0,0,NULL),(788,12,'409',13,'001','2017-10-09',0,467,'auto',-3,460,0,'Kgs',0,'','','','','','','',0,0,0,0,0,0,'0000-00-00','0000-00-00','0000-00-00',0,0,0,0,0,0,NULL),(789,12,'411',13,'001','2017-10-09',0,130,'auto',-4,133.33333333333,0,'Kgs',0,'','','','','','','',0,0,0,0,0,0,'0000-00-00','0000-00-00','0000-00-00',0,0,0,0,0,0,NULL),(790,12,'406',13,'001','2017-10-09',0,130,'auto',-5,80,0,'Kgs',0,'','','','','','','',0,0,0,0,0,0,'0000-00-00','0000-00-00','0000-00-00',0,0,0,0,0,0,NULL),(791,12,'297',13,'001','2017-10-09',0,77.72,'auto',-3,200,0,'Kgs',0,'','','','','','','',0,0,0,0,0,0,'0000-00-00','0000-00-00','0000-00-00',0,0,0,0,0,0,NULL),(792,12,'739',13,'001','2017-10-09',0,1500,'auto',-0.2,1400,0,'Kgs',0,'','','','','','','',0,0,0,0,0,0,'0000-00-00','0000-00-00','0000-00-00',0,0,0,0,0,0,NULL),(793,45,'407',25,'001','2017-10-10',17,45,'',10,44.513888888889,0,'0',0,'1','','','','','','',0,0,0,0,0,0,'0000-00-00','0000-00-00','0000-00-00',0,0,0,0,0,0,NULL),(794,45,'401',25,'001','2017-10-10',17,85,'',6,84.6,0,'0',0,'1','','','','','','',0,0,0,0,0,0,'0000-00-00','0000-00-00','0000-00-00',0,0,0,0,0,0,NULL),(795,45,'404',25,'001','2017-10-10',17,200,'',2,210.64349324906,0,'0',0,'1','','','','','','',0,0,0,0,0,0,'0000-00-00','0000-00-00','0000-00-00',0,0,0,0,0,0,NULL),(796,45,'403',25,'001','2017-10-10',17,60,'',0.5,60,0,'0',0,'1','','','','','','',0,0,0,0,0,0,'0000-00-00','0000-00-00','0000-00-00',0,0,0,0,0,0,NULL),(797,45,'402',25,'001','2017-10-10',17,85,'',7,86.964285714286,0,'0',0,'1','','','','','','',0,0,0,0,0,0,'0000-00-00','0000-00-00','0000-00-00',0,0,0,0,0,0,NULL),(798,45,'740',25,'001','2017-10-10',17,120,'',1,120,0,'0',0,'1','','','','','','',0,0,0,0,0,0,'0000-00-00','0000-00-00','0000-00-00',0,0,0,0,0,0,NULL),(799,45,'418',25,'001','2017-10-10',17,90,'',0.5,93.333333333333,0,'0',0,'1','','','','','','',0,0,0,0,0,0,'0000-00-00','0000-00-00','0000-00-00',0,0,0,0,0,0,NULL),(800,45,'1100',25,'001','2017-10-10',17,200,'',1,200,0,'0',0,'1','','','','','','',0,0,0,0,0,0,'0000-00-00','0000-00-00','0000-00-00',0,0,0,0,0,0,NULL),(801,45,'409',25,'001','2017-10-10',17,450,'',1,456.66666666667,0,'0',0,'1','','','','','','',0,0,0,0,0,0,'0000-00-00','0000-00-00','0000-00-00',0,0,0,0,0,0,NULL),(802,45,'408',25,'001','2017-10-10',17,150,'',1,150,0,'0',0,'1','','','','','','',0,0,0,0,0,0,'0000-00-00','0000-00-00','0000-00-00',0,0,0,0,0,0,NULL),(803,45,'411',25,'001','2017-10-10',17,130,'',4,132.22222222222,0,'0',0,'1','','','','','','',0,0,0,0,0,0,'0000-00-00','0000-00-00','0000-00-00',0,0,0,0,0,0,NULL),(804,45,'406',25,'001','2017-10-10',17,80,'',4,80,0,'0',0,'1','','','','','','',0,0,0,0,0,0,'0000-00-00','0000-00-00','0000-00-00',0,0,0,0,0,0,NULL),(805,45,'414',25,'001','2017-10-10',17,9,'',6,9,0,'0',0,'1','','','','','','',0,0,0,0,0,0,'0000-00-00','0000-00-00','0000-00-00',0,0,0,0,0,0,NULL),(806,45,'738',25,'001','2017-10-10',17,800,'',0.1,466.66666666667,0,'0',0,'1','','','','','','',0,0,0,0,0,0,'0000-00-00','0000-00-00','0000-00-00',0,0,0,0,0,0,NULL),(807,45,'739',25,'001','2017-10-10',17,1500,'',0.2,1440,0,'0',0,'1','','','','','','',0,0,0,0,0,0,'0000-00-00','0000-00-00','0000-00-00',0,0,0,0,0,0,NULL),(808,13,'203',13,'001','2017-10-11',0,135,'auto',-4,133.75,0,'Kgs',0,'','','','','','','',0,0,0,0,0,0,'0000-00-00','0000-00-00','0000-00-00',0,0,0,0,0,0,NULL),(809,13,'204',13,'001','2017-10-11',0,133.75,'auto',-4,130.90266875981,0,'Kgs',0,'','','','','','','',0,0,0,0,0,0,'0000-00-00','0000-00-00','0000-00-00',0,0,0,0,0,0,NULL),(810,13,'281',13,'001','2017-10-11',0,125,'auto',-2,125,0,'Pack',0,'','','','','','','',0,0,0,0,0,0,'0000-00-00','0000-00-00','0000-00-00',0,0,0,0,0,0,NULL),(811,13,'801',13,'001','2017-10-11',0,46,'auto',-48,45.089473684211,0,'Bottles',0,'','','','','','','',0,0,0,0,0,0,'0000-00-00','0000-00-00','0000-00-00',0,0,0,0,0,0,NULL),(812,13,'805',13,'001','2017-10-11',0,45.09,'auto',-48,44.58,0,'Bottles',0,'','','','','','','',0,0,0,0,0,0,'0000-00-00','0000-00-00','0000-00-00',0,0,0,0,0,0,NULL),(813,13,'809',13,'001','2017-10-11',0,31,'auto',-12,31,0,'Bottles',0,'','','','','','','',0,0,0,0,0,0,'0000-00-00','0000-00-00','0000-00-00',0,0,0,0,0,0,NULL),(814,13,'875',13,'001','2017-10-11',0,250,'auto',-1,250,0,'pcs',0,'','','','','','','',0,0,0,0,0,0,'0000-00-00','0000-00-00','0000-00-00',0,0,0,0,0,0,NULL),(815,13,'880',13,'001','2017-10-11',0,195,'auto',-1,195,0,'Bottles',0,'','','','','','','',0,0,0,0,0,0,'0000-00-00','0000-00-00','0000-00-00',0,0,0,0,0,0,NULL),(816,13,'777',13,'001','2017-10-11',0,2500,'auto',-0.5,2500,0,'Kgs',0,'','','','','','','',0,0,0,0,0,0,'0000-00-00','0000-00-00','0000-00-00',0,0,0,0,0,0,NULL),(817,13,'808',13,'001','2017-10-11',0,80,'auto',-6,80,0,'Kgs',0,'','','','','','','',0,0,0,0,0,0,'0000-00-00','0000-00-00','0000-00-00',0,0,0,0,0,0,NULL),(818,13,'265',13,'001','2017-10-11',0,60,'auto',-5,60,0,'Kgs',0,'','','','','','','',0,0,0,0,0,0,'0000-00-00','0000-00-00','0000-00-00',0,0,0,0,0,0,NULL),(819,13,'794',13,'001','2017-10-11',0,270,'auto',-1,267.07692307692,0,'Pack',0,'','','','','','','',0,0,0,0,0,0,'0000-00-00','0000-00-00','0000-00-00',0,0,0,0,0,0,NULL),(820,13,'362',13,'001','2017-10-11',0,632,'auto',-1,631.25,0,'Jar',0,'','','','','','','',0,0,0,0,0,0,'0000-00-00','0000-00-00','0000-00-00',0,0,0,0,0,0,NULL),(821,13,'203',13,'001','2017-10-11',0,135,'auto',-2,133.75,0,'Kgs',0,'','','','','','','',0,0,0,0,0,0,'0000-00-00','0000-00-00','0000-00-00',0,0,0,0,0,0,NULL),(822,13,'204',13,'001','2017-10-11',0,145,'auto',-4,130.90266875981,0,'Kgs',0,'','','','','','','',0,0,0,0,0,0,'0000-00-00','0000-00-00','0000-00-00',0,0,0,0,0,0,NULL),(823,13,'822',13,'001','2017-10-11',0,25,'auto',-12,21.76875,0,'Kgs',0,'','','','','','','',0,0,0,0,0,0,'0000-00-00','0000-00-00','0000-00-00',0,0,0,0,0,0,NULL),(824,14,'230',13,'001','2017-10-09',0,82,'auto',-2,80.066666666667,0,'Kgs',0,'','','','','','','',0,0,0,0,0,0,'0000-00-00','0000-00-00','0000-00-00',0,0,0,0,0,0,NULL),(825,15,'301',13,'001','2017-10-09',0,105,'auto',-7.5,102.72727272727,0,'Doz',0,'','','','','','','',0,0,0,0,0,0,'0000-00-00','0000-00-00','0000-00-00',0,0,0,0,0,0,NULL),(826,46,'301',25,'001','2017-10-11',4,322,'',15,196.7012987013,0,'0',0,'1','','','','','','',0,0,0,0,0,0,'0000-00-00','0000-00-00','0000-00-00',0,0,0,0,0,0,NULL),(827,46,'712',25,'001','2017-10-11',4,670,'',2,792.5,0,'0',0,'1','','','','','','',0,0,0,0,0,0,'0000-00-00','0000-00-00','0000-00-00',0,0,0,0,0,0,NULL),(828,46,'101',25,'001','2017-10-11',4,240,'',25.35,320.49079754601,0,'0',0,'1','','','','','','',0,0,0,0,0,0,'0000-00-00','0000-00-00','0000-00-00',0,0,0,0,0,0,NULL),(829,46,'001',25,'001','2017-10-11',4,1258.33,'',18,1258.33,0,'0',0,'1','','','','','','',0,0,0,0,0,0,'0000-00-00','0000-00-00','0000-00-00',0,0,0,0,0,0,NULL),(830,46,'249',25,'001','2017-10-11',4,911.14,'',1,1169.1797752809,0,'0',0,'1','','','','','','',0,0,0,0,0,0,'0000-00-00','0000-00-00','0000-00-00',0,0,0,0,0,0,NULL),(831,46,'300',25,'001','2017-10-11',4,725.64,'',1,772.82,0,'0',0,'1','','','','','','',0,0,0,0,0,0,'0000-00-00','0000-00-00','0000-00-00',0,0,0,0,0,0,NULL),(832,46,'881',25,'001','2017-10-11',4,641,'',1,710.5,0,'0',0,'1','','','','','','',0,0,0,0,0,0,'0000-00-00','0000-00-00','0000-00-00',0,0,0,0,0,0,NULL),(833,46,'371',25,'001','2017-10-11',4,146,'',25,156.76923076923,0,'0',0,'1','','','','','','',0,0,0,0,0,0,'0000-00-00','0000-00-00','0000-00-00',0,0,0,0,0,0,NULL),(834,46,'265',25,'001','2017-10-11',4,59.26,'',50,59.44776119403,0,'0',0,'1','','','','','','',0,0,0,0,0,0,'0000-00-00','0000-00-00','0000-00-00',0,0,0,0,0,0,NULL),(835,46,'306',25,'001','2017-10-11',4,192.31,'',5,220.25833333333,0,'0',0,'1','','','','','','',0,0,0,0,0,0,'0000-00-00','0000-00-00','0000-00-00',0,0,0,0,0,0,NULL),(836,46,'230',25,'001','2017-10-11',4,159.3,'',10,124.08518518519,0,'0',0,'1','','','','','','',0,0,0,0,0,0,'0000-00-00','0000-00-00','0000-00-00',0,0,0,0,0,0,NULL),(837,46,'821',25,'001','2017-10-11',4,22.97,'',48,25.460408163265,0,'0',0,'1','','','','','','',0,0,0,0,0,0,'0000-00-00','0000-00-00','0000-00-00',0,0,0,0,0,0,NULL),(838,46,'801',25,'001','2017-10-11',4,40.6,'',180,42.395789473684,0,'0',0,'1','','','','','','',0,0,0,0,0,0,'0000-00-00','0000-00-00','0000-00-00',0,0,0,0,0,0,NULL),(839,46,'805',25,'001','2017-10-11',4,40.6,'',180,41.437894736842,0,'0',0,'1','','','','','','',0,0,0,0,0,0,'0000-00-00','0000-00-00','0000-00-00',0,0,0,0,0,0,NULL),(840,46,'822',25,'001','2017-10-11',4,19.37,'',216,20.419453125,0,'0',0,'1','','','','','','',0,0,0,0,0,0,'0000-00-00','0000-00-00','0000-00-00',0,0,0,0,0,0,NULL);
/*!40000 ALTER TABLE `0_stock_moves` ENABLE KEYS */;
UNLOCK TABLES;

--
-- Table structure for table `0_supp_allocations`
--

DROP TABLE IF EXISTS `0_supp_allocations`;
/*!40101 SET @saved_cs_client     = @@character_set_client */;
/*!40101 SET character_set_client = utf8 */;
CREATE TABLE `0_supp_allocations` (
  `id` int(11) NOT NULL AUTO_INCREMENT,
  `person_id` int(11) DEFAULT NULL,
  `amt` double unsigned DEFAULT NULL,
  `date_alloc` date NOT NULL DEFAULT '0000-00-00',
  `trans_no_from` int(11) DEFAULT NULL,
  `trans_type_from` int(11) DEFAULT NULL,
  `trans_no_to` int(11) DEFAULT NULL,
  `trans_type_to` int(11) DEFAULT NULL,
  PRIMARY KEY (`id`),
  UNIQUE KEY `trans_type_from` (`person_id`,`trans_type_from`,`trans_no_from`,`trans_type_to`,`trans_no_to`),
  KEY `From` (`trans_type_from`,`trans_no_from`),
  KEY `To` (`trans_type_to`,`trans_no_to`)
) ENGINE=InnoDB DEFAULT CHARSET=utf8 COLLATE=utf8_unicode_ci;
/*!40101 SET character_set_client = @saved_cs_client */;

--
-- Dumping data for table `0_supp_allocations`
--

LOCK TABLES `0_supp_allocations` WRITE;
/*!40000 ALTER TABLE `0_supp_allocations` DISABLE KEYS */;
INSERT INTO `0_supp_allocations` VALUES (1,3,50000,'2017-10-07',1,22,6,20),(2,20,78582.84,'2017-10-08',3,22,19,20),(3,15,13185.4,'2017-10-07',4,22,18,20),(4,15,20190,'2017-10-07',4,22,15,20),(5,15,5190,'2017-10-07',4,22,13,20),(6,12,1225,'2017-10-06',5,22,33,20),(8,23,3819.6,'2017-10-06',8,22,35,20),(9,15,3880,'2017-10-09',9,22,36,20),(10,12,414,'2017-10-09',10,22,38,20),(11,12,780,'2017-10-09',11,22,39,20),(12,12,200,'2017-10-07',12,22,40,20),(13,15,25035,'2017-10-10',13,22,41,20),(14,1,14592.6,'2017-10-11',14,22,43,20);
/*!40000 ALTER TABLE `0_supp_allocations` ENABLE KEYS */;
UNLOCK TABLES;

--
-- Table structure for table `0_supp_invoice_items`
--

DROP TABLE IF EXISTS `0_supp_invoice_items`;
/*!40101 SET @saved_cs_client     = @@character_set_client */;
/*!40101 SET character_set_client = utf8 */;
CREATE TABLE `0_supp_invoice_items` (
  `id` int(11) NOT NULL AUTO_INCREMENT,
  `supp_trans_no` int(11) DEFAULT NULL,
  `supp_trans_type` int(11) DEFAULT NULL,
  `gl_code` varchar(15) COLLATE utf8_unicode_ci NOT NULL DEFAULT '',
  `grn_item_id` int(11) DEFAULT NULL,
  `po_detail_item_id` int(11) DEFAULT NULL,
  `stock_id` varchar(20) COLLATE utf8_unicode_ci NOT NULL DEFAULT '',
  `description` tinytext COLLATE utf8_unicode_ci,
  `quantity` double NOT NULL DEFAULT '0',
  `unit_price` double NOT NULL DEFAULT '0',
  `unit_tax` double NOT NULL DEFAULT '0',
  `memo_` tinytext COLLATE utf8_unicode_ci,
  `dimension_id` int(11) NOT NULL DEFAULT '0',
  `dimension2_id` int(11) NOT NULL DEFAULT '0',
  `text1` varchar(55) COLLATE utf8_unicode_ci NOT NULL,
  `text2` varchar(55) COLLATE utf8_unicode_ci NOT NULL,
  `text3` varchar(55) COLLATE utf8_unicode_ci NOT NULL,
  `text4` varchar(55) COLLATE utf8_unicode_ci NOT NULL,
  `text5` varchar(55) COLLATE utf8_unicode_ci NOT NULL,
  `text6` varchar(55) COLLATE utf8_unicode_ci NOT NULL,
  `amount1` double NOT NULL,
  `amount2` double NOT NULL,
  `amount3` double NOT NULL,
  `amount4` double NOT NULL,
  `amount5` double NOT NULL,
  `amount6` double NOT NULL,
  `date1` date NOT NULL DEFAULT '0000-00-00',
  `date2` date NOT NULL DEFAULT '0000-00-00',
  `date3` date NOT NULL DEFAULT '0000-00-00',
  `combo1` int(11) NOT NULL,
  `combo2` int(11) NOT NULL,
  `combo3` int(11) NOT NULL,
  `combo4` int(11) NOT NULL,
  `combo5` int(11) NOT NULL,
  `combo6` int(11) NOT NULL,
  `Unit_Amt` double NOT NULL,
  `Gross_Amt` double NOT NULL,
  `As_Per_B_E` double NOT NULL,
  `Landing` double NOT NULL,
  `Landing_Amt` double NOT NULL,
  `Value_invl_Landing` double NOT NULL,
  `INS` double NOT NULL,
  `INS_Amt` double NOT NULL,
  `Value_Incl_INC` double NOT NULL,
  `F_E_D` double NOT NULL,
  `F_E_D_Amt` double NOT NULL,
  `Duty` double NOT NULL,
  `Duty_Amt` double NOT NULL,
  `Value_And_Duty` double NOT NULL,
  `Value_Excl_S_T` double NOT NULL,
  `S_T` double NOT NULL,
  `S_T_Amt` double NOT NULL,
  `Amount_Incl_S_T` double NOT NULL,
  `I_Tax` double NOT NULL,
  `I_Tax_Amt` double NOT NULL,
  `Add_S_T` double NOT NULL,
  `Add_S_T_Amt` double NOT NULL,
  `Total_Charges` double NOT NULL,
  `Other_Expense` double NOT NULL,
  `Net_Amount` double NOT NULL,
  `Job_Name` varchar(55) COLLATE utf8_unicode_ci NOT NULL,
  `Total_Other_Expenses` varchar(55) COLLATE utf8_unicode_ci NOT NULL,
  `Gross_Amt_new` varchar(55) COLLATE utf8_unicode_ci NOT NULL,
  `opening` tinyint(1) DEFAULT NULL,
  `batch` int(11) NOT NULL,
  PRIMARY KEY (`id`),
  KEY `Transaction` (`supp_trans_type`,`supp_trans_no`,`stock_id`)
) ENGINE=InnoDB DEFAULT CHARSET=utf8 COLLATE=utf8_unicode_ci;
/*!40101 SET character_set_client = @saved_cs_client */;

--
-- Dumping data for table `0_supp_invoice_items`
--

LOCK TABLES `0_supp_invoice_items` WRITE;
/*!40000 ALTER TABLE `0_supp_invoice_items` DISABLE KEYS */;
INSERT INTO `0_supp_invoice_items` VALUES (1,1,20,'0',1,1,'OB','Opening Balance Equity',1,36979,6286.43,'',0,0,'0','0','0','0','0','0',0,0,0,0,0,0,'0000-00-00','0000-00-00','0000-00-00',0,0,0,0,0,0,0,0,0,0,0,0,0,0,0,0,0,0,0,0,0,0,0,0,0,0,0,0,0,0,0,'','','',NULL,0),(2,2,20,'0',2,30,'OB','Opening Balance Equity',0,0,0,'',0,0,'0','0','0','0','0','0',0,0,0,0,0,0,'0000-00-00','0000-00-00','0000-00-00',0,0,0,0,0,0,0,0,0,0,0,0,0,0,0,0,0,0,0,0,0,0,0,0,0,0,0,0,0,0,0,'','','',NULL,0),(3,3,20,'0',3,31,'OB','Opening Balance Equity',1,22652,3850.84,'',0,0,'0','0','0','0','0','0',0,0,0,0,0,0,'0000-00-00','0000-00-00','0000-00-00',0,0,0,0,0,0,0,0,0,0,0,0,0,0,0,0,0,0,0,0,0,0,0,0,0,0,0,0,0,0,0,'','','',NULL,0),(4,4,20,'0',4,32,'OB','Opening Balance Equity',0,0,3560.48,'',0,0,'0','0','0','0','0','0',0,0,0,0,0,0,'0000-00-00','0000-00-00','0000-00-00',0,0,0,0,0,0,0,0,0,0,0,0,0,0,0,0,0,0,0,0,0,0,0,0,0,0,0,0,0,0,0,'','','',NULL,0),(5,5,20,'0',5,33,'OB','Opening Balance Equity',0,0,6752.4,'',0,0,'0','0','0','0','0','0',0,0,0,0,0,0,'0000-00-00','0000-00-00','0000-00-00',0,0,0,0,0,0,0,0,0,0,0,0,0,0,0,0,0,0,0,0,0,0,0,0,0,0,0,0,0,0,0,'','','',NULL,0),(6,6,20,'0',6,34,'OB','Opening Balance Equity',1,73218,12447.06,'',0,0,'0','0','0','0','0','0',0,0,0,0,0,0,'0000-00-00','0000-00-00','0000-00-00',0,0,0,0,0,0,0,0,0,0,0,0,0,0,0,0,0,0,0,0,0,0,0,0,0,0,0,0,0,0,0,'','','',NULL,0),(7,7,20,'0',7,35,'OB','Opening Balance Equity',1,33851,5754.67,'',0,0,'0','0','0','0','0','0',0,0,0,0,0,0,'0000-00-00','0000-00-00','0000-00-00',0,0,0,0,0,0,0,0,0,0,0,0,0,0,0,0,0,0,0,0,0,0,0,0,0,0,0,0,0,0,0,'','','',NULL,0),(8,8,20,'0',8,36,'OB','Opening Balance Equity',1,95000,16150,'',0,0,'0','0','0','0','0','0',0,0,0,0,0,0,'0000-00-00','0000-00-00','0000-00-00',0,0,0,0,0,0,0,0,0,0,0,0,0,0,0,0,0,0,0,0,0,0,0,0,0,0,0,0,0,0,0,'','','',NULL,0),(9,9,20,'0',9,37,'OB','Opening Balance Equity',1,10800,1836,'',0,0,'0','0','0','0','0','0',0,0,0,0,0,0,'0000-00-00','0000-00-00','0000-00-00',0,0,0,0,0,0,0,0,0,0,0,0,0,0,0,0,0,0,0,0,0,0,0,0,0,0,0,0,0,0,0,'','','',NULL,0),(10,10,20,'0',10,38,'OB','Opening Balance Equity',1,43156,7336.52,'',0,0,'0','0','0','0','0','0',0,0,0,0,0,0,'0000-00-00','0000-00-00','0000-00-00',0,0,0,0,0,0,0,0,0,0,0,0,0,0,0,0,0,0,0,0,0,0,0,0,0,0,0,0,0,0,0,'','','',NULL,0),(11,11,20,'0',11,39,'OB','Opening Balance Equity',1,855,145.35,'',0,0,'0','0','0','0','0','0',0,0,0,0,0,0,'0000-00-00','0000-00-00','0000-00-00',0,0,0,0,0,0,0,0,0,0,0,0,0,0,0,0,0,0,0,0,0,0,0,0,0,0,0,0,0,0,0,'','','',NULL,0),(12,12,20,'0',12,40,'OB','Opening Balance Equity',0,0,4331.6,'',0,0,'0','0','0','0','0','0',0,0,0,0,0,0,'0000-00-00','0000-00-00','0000-00-00',0,0,0,0,0,0,0,0,0,0,0,0,0,0,0,0,0,0,0,0,0,0,0,0,0,0,0,0,0,0,0,'','','',NULL,0),(13,13,20,'0',13,41,'380','KNOOR CHICKEN STOCK POWDER ',2,480,81.6,'',0,0,'0','0','0','0','0','0',0,0,0,0,0,0,'0000-00-00','0000-00-00','0000-00-00',0,0,0,0,0,0,0,0,0,0,0,0,0,0,0,0,0,0,0,0,0,0,0,0,0,0,0,0,0,0,0,'','','',NULL,0),(14,13,20,'0',14,42,'233','MILK PACK CREAM 200ML ',24,95,16.15,'',0,0,'0','0','0','0','0','0',0,0,0,0,0,0,'0000-00-00','0000-00-00','0000-00-00',0,0,0,0,0,0,0,0,0,0,0,0,0,0,0,0,0,0,0,0,0,0,0,0,0,0,0,0,0,0,0,'','','',NULL,0),(15,13,20,'0',15,43,'281','ICEING SUGAR',2,165,28.05,'',0,0,'0','0','0','0','0','0',0,0,0,0,0,0,'0000-00-00','0000-00-00','0000-00-00',0,0,0,0,0,0,0,0,0,0,0,0,0,0,0,0,0,0,0,0,0,0,0,0,0,0,0,0,0,0,0,'','','',NULL,0),(16,13,20,'0',16,44,'794','KNOOR LIME SEASONING POWDER ',2,335,56.95,'',0,0,'0','0','0','0','0','0',0,0,0,0,0,0,'0000-00-00','0000-00-00','0000-00-00',0,0,0,0,0,0,0,0,0,0,0,0,0,0,0,0,0,0,0,0,0,0,0,0,0,0,0,0,0,0,0,'','','',NULL,0),(17,13,20,'0',17,45,'710','STRAW',1,30,5.1,'',0,0,'0','0','0','0','0','0',0,0,0,0,0,0,'0000-00-00','0000-00-00','0000-00-00',0,0,0,0,0,0,0,0,0,0,0,0,0,0,0,0,0,0,0,0,0,0,0,0,0,0,0,0,0,0,0,'','','',NULL,0),(18,13,20,'0',18,46,'712','PUK CHEESE ',1,920,156.4,'',0,0,'0','0','0','0','0','0',0,0,0,0,0,0,'0000-00-00','0000-00-00','0000-00-00',0,0,0,0,0,0,0,0,0,0,0,0,0,0,0,0,0,0,0,0,0,0,0,0,0,0,0,0,0,0,0,'','','',NULL,0),(19,14,20,'0',19,47,'OB','Opening Balance Equity',1,157188,26721.96,'',0,0,'0','0','0','0','0','0',0,0,0,0,0,0,'0000-00-00','0000-00-00','0000-00-00',0,0,0,0,0,0,0,0,0,0,0,0,0,0,0,0,0,0,0,0,0,0,0,0,0,0,0,0,0,0,0,'','','',NULL,0),(20,15,20,'0',20,48,'OB','Opening Balance Equity',1,20190,0,'',0,0,'0','0','0','0','0','0',0,0,0,0,0,0,'0000-00-00','0000-00-00','0000-00-00',0,0,0,0,0,0,0,0,0,0,0,0,0,0,0,0,0,0,0,0,0,0,0,0,0,0,0,0,0,0,0,'','','',NULL,0),(21,16,20,'0',21,49,'OB','Opening Balance Equity',1,39720,0,'',0,0,'0','0','0','0','0','0',0,0,0,0,0,0,'0000-00-00','0000-00-00','0000-00-00',0,0,0,0,0,0,0,0,0,0,0,0,0,0,0,0,0,0,0,0,0,0,0,0,0,0,0,0,0,0,0,'','','',NULL,0),(22,17,20,'0',22,50,'OB','Opening Balance Equity',1,20944,0,'',0,0,'0','0','0','0','0','0',0,0,0,0,0,0,'0000-00-00','0000-00-00','0000-00-00',0,0,0,0,0,0,0,0,0,0,0,0,0,0,0,0,0,0,0,0,0,0,0,0,0,0,0,0,0,0,0,'','','',NULL,0),(23,18,20,'0',23,18,'294','BUTTER MASHROOM',24,91.67,0,'',0,0,'0','0','0','0','0','0',0,0,0,0,0,0,'0000-00-00','0000-00-00','0000-00-00',0,0,0,0,0,0,0,0,0,0,0,0,0,0,0,0,0,0,0,0,0,0,0,0,0,0,0,0,0,0,0,'','','',NULL,1),(24,18,20,'0',24,19,'272','CAPERS (BEN-DELS)',2,560,0,'',0,0,'0','0','0','0','0','0',0,0,0,0,0,0,'0000-00-00','0000-00-00','0000-00-00',0,0,0,0,0,0,0,0,0,0,0,0,0,0,0,0,0,0,0,0,0,0,0,0,0,0,0,0,0,0,0,'','','',NULL,1),(25,18,20,'0',25,20,'233','MILK PACK CREAM 200ML ',48,93.34,0,'',0,0,'0','0','0','0','0','0',0,0,0,0,0,0,'0000-00-00','0000-00-00','0000-00-00',0,0,0,0,0,0,0,0,0,0,0,0,0,0,0,0,0,0,0,0,0,0,0,0,0,0,0,0,0,0,0,'','','',NULL,1),(26,18,20,'0',26,21,'371','SUFI COOKING OIL 1 LITER ',10,170,0,'',0,0,'0','0','0','0','0','0',0,0,0,0,0,0,'0000-00-00','0000-00-00','0000-00-00',0,0,0,0,0,0,0,0,0,0,0,0,0,0,0,0,0,0,0,0,0,0,0,0,0,0,0,0,0,0,0,'','','',NULL,1),(27,18,20,'0',27,22,'306','FETTUCCINE PASTA',2,220,0,'',0,0,'0','0','0','0','0','0',0,0,0,0,0,0,'0000-00-00','0000-00-00','0000-00-00',0,0,0,0,0,0,0,0,0,0,0,0,0,0,0,0,0,0,0,0,0,0,0,0,0,0,0,0,0,0,0,'','','',NULL,1),(28,18,20,'0',28,23,'204','MILK PACK MILK 1 LTTER ',12,120,0,'',0,0,'0','0','0','0','0','0',0,0,0,0,0,0,'0000-00-00','0000-00-00','0000-00-00',0,0,0,0,0,0,0,0,0,0,0,0,0,0,0,0,0,0,0,0,0,0,0,0,0,0,0,0,0,0,0,'','','',NULL,1),(29,18,20,'0',29,24,'821','NESTLE PINEAPPLE JUICE 1 LTR',1,145,0,'',0,0,'0','0','0','0','0','0',0,0,0,0,0,0,'0000-00-00','0000-00-00','0000-00-00',0,0,0,0,0,0,0,0,0,0,0,0,0,0,0,0,0,0,0,0,0,0,0,0,0,0,0,0,0,0,0,'','','',NULL,1),(30,18,20,'0',30,25,'265','SUGAR',10,60,0,'',0,0,'0','0','0','0','0','0',0,0,0,0,0,0,'0000-00-00','0000-00-00','0000-00-00',0,0,0,0,0,0,0,0,0,0,0,0,0,0,0,0,0,0,0,0,0,0,0,0,0,0,0,0,0,0,0,'','','',NULL,1),(31,18,20,'0',31,28,'798','CHOCOLATE SYRUP',1,620,0,'',0,0,'0','0','0','0','0','0',0,0,0,0,0,0,'0000-00-00','0000-00-00','0000-00-00',0,0,0,0,0,0,0,0,0,0,0,0,0,0,0,0,0,0,0,0,0,0,0,0,0,0,0,0,0,0,0,'','','',NULL,1),(32,18,20,'0',32,29,'232','CRUSHED CHILLI (DADER MIRCH)',2,220,0,'',0,0,'0','0','0','0','0','0',0,0,0,0,0,0,'0000-00-00','0000-00-00','0000-00-00',0,0,0,0,0,0,0,0,0,0,0,0,0,0,0,0,0,0,0,0,0,0,0,0,0,0,0,0,0,0,0,'','','',NULL,1),(33,19,20,'0',33,51,'861','TOMATO PUREE KNORR 900G',1,310,0,'',0,0,'0','0','0','0','0','0',0,0,0,0,0,0,'0000-00-00','0000-00-00','0000-00-00',0,0,0,0,0,0,0,0,0,0,0,0,0,0,0,0,0,0,0,0,0,0,0,0,0,0,0,0,0,0,0,'','','',NULL,0),(34,19,20,'0',34,52,'862','ITALIAN TOMATO BASE KNORR 750G',1,264,0,'',0,0,'0','0','0','0','0','0',0,0,0,0,0,0,'0000-00-00','0000-00-00','0000-00-00',0,0,0,0,0,0,0,0,0,0,0,0,0,0,0,0,0,0,0,0,0,0,0,0,0,0,0,0,0,0,0,'','','',NULL,0),(35,19,20,'0',35,53,'290','BBQ SAUCE 900 GMS (KNORR)',6,416,0,'',0,0,'0','0','0','0','0','0',0,0,0,0,0,0,'0000-00-00','0000-00-00','0000-00-00',0,0,0,0,0,0,0,0,0,0,0,0,0,0,0,0,0,0,0,0,0,0,0,0,0,0,0,0,0,0,0,'','','',NULL,0),(36,19,20,'0',36,54,'396','RED WINE VINEGAR 500ML ',6,210,0,'',0,0,'0','0','0','0','0','0',0,0,0,0,0,0,'0000-00-00','0000-00-00','0000-00-00',0,0,0,0,0,0,0,0,0,0,0,0,0,0,0,0,0,0,0,0,0,0,0,0,0,0,0,0,0,0,0,'','','',NULL,0),(37,19,20,'0',37,55,'863','LEMON JUICE AMERICAN GARDEN 946ML ',6,385,0,'',0,0,'0','0','0','0','0','0',0,0,0,0,0,0,'0000-00-00','0000-00-00','0000-00-00',0,0,0,0,0,0,0,0,0,0,0,0,0,0,0,0,0,0,0,0,0,0,0,0,0,0,0,0,0,0,0,'','','',NULL,0),(38,19,20,'0',38,56,'279','CHILLI GARLIC (KNORR) 4kg ',3,910,0,'',0,0,'0','0','0','0','0','0',0,0,0,0,0,0,'0000-00-00','0000-00-00','0000-00-00',0,0,0,0,0,0,0,0,0,0,0,0,0,0,0,0,0,0,0,0,0,0,0,0,0,0,0,0,0,0,0,'','','',NULL,0),(39,19,20,'0',39,57,'870','MAYONNAISE REAL 4KG ',3,1430,0,'',0,0,'0','0','0','0','0','0',0,0,0,0,0,0,'0000-00-00','0000-00-00','0000-00-00',0,0,0,0,0,0,0,0,0,0,0,0,0,0,0,0,0,0,0,0,0,0,0,0,0,0,0,0,0,0,0,'','','',NULL,0),(40,19,20,'0',40,58,'865','TOMATO KETCHUP (KNORR) 4kg ',3,835,0,'',0,0,'0','0','0','0','0','0',0,0,0,0,0,0,'0000-00-00','0000-00-00','0000-00-00',0,0,0,0,0,0,0,0,0,0,0,0,0,0,0,0,0,0,0,0,0,0,0,0,0,0,0,0,0,0,0,'','','',NULL,0),(41,19,20,'0',41,59,'284','SASAME OIL (HEINZ) 500ML',2,550,0,'',0,0,'0','0','0','0','0','0',0,0,0,0,0,0,'0000-00-00','0000-00-00','0000-00-00',0,0,0,0,0,0,0,0,0,0,0,0,0,0,0,0,0,0,0,0,0,0,0,0,0,0,0,0,0,0,0,'','','',NULL,0),(42,19,20,'0',42,60,'866','WORCESTER SHIRE SAUCE 295ML ',6,245,0,'',0,0,'0','0','0','0','0','0',0,0,0,0,0,0,'0000-00-00','0000-00-00','0000-00-00',0,0,0,0,0,0,0,0,0,0,0,0,0,0,0,0,0,0,0,0,0,0,0,0,0,0,0,0,0,0,0,'','','',NULL,0),(43,19,20,'0',43,61,'302','MAMASITTA OYSTER SAUCE 4.5 KG',4,2350,0,'',0,0,'0','0','0','0','0','0',0,0,0,0,0,0,'0000-00-00','0000-00-00','0000-00-00',0,0,0,0,0,0,0,0,0,0,0,0,0,0,0,0,0,0,0,0,0,0,0,0,0,0,0,0,0,0,0,'','','',NULL,0),(44,19,20,'0',44,62,'274','SAMBAL OELEK CHILLI 250G YEOS',3,350,0,'',0,0,'0','0','0','0','0','0',0,0,0,0,0,0,'0000-00-00','0000-00-00','0000-00-00',0,0,0,0,0,0,0,0,0,0,0,0,0,0,0,0,0,0,0,0,0,0,0,0,0,0,0,0,0,0,0,'','','',NULL,0),(45,19,20,'0',45,63,'382','HP SAUCE 255 GRAMS ',12,195,0,'',0,0,'0','0','0','0','0','0',0,0,0,0,0,0,'0000-00-00','0000-00-00','0000-00-00',0,0,0,0,0,0,0,0,0,0,0,0,0,0,0,0,0,0,0,0,0,0,0,0,0,0,0,0,0,0,0,'','','',NULL,0),(46,19,20,'0',46,64,'867','MUSTARD YELLOW FRENCHS 2.98 KG ',2,1400,0,'',0,0,'0','0','0','0','0','0',0,0,0,0,0,0,'0000-00-00','0000-00-00','0000-00-00',0,0,0,0,0,0,0,0,0,0,0,0,0,0,0,0,0,0,0,0,0,0,0,0,0,0,0,0,0,0,0,'','','',NULL,0),(47,19,20,'0',47,65,'868','FRY ALL 16 LITER DALDA ',5,2970,0,'',0,0,'0','0','0','0','0','0',0,0,0,0,0,0,'0000-00-00','0000-00-00','0000-00-00',0,0,0,0,0,0,0,0,0,0,0,0,0,0,0,0,0,0,0,0,0,0,0,0,0,0,0,0,0,0,0,'','','',NULL,0),(48,19,20,'0',48,66,'800','KNOOR CHICKEN POWDER',24,491.91,0,'',0,0,'0','0','0','0','0','0',0,0,0,0,0,0,'0000-00-00','0000-00-00','0000-00-00',0,0,0,0,0,0,0,0,0,0,0,0,0,0,0,0,0,0,0,0,0,0,0,0,0,0,0,0,0,0,0,'','','',NULL,0),(49,19,20,'0',49,67,'293','VINEGAR WHITE SHEZAN 3.85 LITER ',4,265,0,'',0,0,'0','0','0','0','0','0',0,0,0,0,0,0,'0000-00-00','0000-00-00','0000-00-00',0,0,0,0,0,0,0,0,0,0,0,0,0,0,0,0,0,0,0,0,0,0,0,0,0,0,0,0,0,0,0,'','','',NULL,0),(50,19,20,'0',50,68,'795','PEEL TOMATO TIN PACK ',6,110,0,'',0,0,'0','0','0','0','0','0',0,0,0,0,0,0,'0000-00-00','0000-00-00','0000-00-00',0,0,0,0,0,0,0,0,0,0,0,0,0,0,0,0,0,0,0,0,0,0,0,0,0,0,0,0,0,0,0,'','','',NULL,0),(51,19,20,'0',51,69,'869','MUSHROOM SLICED TIN 3KG  ',6,670,0,'',0,0,'0','0','0','0','0','0',0,0,0,0,0,0,'0000-00-00','0000-00-00','0000-00-00',0,0,0,0,0,0,0,0,0,0,0,0,0,0,0,0,0,0,0,0,0,0,0,0,0,0,0,0,0,0,0,'','','',NULL,0),(52,19,20,'0',52,70,'362','MELAPINE PINEAPPLE SLICE 3KG ',3,575,0,'',0,0,'0','0','0','0','0','0',0,0,0,0,0,0,'0000-00-00','0000-00-00','0000-00-00',0,0,0,0,0,0,0,0,0,0,0,0,0,0,0,0,0,0,0,0,0,0,0,0,0,0,0,0,0,0,0,'','','',NULL,0),(53,19,20,'0',53,71,'308','BREAD CRUMBS 1KG ',6,350,0,'',0,0,'0','0','0','0','0','0',0,0,0,0,0,0,'0000-00-00','0000-00-00','0000-00-00',0,0,0,0,0,0,0,0,0,0,0,0,0,0,0,0,0,0,0,0,0,0,0,0,0,0,0,0,0,0,0,'','','',NULL,0),(54,19,20,'0',54,72,'321','CHICKEN SOUP CUBE KNORR 1KG ',2,1000,0,'',0,0,'0','0','0','0','0','0',0,0,0,0,0,0,'0000-00-00','0000-00-00','0000-00-00',0,0,0,0,0,0,0,0,0,0,0,0,0,0,0,0,0,0,0,0,0,0,0,0,0,0,0,0,0,0,0,'','','',NULL,0),(55,19,20,'0',55,73,'372','STRAWBERRY FILLING 595GM ',4,395,0,'',0,0,'0','0','0','0','0','0',0,0,0,0,0,0,'0000-00-00','0000-00-00','0000-00-00',0,0,0,0,0,0,0,0,0,0,0,0,0,0,0,0,0,0,0,0,0,0,0,0,0,0,0,0,0,0,0,'','','',NULL,0),(56,19,20,'0',56,74,'373','BLUEBERRY FILLING 595GM ',4,395,0,'',0,0,'0','0','0','0','0','0',0,0,0,0,0,0,'0000-00-00','0000-00-00','0000-00-00',0,0,0,0,0,0,0,0,0,0,0,0,0,0,0,0,0,0,0,0,0,0,0,0,0,0,0,0,0,0,0,'','','',NULL,0),(57,19,20,'0',57,75,'794','KNOOR LIME SEASONING POWDER 400G',6,342,0,'',0,0,'0','0','0','0','0','0',0,0,0,0,0,0,'0000-00-00','0000-00-00','0000-00-00',0,0,0,0,0,0,0,0,0,0,0,0,0,0,0,0,0,0,0,0,0,0,0,0,0,0,0,0,0,0,0,'','','',NULL,0),(58,19,20,'0',58,76,'292','WHITE GRAPE VINEGAR 500ML',3,275,0,'',0,0,'0','0','0','0','0','0',0,0,0,0,0,0,'0000-00-00','0000-00-00','0000-00-00',0,0,0,0,0,0,0,0,0,0,0,0,0,0,0,0,0,0,0,0,0,0,0,0,0,0,0,0,0,0,0,'','','',NULL,0),(59,20,20,'0',59,77,'301','EGGS',7.5,100,0,'',0,0,'','','','','','',0,0,0,0,0,0,'0000-00-00','0000-00-00','0000-00-00',0,0,0,0,0,0,0,0,0,0,0,0,0,0,0,0,0,0,0,0,0,0,0,0,0,0,0,0,0,0,0,'','','',NULL,0),(60,20,20,'0',60,78,'230','CORN FLOUR LOSSE ',5,70,0,'',0,0,'','','','','','',0,0,0,0,0,0,'0000-00-00','0000-00-00','0000-00-00',0,0,0,0,0,0,0,0,0,0,0,0,0,0,0,0,0,0,0,0,0,0,0,0,0,0,0,0,0,0,0,'','','',NULL,0),(61,21,20,'0',61,79,'271','LEMON JUICE (MITCHELS)',2,135,0,'',0,0,'','','','','','',0,0,0,0,0,0,'0000-00-00','0000-00-00','0000-00-00',0,0,0,0,0,0,0,0,0,0,0,0,0,0,0,0,0,0,0,0,0,0,0,0,0,0,0,0,0,0,0,'','','',NULL,0),(62,21,20,'0',62,80,'303','RICE ZARAFA 2 YEARS OLD',50,170,0,'',0,0,'','','','','','',0,0,0,0,0,0,'0000-00-00','0000-00-00','0000-00-00',0,0,0,0,0,0,0,0,0,0,0,0,0,0,0,0,0,0,0,0,0,0,0,0,0,0,0,0,0,0,0,'','','',NULL,0),(63,21,20,'0',63,81,'203','PREMA MILK ',4,135,0,'',0,0,'','','','','','',0,0,0,0,0,0,'0000-00-00','0000-00-00','0000-00-00',0,0,0,0,0,0,0,0,0,0,0,0,0,0,0,0,0,0,0,0,0,0,0,0,0,0,0,0,0,0,0,'','','',NULL,0),(64,21,20,'0',64,82,'875','BODY SPRAY',2,250,0,'',0,0,'','','','','','',0,0,0,0,0,0,'0000-00-00','0000-00-00','0000-00-00',0,0,0,0,0,0,0,0,0,0,0,0,0,0,0,0,0,0,0,0,0,0,0,0,0,0,0,0,0,0,0,'','','',NULL,0),(65,21,20,'0',65,83,'874','BETTERY CELL(AA)',4,15,0,'',0,0,'','','','','','',0,0,0,0,0,0,'0000-00-00','0000-00-00','0000-00-00',0,0,0,0,0,0,0,0,0,0,0,0,0,0,0,0,0,0,0,0,0,0,0,0,0,0,0,0,0,0,0,'','','',NULL,0),(66,21,20,'0',66,84,'301','EGGS',7.5,100,0,'',0,0,'','','','','','',0,0,0,0,0,0,'0000-00-00','0000-00-00','0000-00-00',0,0,0,0,0,0,0,0,0,0,0,0,0,0,0,0,0,0,0,0,0,0,0,0,0,0,0,0,0,0,0,'','','',NULL,0),(67,21,20,'0',67,85,'876','OREO BISCUIT(HALF ROLL) BOX',2,120,0,'',0,0,'','','','','','',0,0,0,0,0,0,'0000-00-00','0000-00-00','0000-00-00',0,0,0,0,0,0,0,0,0,0,0,0,0,0,0,0,0,0,0,0,0,0,0,0,0,0,0,0,0,0,0,'','','',NULL,0),(68,21,20,'0',68,86,'265','SUGAR',5,60,0,'',0,0,'','','','','','',0,0,0,0,0,0,'0000-00-00','0000-00-00','0000-00-00',0,0,0,0,0,0,0,0,0,0,0,0,0,0,0,0,0,0,0,0,0,0,0,0,0,0,0,0,0,0,0,'','','',NULL,0),(69,22,20,'0',69,87,'877','ICE CUBE(10KG BAG)',2,300,0,'',0,0,'','','','','','',0,0,0,0,0,0,'0000-00-00','0000-00-00','0000-00-00',0,0,0,0,0,0,0,0,0,0,0,0,0,0,0,0,0,0,0,0,0,0,0,0,0,0,0,0,0,0,0,'','','',NULL,0),(70,23,20,'0',70,88,'877','ICE CUBE(10KG BAG)',5,300,0,'',0,0,'','','','','','',0,0,0,0,0,0,'0000-00-00','0000-00-00','0000-00-00',0,0,0,0,0,0,0,0,0,0,0,0,0,0,0,0,0,0,0,0,0,0,0,0,0,0,0,0,0,0,0,'','','',NULL,0),(71,24,20,'0',71,89,'877','ICE CUBE(10KG BAG)',2,600,0,'',0,0,'','','','','','',0,0,0,0,0,0,'0000-00-00','0000-00-00','0000-00-00',0,0,0,0,0,0,0,0,0,0,0,0,0,0,0,0,0,0,0,0,0,0,0,0,0,0,0,0,0,0,0,'','','',NULL,0),(72,25,20,'0',72,90,'350','FRENCH FRIES Mccain 2.5kg ',5,650,0,'',0,0,'','','','','','',0,0,0,0,0,0,'0000-00-00','0000-00-00','0000-00-00',0,0,0,0,0,0,0,0,0,0,0,0,0,0,0,0,0,0,0,0,0,0,0,0,0,0,0,0,0,0,0,'','','',NULL,0),(73,26,20,'0',73,91,'230','CORN FLOUR LOSSE ',10,110,0,'',0,0,'','','','','','',0,0,0,0,0,0,'0000-00-00','0000-00-00','0000-00-00',0,0,0,0,0,0,0,0,0,0,0,0,0,0,0,0,0,0,0,0,0,0,0,0,0,0,0,0,0,0,0,'','','',NULL,0),(74,26,20,'0',74,92,'301','EGGS',12.5,100,0,'',0,0,'','','','','','',0,0,0,0,0,0,'0000-00-00','0000-00-00','0000-00-00',0,0,0,0,0,0,0,0,0,0,0,0,0,0,0,0,0,0,0,0,0,0,0,0,0,0,0,0,0,0,0,'','','',NULL,0),(75,26,20,'0',75,93,'265','SUGAR',10,60,0,'',0,0,'','','','','','',0,0,0,0,0,0,'0000-00-00','0000-00-00','0000-00-00',0,0,0,0,0,0,0,0,0,0,0,0,0,0,0,0,0,0,0,0,0,0,0,0,0,0,0,0,0,0,0,'','','',NULL,0),(76,26,20,'0',76,94,'204','MILK PACK MILK 1 LTTER ',24,130,0,'',0,0,'','','','','','',0,0,0,0,0,0,'0000-00-00','0000-00-00','0000-00-00',0,0,0,0,0,0,0,0,0,0,0,0,0,0,0,0,0,0,0,0,0,0,0,0,0,0,0,0,0,0,0,'','','',NULL,0),(77,26,20,'0',77,95,'203','PREMA MILK ',6,135,0,'',0,0,'','','','','','',0,0,0,0,0,0,'0000-00-00','0000-00-00','0000-00-00',0,0,0,0,0,0,0,0,0,0,0,0,0,0,0,0,0,0,0,0,0,0,0,0,0,0,0,0,0,0,0,'','','',NULL,0),(78,27,20,'0',78,96,'201','FRESH CREAM',20,280,0,'',0,0,'','','','','','',0,0,0,0,0,0,'0000-00-00','0000-00-00','0000-00-00',0,0,0,0,0,0,0,0,0,0,0,0,0,0,0,0,0,0,0,0,0,0,0,0,0,0,0,0,0,0,0,'','','',NULL,0),(79,28,20,'0',79,97,'201','FRESH CREAM',1,280,0,'',0,0,'','','','','','',0,0,0,0,0,0,'0000-00-00','0000-00-00','0000-00-00',0,0,0,0,0,0,0,0,0,0,0,0,0,0,0,0,0,0,0,0,0,0,0,0,0,0,0,0,0,0,0,'','','',NULL,0),(80,29,20,'0',80,98,'402','CARROTS',5,80,0,'',0,0,'','','','','','',0,0,0,0,0,0,'0000-00-00','0000-00-00','0000-00-00',0,0,0,0,0,0,0,0,0,0,0,0,0,0,0,0,0,0,0,0,0,0,0,0,0,0,0,0,0,0,0,'','','',NULL,0),(81,29,20,'0',81,99,'409','BROCCOLI',1,500,0,'',0,0,'','','','','','',0,0,0,0,0,0,'0000-00-00','0000-00-00','0000-00-00',0,0,0,0,0,0,0,0,0,0,0,0,0,0,0,0,0,0,0,0,0,0,0,0,0,0,0,0,0,0,0,'','','',NULL,0),(82,29,20,'0',82,100,'411','GREEN CAPSICUM',4,120,0,'',0,0,'','','','','','',0,0,0,0,0,0,'0000-00-00','0000-00-00','0000-00-00',0,0,0,0,0,0,0,0,0,0,0,0,0,0,0,0,0,0,0,0,0,0,0,0,0,0,0,0,0,0,0,'','','',NULL,0),(83,29,20,'0',83,101,'406','ZUCCHINI',3,80,0,'',0,0,'','','','','','',0,0,0,0,0,0,'0000-00-00','0000-00-00','0000-00-00',0,0,0,0,0,0,0,0,0,0,0,0,0,0,0,0,0,0,0,0,0,0,0,0,0,0,0,0,0,0,0,'','','',NULL,0),(84,29,20,'0',84,102,'739','PARSLEY',0.5,1400,0,'',0,0,'','','','','','',0,0,0,0,0,0,'0000-00-00','0000-00-00','0000-00-00',0,0,0,0,0,0,0,0,0,0,0,0,0,0,0,0,0,0,0,0,0,0,0,0,0,0,0,0,0,0,0,'','','',NULL,0),(85,29,20,'0',85,103,'738','FRESH BASIL',0.5,400,0,'',0,0,'','','','','','',0,0,0,0,0,0,'0000-00-00','0000-00-00','0000-00-00',0,0,0,0,0,0,0,0,0,0,0,0,0,0,0,0,0,0,0,0,0,0,0,0,0,0,0,0,0,0,0,'','','',NULL,0),(86,30,20,'0',86,104,'407','POTATOES',4,40,0,'',0,0,'','','','','','',0,0,0,0,0,0,'0000-00-00','0000-00-00','0000-00-00',0,0,0,0,0,0,0,0,0,0,0,0,0,0,0,0,0,0,0,0,0,0,0,0,0,0,0,0,0,0,0,'','','',NULL,0),(87,30,20,'0',87,105,'740','TOMATOES',1,240,0,'',0,0,'','','','','','',0,0,0,0,0,0,'0000-00-00','0000-00-00','0000-00-00',0,0,0,0,0,0,0,0,0,0,0,0,0,0,0,0,0,0,0,0,0,0,0,0,0,0,0,0,0,0,0,'','','',NULL,0),(88,30,20,'0',88,106,'418','GREEN CHILLI',0.25,100,0,'',0,0,'','','','','','',0,0,0,0,0,0,'0000-00-00','0000-00-00','0000-00-00',0,0,0,0,0,0,0,0,0,0,0,0,0,0,0,0,0,0,0,0,0,0,0,0,0,0,0,0,0,0,0,'','','',NULL,0),(89,30,20,'0',89,107,'401','ONION',3,80,0,'',0,0,'','','','','','',0,0,0,0,0,0,'0000-00-00','0000-00-00','0000-00-00',0,0,0,0,0,0,0,0,0,0,0,0,0,0,0,0,0,0,0,0,0,0,0,0,0,0,0,0,0,0,0,'','','',NULL,0),(90,30,20,'0',90,108,'1741','SPINECH(PALIK)',8,35,0,'',0,0,'','','','','','',0,0,0,0,0,0,'0000-00-00','0000-00-00','0000-00-00',0,0,0,0,0,0,0,0,0,0,0,0,0,0,0,0,0,0,0,0,0,0,0,0,0,0,0,0,0,0,0,'','','',NULL,0),(91,31,20,'0',91,109,'417','GINGER',0.25,200,0,'',0,0,'','','','','','',0,0,0,0,0,0,'0000-00-00','0000-00-00','0000-00-00',0,0,0,0,0,0,0,0,0,0,0,0,0,0,0,0,0,0,0,0,0,0,0,0,0,0,0,0,0,0,0,'','','',NULL,0),(92,31,20,'0',92,110,'1100','LEMON FRESH ',1,200,0,'',0,0,'','','','','','',0,0,0,0,0,0,'0000-00-00','0000-00-00','0000-00-00',0,0,0,0,0,0,0,0,0,0,0,0,0,0,0,0,0,0,0,0,0,0,0,0,0,0,0,0,0,0,0,'','','',NULL,0),(93,32,20,'0',93,111,'401','ONION',2,85,0,'',0,0,'','','','','','',0,0,0,0,0,0,'0000-00-00','0000-00-00','0000-00-00',0,0,0,0,0,0,0,0,0,0,0,0,0,0,0,0,0,0,0,0,0,0,0,0,0,0,0,0,0,0,0,'','','',NULL,0),(94,32,20,'0',94,112,'740','TOMATOES',1,140,0,'',0,0,'','','','','','',0,0,0,0,0,0,'0000-00-00','0000-00-00','0000-00-00',0,0,0,0,0,0,0,0,0,0,0,0,0,0,0,0,0,0,0,0,0,0,0,0,0,0,0,0,0,0,0,'','','',NULL,0),(95,32,20,'0',95,113,'418','GREEN CHILLI',0.25,100,0,'',0,0,'','','','','','',0,0,0,0,0,0,'0000-00-00','0000-00-00','0000-00-00',0,0,0,0,0,0,0,0,0,0,0,0,0,0,0,0,0,0,0,0,0,0,0,0,0,0,0,0,0,0,0,'','','',NULL,0),(96,33,20,'0',96,114,'271','LEMON JUICE (MITCHELS)',3,125,0,'',0,0,'','','','','','',0,0,0,0,0,0,'0000-00-00','0000-00-00','0000-00-00',0,0,0,0,0,0,0,0,0,0,0,0,0,0,0,0,0,0,0,0,0,0,0,0,0,0,0,0,0,0,0,'','','',NULL,0),(97,33,20,'0',97,115,'878','STRAWBERRY TOPPING SUNDAE 3.6 KG SALMAN  ',1,850,0,'',0,0,'','','','','','',0,0,0,0,0,0,'0000-00-00','0000-00-00','0000-00-00',0,0,0,0,0,0,0,0,0,0,0,0,0,0,0,0,0,0,0,0,0,0,0,0,0,0,0,0,0,0,0,'','','',NULL,0),(98,34,20,'0',98,116,'801','COKE 300 ML CAN',0,0,0,'',0,0,'','','','','','',0,0,0,0,0,0,'0000-00-00','0000-00-00','0000-00-00',0,0,0,0,0,0,0,0,0,0,0,0,0,0,0,0,0,0,0,0,0,0,0,0,0,0,0,0,0,0,0,'','','',NULL,0),(99,34,20,'0',99,117,'805','SPRITE 300ML CAN',0,0,0,'',0,0,'','','','','','',0,0,0,0,0,0,'0000-00-00','0000-00-00','0000-00-00',0,0,0,0,0,0,0,0,0,0,0,0,0,0,0,0,0,0,0,0,0,0,0,0,0,0,0,0,0,0,0,'','','',NULL,0),(100,34,20,'0',100,118,'809','COKE DIET 250 ML CAN',0,0,0,'',0,0,'','','','','','',0,0,0,0,0,0,'0000-00-00','0000-00-00','0000-00-00',0,0,0,0,0,0,0,0,0,0,0,0,0,0,0,0,0,0,0,0,0,0,0,0,0,0,0,0,0,0,0,'','','',NULL,0),(101,34,20,'0',101,119,'001','BEEF TENDERLOIN WITHOUT HEAD',0,0,0,'',0,0,'','','','','','',0,0,0,0,0,0,'0000-00-00','0000-00-00','0000-00-00',0,0,0,0,0,0,0,0,0,0,0,0,0,0,0,0,0,0,0,0,0,0,0,0,0,0,0,0,0,0,0,'','','',NULL,0),(102,35,20,'0',102,120,'822','AQUA FINA WATER 500ML ',180,21.22,0,'',0,0,'','','','','','',0,0,0,0,0,0,'0000-00-00','0000-00-00','0000-00-00',0,0,0,0,0,0,0,0,0,0,0,0,0,0,0,0,0,0,0,0,0,0,0,0,0,0,0,0,0,0,0,'','','',NULL,0),(103,36,20,'0',103,121,'879','SHOE POLISH ',1,40,0,'',0,0,'','','','','','',0,0,0,0,0,0,'0000-00-00','0000-00-00','0000-00-00',0,0,0,0,0,0,0,0,0,0,0,0,0,0,0,0,0,0,0,0,0,0,0,0,0,0,0,0,0,0,0,'','','',NULL,0),(104,36,20,'0',104,122,'710','STRAW',4,35,0,'',0,0,'','','','','','',0,0,0,0,0,0,'0000-00-00','0000-00-00','0000-00-00',0,0,0,0,0,0,0,0,0,0,0,0,0,0,0,0,0,0,0,0,0,0,0,0,0,0,0,0,0,0,0,'','','',NULL,0),(105,36,20,'0',105,123,'281','ICEING SUGAR',4,45,0,'',0,0,'','','','','','',0,0,0,0,0,0,'0000-00-00','0000-00-00','0000-00-00',0,0,0,0,0,0,0,0,0,0,0,0,0,0,0,0,0,0,0,0,0,0,0,0,0,0,0,0,0,0,0,'','','',NULL,0),(106,36,20,'0',106,124,'799','CHOCOLATE CHIP',1,280,0,'',0,0,'','','','','','',0,0,0,0,0,0,'0000-00-00','0000-00-00','0000-00-00',0,0,0,0,0,0,0,0,0,0,0,0,0,0,0,0,0,0,0,0,0,0,0,0,0,0,0,0,0,0,0,'','','',NULL,0),(107,36,20,'0',107,125,'233','MILK PACK CREAM 200ML ',24,93.75,0,'',0,0,'','','','','','',0,0,0,0,0,0,'0000-00-00','0000-00-00','0000-00-00',0,0,0,0,0,0,0,0,0,0,0,0,0,0,0,0,0,0,0,0,0,0,0,0,0,0,0,0,0,0,0,'','','',NULL,0),(108,36,20,'0',108,126,'265','SUGAR',10,60,0,'',0,0,'','','','','','',0,0,0,0,0,0,'0000-00-00','0000-00-00','0000-00-00',0,0,0,0,0,0,0,0,0,0,0,0,0,0,0,0,0,0,0,0,0,0,0,0,0,0,0,0,0,0,0,'','','',NULL,0),(109,36,20,'0',109,127,'880','WOOD POLISH ',2,195,0,'',0,0,'','','','','','',0,0,0,0,0,0,'0000-00-00','0000-00-00','0000-00-00',0,0,0,0,0,0,0,0,0,0,0,0,0,0,0,0,0,0,0,0,0,0,0,0,0,0,0,0,0,0,0,'','','',NULL,0),(110,37,20,'0',110,128,'801','COKE 300 ML CAN',180,44.58,0,'',0,0,'','','','','','',0,0,0,0,0,0,'0000-00-00','0000-00-00','0000-00-00',0,0,0,0,0,0,0,0,0,0,0,0,0,0,0,0,0,0,0,0,0,0,0,0,0,0,0,0,0,0,0,'','','',NULL,0),(111,37,20,'0',111,129,'805','SPRITE 300ML CAN',180,44.58,0,'',0,0,'','','','','','',0,0,0,0,0,0,'0000-00-00','0000-00-00','0000-00-00',0,0,0,0,0,0,0,0,0,0,0,0,0,0,0,0,0,0,0,0,0,0,0,0,0,0,0,0,0,0,0,'','','',NULL,0),(112,37,20,'0',112,130,'809','COKE DIET 250 ML CAN',24,31,0,'',0,0,'','','','','','',0,0,0,0,0,0,'0000-00-00','0000-00-00','0000-00-00',0,0,0,0,0,0,0,0,0,0,0,0,0,0,0,0,0,0,0,0,0,0,0,0,0,0,0,0,0,0,0,'','','',NULL,0),(113,37,20,'0',113,131,'824','KINLEY MINRAL WATER ',60,18.33,0,'',0,0,'','','','','','',0,0,0,0,0,0,'0000-00-00','0000-00-00','0000-00-00',0,0,0,0,0,0,0,0,0,0,0,0,0,0,0,0,0,0,0,0,0,0,0,0,0,0,0,0,0,0,0,'','','',NULL,0),(114,38,20,'0',114,132,'230','CORN FLOUR LOSSE ',6,69,0,'',0,0,'','','','','','',0,0,0,0,0,0,'0000-00-00','0000-00-00','0000-00-00',0,0,0,0,0,0,0,0,0,0,0,0,0,0,0,0,0,0,0,0,0,0,0,0,0,0,0,0,0,0,0,'','','',NULL,0),(115,39,20,'0',115,133,'204','MILK PACK MILK 1 LTTER ',2,260,0,'',0,0,'','','','','','',0,0,0,0,0,0,'0000-00-00','0000-00-00','0000-00-00',0,0,0,0,0,0,0,0,0,0,0,0,0,0,0,0,0,0,0,0,0,0,0,0,0,0,0,0,0,0,0,'','','',NULL,0),(116,39,20,'0',116,134,'203','PREMA MILK ',2,130,0,'',0,0,'','','','','','',0,0,0,0,0,0,'0000-00-00','0000-00-00','0000-00-00',0,0,0,0,0,0,0,0,0,0,0,0,0,0,0,0,0,0,0,0,0,0,0,0,0,0,0,0,0,0,0,'','','',NULL,0),(117,40,20,'0',117,135,'208','CAKE BASE',20,10,0,'',0,0,'','','','','','',0,0,0,0,0,0,'0000-00-00','0000-00-00','0000-00-00',0,0,0,0,0,0,0,0,0,0,0,0,0,0,0,0,0,0,0,0,0,0,0,0,0,0,0,0,0,0,0,'','','',NULL,0),(118,41,20,'0',118,136,'369','STRAWBERRY IN SYRUP 425GM ',3,310,0,'',0,0,'','','','','','',0,0,0,0,0,0,'0000-00-00','0000-00-00','0000-00-00',0,0,0,0,0,0,0,0,0,0,0,0,0,0,0,0,0,0,0,0,0,0,0,0,0,0,0,0,0,0,0,'','','',NULL,0),(119,41,20,'0',119,137,'210','PARMESAN CHEESE',2,2150,0,'',0,0,'','','','','','',0,0,0,0,0,0,'0000-00-00','0000-00-00','0000-00-00',0,0,0,0,0,0,0,0,0,0,0,0,0,0,0,0,0,0,0,0,0,0,0,0,0,0,0,0,0,0,0,'','','',NULL,0),(120,41,20,'0',120,138,'856','CHEESE CHADDER 2KG BLOCK ',2,1340,0,'',0,0,'','','','','','',0,0,0,0,0,0,'0000-00-00','0000-00-00','0000-00-00',0,0,0,0,0,0,0,0,0,0,0,0,0,0,0,0,0,0,0,0,0,0,0,0,0,0,0,0,0,0,0,'','','',NULL,0),(121,41,20,'0',121,139,'233','MILK PACK CREAM 200ML ',2,2230,0,'',0,0,'','','','','','',0,0,0,0,0,0,'0000-00-00','0000-00-00','0000-00-00',0,0,0,0,0,0,0,0,0,0,0,0,0,0,0,0,0,0,0,0,0,0,0,0,0,0,0,0,0,0,0,'','','',NULL,0),(122,41,20,'0',122,140,'322','DAMI GLASS BASE',1,880,0,'',0,0,'','','','','','',0,0,0,0,0,0,'0000-00-00','0000-00-00','0000-00-00',0,0,0,0,0,0,0,0,0,0,0,0,0,0,0,0,0,0,0,0,0,0,0,0,0,0,0,0,0,0,0,'','','',NULL,0),(123,41,20,'0',123,141,'300','GREEN OLIVES',1,820,0,'',0,0,'','','','','','',0,0,0,0,0,0,'0000-00-00','0000-00-00','0000-00-00',0,0,0,0,0,0,0,0,0,0,0,0,0,0,0,0,0,0,0,0,0,0,0,0,0,0,0,0,0,0,0,'','','',NULL,0),(124,41,20,'0',124,142,'732','OREGANO DRY',3,370,0,'',0,0,'','','','','','',0,0,0,0,0,0,'0000-00-00','0000-00-00','0000-00-00',0,0,0,0,0,0,0,0,0,0,0,0,0,0,0,0,0,0,0,0,0,0,0,0,0,0,0,0,0,0,0,'','','',NULL,0),(125,41,20,'0',125,143,'313','THYME',3,470,0,'',0,0,'','','','','','',0,0,0,0,0,0,'0000-00-00','0000-00-00','0000-00-00',0,0,0,0,0,0,0,0,0,0,0,0,0,0,0,0,0,0,0,0,0,0,0,0,0,0,0,0,0,0,0,'','','',NULL,0),(126,41,20,'0',126,144,'301','EGGS',15,105,0,'',0,0,'','','','','','',0,0,0,0,0,0,'0000-00-00','0000-00-00','0000-00-00',0,0,0,0,0,0,0,0,0,0,0,0,0,0,0,0,0,0,0,0,0,0,0,0,0,0,0,0,0,0,0,'','','',NULL,0),(127,41,20,'0',127,145,'706','SHOPPING BAG PLASTIC ',1,230,0,'',0,0,'','','','','','',0,0,0,0,0,0,'0000-00-00','0000-00-00','0000-00-00',0,0,0,0,0,0,0,0,0,0,0,0,0,0,0,0,0,0,0,0,0,0,0,0,0,0,0,0,0,0,0,'','','',NULL,0),(128,41,20,'0',128,146,'712','PUK CHEESE ',1,910,0,'',0,0,'','','','','','',0,0,0,0,0,0,'0000-00-00','0000-00-00','0000-00-00',0,0,0,0,0,0,0,0,0,0,0,0,0,0,0,0,0,0,0,0,0,0,0,0,0,0,0,0,0,0,0,'','','',NULL,0),(129,41,20,'0',129,147,'799','CHOCOLATE CHIP',3,280,0,'',0,0,'','','','','','',0,0,0,0,0,0,'0000-00-00','0000-00-00','0000-00-00',0,0,0,0,0,0,0,0,0,0,0,0,0,0,0,0,0,0,0,0,0,0,0,0,0,0,0,0,0,0,0,'','','',NULL,0),(130,41,20,'0',130,148,'612','GLINT GLASS CLEANER PACK ',2,180,0,'',0,0,'','','','','','',0,0,0,0,0,0,'0000-00-00','0000-00-00','0000-00-00',0,0,0,0,0,0,0,0,0,0,0,0,0,0,0,0,0,0,0,0,0,0,0,0,0,0,0,0,0,0,0,'','','',NULL,0),(131,41,20,'0',131,149,'261','MALAYSIA DARK CHOCOLATE ',3,650,0,'',0,0,'','','','','','',0,0,0,0,0,0,'0000-00-00','0000-00-00','0000-00-00',0,0,0,0,0,0,0,0,0,0,0,0,0,0,0,0,0,0,0,0,0,0,0,0,0,0,0,0,0,0,0,'','','',NULL,0),(132,41,20,'0',132,150,'619','LEMON MAX LIQUID',1,120,0,'',0,0,'','','','','','',0,0,0,0,0,0,'0000-00-00','0000-00-00','0000-00-00',0,0,0,0,0,0,0,0,0,0,0,0,0,0,0,0,0,0,0,0,0,0,0,0,0,0,0,0,0,0,0,'','','',NULL,0),(133,41,20,'0',133,151,'881','BLACK OLIVES',1,780,0,'',0,0,'','','','','','',0,0,0,0,0,0,'0000-00-00','0000-00-00','0000-00-00',0,0,0,0,0,0,0,0,0,0,0,0,0,0,0,0,0,0,0,0,0,0,0,0,0,0,0,0,0,0,0,'','','',NULL,0),(134,41,20,'0',134,152,'204','MILK PACK MILK 1 LTTER ',12,120,0,'',0,0,'','','','','','',0,0,0,0,0,0,'0000-00-00','0000-00-00','0000-00-00',0,0,0,0,0,0,0,0,0,0,0,0,0,0,0,0,0,0,0,0,0,0,0,0,0,0,0,0,0,0,0,'','','',NULL,0),(135,41,20,'0',135,153,'710','STRAW',4,60,0,'',0,0,'','','','','','',0,0,0,0,0,0,'0000-00-00','0000-00-00','0000-00-00',0,0,0,0,0,0,0,0,0,0,0,0,0,0,0,0,0,0,0,0,0,0,0,0,0,0,0,0,0,0,0,'','','',NULL,0),(136,42,20,'5011',-1,0,'','',0,0,0,'',0,0,'0','','','','0','0',0,0,0,0,0,0,'0000-00-00','0000-00-00','0000-00-00',0,0,0,0,0,0,0,0,0,0,0,0,0,0,0,0,0,0,0,0,0,0,0,0,0,0,0,0,0,0,0,'','','',NULL,0),(137,42,20,'0',136,2,'101','CHICKEN FILLET 110 TO 120 GMS K&amp;N&#039;S',0,0,0,'',0,0,'','','','','','',0,0,0,0,0,0,'0000-00-00','0000-00-00','0000-00-00',0,0,0,0,0,0,0,0,0,0,0,0,0,0,0,0,0,0,0,0,0,0,0,0,0,0,0,0,0,0,0,'','','',NULL,1),(138,43,20,'0',136,2,'101','CHICKEN FILLET 110 TO 120 GMS K&amp;N&#039;S',40.2,363,0,'',0,0,'','','','','','',0,0,0,0,0,0,'0000-00-00','0000-00-00','0000-00-00',0,0,0,0,0,0,0,0,0,0,0,0,0,0,0,0,0,0,0,0,0,0,0,0,0,0,0,0,0,0,0,'','','',NULL,1),(139,44,20,'0',137,154,'407','POTATOES',0,0,0,'',0,0,'','','','','','',0,0,0,0,0,0,'0000-00-00','0000-00-00','0000-00-00',0,0,0,0,0,0,0,0,0,0,0,0,0,0,0,0,0,0,0,0,0,0,0,0,0,0,0,0,0,0,0,'','','',NULL,0),(140,44,20,'0',138,155,'401','ONION',0,0,0,'',0,0,'','','','','','',0,0,0,0,0,0,'0000-00-00','0000-00-00','0000-00-00',0,0,0,0,0,0,0,0,0,0,0,0,0,0,0,0,0,0,0,0,0,0,0,0,0,0,0,0,0,0,0,'','','',NULL,0),(141,44,20,'0',139,156,'404','GREEN ONION',0,0,0,'',0,0,'','','','','','',0,0,0,0,0,0,'0000-00-00','0000-00-00','0000-00-00',0,0,0,0,0,0,0,0,0,0,0,0,0,0,0,0,0,0,0,0,0,0,0,0,0,0,0,0,0,0,0,'','','',NULL,0),(142,44,20,'0',140,157,'402','CARROTS',0,0,0,'',0,0,'','','','','','',0,0,0,0,0,0,'0000-00-00','0000-00-00','0000-00-00',0,0,0,0,0,0,0,0,0,0,0,0,0,0,0,0,0,0,0,0,0,0,0,0,0,0,0,0,0,0,0,'','','',NULL,0),(143,44,20,'0',141,158,'417','GINGER',0,0,0,'',0,0,'','','','','','',0,0,0,0,0,0,'0000-00-00','0000-00-00','0000-00-00',0,0,0,0,0,0,0,0,0,0,0,0,0,0,0,0,0,0,0,0,0,0,0,0,0,0,0,0,0,0,0,'','','',NULL,0),(144,44,20,'0',142,159,'409','BROCCOLI',0,0,0,'',0,0,'','','','','','',0,0,0,0,0,0,'0000-00-00','0000-00-00','0000-00-00',0,0,0,0,0,0,0,0,0,0,0,0,0,0,0,0,0,0,0,0,0,0,0,0,0,0,0,0,0,0,0,'','','',NULL,0),(145,44,20,'0',143,160,'411','GREEN CAPSICUM',0,0,0,'',0,0,'','','','','','',0,0,0,0,0,0,'0000-00-00','0000-00-00','0000-00-00',0,0,0,0,0,0,0,0,0,0,0,0,0,0,0,0,0,0,0,0,0,0,0,0,0,0,0,0,0,0,0,'','','',NULL,0),(146,44,20,'0',144,161,'403','CABBAGE',0,0,0,'',0,0,'','','','','','',0,0,0,0,0,0,'0000-00-00','0000-00-00','0000-00-00',0,0,0,0,0,0,0,0,0,0,0,0,0,0,0,0,0,0,0,0,0,0,0,0,0,0,0,0,0,0,0,'','','',NULL,0),(147,44,20,'0',145,162,'406','ZUCCHINI',0,0,0,'',0,0,'','','','','','',0,0,0,0,0,0,'0000-00-00','0000-00-00','0000-00-00',0,0,0,0,0,0,0,0,0,0,0,0,0,0,0,0,0,0,0,0,0,0,0,0,0,0,0,0,0,0,0,'','','',NULL,0),(148,45,20,'0',146,163,'407','POTATOES',10,45,0,'',0,0,'','','','','','',0,0,0,0,0,0,'0000-00-00','0000-00-00','0000-00-00',0,0,0,0,0,0,0,0,0,0,0,0,0,0,0,0,0,0,0,0,0,0,0,0,0,0,0,0,0,0,0,'','','',NULL,0),(149,45,20,'0',147,164,'401','ONION',6,85,0,'',0,0,'','','','','','',0,0,0,0,0,0,'0000-00-00','0000-00-00','0000-00-00',0,0,0,0,0,0,0,0,0,0,0,0,0,0,0,0,0,0,0,0,0,0,0,0,0,0,0,0,0,0,0,'','','',NULL,0),(150,45,20,'0',148,165,'404','GREEN ONION',2,200,0,'',0,0,'','','','','','',0,0,0,0,0,0,'0000-00-00','0000-00-00','0000-00-00',0,0,0,0,0,0,0,0,0,0,0,0,0,0,0,0,0,0,0,0,0,0,0,0,0,0,0,0,0,0,0,'','','',NULL,0),(151,45,20,'0',149,166,'403','CABBAGE',1,60,0,'',0,0,'','','','','','',0,0,0,0,0,0,'0000-00-00','0000-00-00','0000-00-00',0,0,0,0,0,0,0,0,0,0,0,0,0,0,0,0,0,0,0,0,0,0,0,0,0,0,0,0,0,0,0,'','','',NULL,0),(152,45,20,'0',150,167,'402','CARROTS',8,90,0,'',0,0,'','','','','','',0,0,0,0,0,0,'0000-00-00','0000-00-00','0000-00-00',0,0,0,0,0,0,0,0,0,0,0,0,0,0,0,0,0,0,0,0,0,0,0,0,0,0,0,0,0,0,0,'','','',NULL,0),(153,45,20,'0',151,168,'417','GINGER',0.5,200,0,'',0,0,'','','','','','',0,0,0,0,0,0,'0000-00-00','0000-00-00','0000-00-00',0,0,0,0,0,0,0,0,0,0,0,0,0,0,0,0,0,0,0,0,0,0,0,0,0,0,0,0,0,0,0,'','','',NULL,0),(154,45,20,'0',152,169,'409','BROCCOLI',2,450,0,'',0,0,'','','','','','',0,0,0,0,0,0,'0000-00-00','0000-00-00','0000-00-00',0,0,0,0,0,0,0,0,0,0,0,0,0,0,0,0,0,0,0,0,0,0,0,0,0,0,0,0,0,0,0,'','','',NULL,0),(155,45,20,'0',153,170,'406','ZUCCHINI',4,80,0,'',0,0,'','','','','','',0,0,0,0,0,0,'0000-00-00','0000-00-00','0000-00-00',0,0,0,0,0,0,0,0,0,0,0,0,0,0,0,0,0,0,0,0,0,0,0,0,0,0,0,0,0,0,0,'','','',NULL,0),(156,45,20,'0',154,171,'411','GREEN CAPSICUM',4,140,0,'',0,0,'','','','','','',0,0,0,0,0,0,'0000-00-00','0000-00-00','0000-00-00',0,0,0,0,0,0,0,0,0,0,0,0,0,0,0,0,0,0,0,0,0,0,0,0,0,0,0,0,0,0,0,'','','',NULL,0),(157,46,20,'0',155,172,'407','POTATOES',10,45,0,'',0,0,'','','','','','',0,0,0,0,0,0,'0000-00-00','0000-00-00','0000-00-00',0,0,0,0,0,0,0,0,0,0,0,0,0,0,0,0,0,0,0,0,0,0,0,0,0,0,0,0,0,0,0,'','','',NULL,0),(158,46,20,'0',156,173,'401','ONION',6,85,0,'',0,0,'','','','','','',0,0,0,0,0,0,'0000-00-00','0000-00-00','0000-00-00',0,0,0,0,0,0,0,0,0,0,0,0,0,0,0,0,0,0,0,0,0,0,0,0,0,0,0,0,0,0,0,'','','',NULL,0),(159,46,20,'0',157,174,'404','GREEN ONION',2,200,0,'',0,0,'','','','','','',0,0,0,0,0,0,'0000-00-00','0000-00-00','0000-00-00',0,0,0,0,0,0,0,0,0,0,0,0,0,0,0,0,0,0,0,0,0,0,0,0,0,0,0,0,0,0,0,'','','',NULL,0),(160,46,20,'0',158,175,'403','CABBAGE',0.5,60,0,'',0,0,'','','','','','',0,0,0,0,0,0,'0000-00-00','0000-00-00','0000-00-00',0,0,0,0,0,0,0,0,0,0,0,0,0,0,0,0,0,0,0,0,0,0,0,0,0,0,0,0,0,0,0,'','','',NULL,0),(161,46,20,'0',159,176,'402','CARROTS',7,85,0,'',0,0,'','','','','','',0,0,0,0,0,0,'0000-00-00','0000-00-00','0000-00-00',0,0,0,0,0,0,0,0,0,0,0,0,0,0,0,0,0,0,0,0,0,0,0,0,0,0,0,0,0,0,0,'','','',NULL,0),(162,46,20,'0',160,177,'740','TOMATOES',1,120,0,'',0,0,'','','','','','',0,0,0,0,0,0,'0000-00-00','0000-00-00','0000-00-00',0,0,0,0,0,0,0,0,0,0,0,0,0,0,0,0,0,0,0,0,0,0,0,0,0,0,0,0,0,0,0,'','','',NULL,0),(163,46,20,'0',161,178,'418','GREEN CHILLI',0.5,90,0,'',0,0,'','','','','','',0,0,0,0,0,0,'0000-00-00','0000-00-00','0000-00-00',0,0,0,0,0,0,0,0,0,0,0,0,0,0,0,0,0,0,0,0,0,0,0,0,0,0,0,0,0,0,0,'','','',NULL,0),(164,46,20,'0',162,179,'1100','LEMON FRESH ',1,200,0,'',0,0,'','','','','','',0,0,0,0,0,0,'0000-00-00','0000-00-00','0000-00-00',0,0,0,0,0,0,0,0,0,0,0,0,0,0,0,0,0,0,0,0,0,0,0,0,0,0,0,0,0,0,0,'','','',NULL,0),(165,46,20,'0',163,180,'409','BROCCOLI',1,450,0,'',0,0,'','','','','','',0,0,0,0,0,0,'0000-00-00','0000-00-00','0000-00-00',0,0,0,0,0,0,0,0,0,0,0,0,0,0,0,0,0,0,0,0,0,0,0,0,0,0,0,0,0,0,0,'','','',NULL,0),(166,46,20,'0',164,181,'408','ICEBERG LETTUCE',1,150,0,'',0,0,'','','','','','',0,0,0,0,0,0,'0000-00-00','0000-00-00','0000-00-00',0,0,0,0,0,0,0,0,0,0,0,0,0,0,0,0,0,0,0,0,0,0,0,0,0,0,0,0,0,0,0,'','','',NULL,0),(167,46,20,'0',165,182,'411','GREEN CAPSICUM',4,130,0,'',0,0,'','','','','','',0,0,0,0,0,0,'0000-00-00','0000-00-00','0000-00-00',0,0,0,0,0,0,0,0,0,0,0,0,0,0,0,0,0,0,0,0,0,0,0,0,0,0,0,0,0,0,0,'','','',NULL,0),(168,46,20,'0',166,183,'406','ZUCCHINI',4,80,0,'',0,0,'','','','','','',0,0,0,0,0,0,'0000-00-00','0000-00-00','0000-00-00',0,0,0,0,0,0,0,0,0,0,0,0,0,0,0,0,0,0,0,0,0,0,0,0,0,0,0,0,0,0,0,'','','',NULL,0),(169,46,20,'0',167,184,'414','FRESH MINT',6,9,0,'',0,0,'','','','','','',0,0,0,0,0,0,'0000-00-00','0000-00-00','0000-00-00',0,0,0,0,0,0,0,0,0,0,0,0,0,0,0,0,0,0,0,0,0,0,0,0,0,0,0,0,0,0,0,'','','',NULL,0),(170,46,20,'0',168,185,'738','FRESH BASIL',0.1,800,0,'',0,0,'','','','','','',0,0,0,0,0,0,'0000-00-00','0000-00-00','0000-00-00',0,0,0,0,0,0,0,0,0,0,0,0,0,0,0,0,0,0,0,0,0,0,0,0,0,0,0,0,0,0,0,'','','',NULL,0),(171,46,20,'0',169,186,'739','PARSLEY',0.2,1500,0,'',0,0,'','','','','','',0,0,0,0,0,0,'0000-00-00','0000-00-00','0000-00-00',0,0,0,0,0,0,0,0,0,0,0,0,0,0,0,0,0,0,0,0,0,0,0,0,0,0,0,0,0,0,0,'','','',NULL,0),(172,47,20,'0',170,187,'301','EGGS',15,322,0,'',0,0,'','','','','','',0,0,0,0,0,0,'0000-00-00','0000-00-00','0000-00-00',0,0,0,0,0,0,0,0,0,0,0,0,0,0,0,0,0,0,0,0,0,0,0,0,0,0,0,0,0,0,0,'','','',NULL,0),(173,47,20,'0',171,188,'712','PUK CHEESE ',2,670,0,'',0,0,'','','','','','',0,0,0,0,0,0,'0000-00-00','0000-00-00','0000-00-00',0,0,0,0,0,0,0,0,0,0,0,0,0,0,0,0,0,0,0,0,0,0,0,0,0,0,0,0,0,0,0,'','','',NULL,0),(174,47,20,'0',172,189,'101','CHICKEN FILLET 110 TO 120 GMS K&amp;N&#039;S',25.35,240,0,'',0,0,'','','','','','',0,0,0,0,0,0,'0000-00-00','0000-00-00','0000-00-00',0,0,0,0,0,0,0,0,0,0,0,0,0,0,0,0,0,0,0,0,0,0,0,0,0,0,0,0,0,0,0,'','','',NULL,0),(175,47,20,'0',173,190,'001','BEEF TENDERLOIN WITHOUT HEAD',18,1258.33,0,'',0,0,'','','','','','',0,0,0,0,0,0,'0000-00-00','0000-00-00','0000-00-00',0,0,0,0,0,0,0,0,0,0,0,0,0,0,0,0,0,0,0,0,0,0,0,0,0,0,0,0,0,0,0,'','','',NULL,0),(176,47,20,'0',174,191,'249','ALMOND ',1,911.14,0,'',0,0,'','','','','','',0,0,0,0,0,0,'0000-00-00','0000-00-00','0000-00-00',0,0,0,0,0,0,0,0,0,0,0,0,0,0,0,0,0,0,0,0,0,0,0,0,0,0,0,0,0,0,0,'','','',NULL,0),(177,47,20,'0',175,192,'300','GREEN OLIVES',1,725.64,0,'',0,0,'','','','','','',0,0,0,0,0,0,'0000-00-00','0000-00-00','0000-00-00',0,0,0,0,0,0,0,0,0,0,0,0,0,0,0,0,0,0,0,0,0,0,0,0,0,0,0,0,0,0,0,'','','',NULL,0),(178,47,20,'0',176,193,'881','BLACK OLIVES',1,641,0,'',0,0,'','','','','','',0,0,0,0,0,0,'0000-00-00','0000-00-00','0000-00-00',0,0,0,0,0,0,0,0,0,0,0,0,0,0,0,0,0,0,0,0,0,0,0,0,0,0,0,0,0,0,0,'','','',NULL,0),(179,47,20,'0',177,194,'371','SUFI COOKING OIL 1 LITER ',25,146,0,'',0,0,'','','','','','',0,0,0,0,0,0,'0000-00-00','0000-00-00','0000-00-00',0,0,0,0,0,0,0,0,0,0,0,0,0,0,0,0,0,0,0,0,0,0,0,0,0,0,0,0,0,0,0,'','','',NULL,0),(180,47,20,'0',178,195,'265','SUGAR',50,59.26,0,'',0,0,'','','','','','',0,0,0,0,0,0,'0000-00-00','0000-00-00','0000-00-00',0,0,0,0,0,0,0,0,0,0,0,0,0,0,0,0,0,0,0,0,0,0,0,0,0,0,0,0,0,0,0,'','','',NULL,0),(181,47,20,'0',179,196,'306','FETTUCCINE PASTA',5,192.31,0,'',0,0,'','','','','','',0,0,0,0,0,0,'0000-00-00','0000-00-00','0000-00-00',0,0,0,0,0,0,0,0,0,0,0,0,0,0,0,0,0,0,0,0,0,0,0,0,0,0,0,0,0,0,0,'','','',NULL,0),(182,47,20,'0',180,197,'230','CORN FLOUR LOSSE ',10,159.3,0,'',0,0,'','','','','','',0,0,0,0,0,0,'0000-00-00','0000-00-00','0000-00-00',0,0,0,0,0,0,0,0,0,0,0,0,0,0,0,0,0,0,0,0,0,0,0,0,0,0,0,0,0,0,0,'','','',NULL,0),(183,47,20,'0',181,198,'821','NESTLE PINEAPPLE JUICE 1 LTR',48,22.97,0,'',0,0,'','','','','','',0,0,0,0,0,0,'0000-00-00','0000-00-00','0000-00-00',0,0,0,0,0,0,0,0,0,0,0,0,0,0,0,0,0,0,0,0,0,0,0,0,0,0,0,0,0,0,0,'','','',NULL,0),(184,47,20,'0',182,199,'801','COKE 300 ML CAN',180,40.6,0,'',0,0,'','','','','','',0,0,0,0,0,0,'0000-00-00','0000-00-00','0000-00-00',0,0,0,0,0,0,0,0,0,0,0,0,0,0,0,0,0,0,0,0,0,0,0,0,0,0,0,0,0,0,0,'','','',NULL,0),(185,47,20,'0',183,200,'805','SPRITE 300ML CAN',180,40.6,0,'',0,0,'','','','','','',0,0,0,0,0,0,'0000-00-00','0000-00-00','0000-00-00',0,0,0,0,0,0,0,0,0,0,0,0,0,0,0,0,0,0,0,0,0,0,0,0,0,0,0,0,0,0,0,'','','',NULL,0),(186,47,20,'0',184,201,'822','AQUA FINA WATER 500ML ',216,19.37,0,'',0,0,'','','','','','',0,0,0,0,0,0,'0000-00-00','0000-00-00','0000-00-00',0,0,0,0,0,0,0,0,0,0,0,0,0,0,0,0,0,0,0,0,0,0,0,0,0,0,0,0,0,0,0,'','','',NULL,0);
/*!40000 ALTER TABLE `0_supp_invoice_items` ENABLE KEYS */;
UNLOCK TABLES;

--
-- Table structure for table `0_supp_trans`
--

DROP TABLE IF EXISTS `0_supp_trans`;
/*!40101 SET @saved_cs_client     = @@character_set_client */;
/*!40101 SET character_set_client = utf8 */;
CREATE TABLE `0_supp_trans` (
  `trans_no` int(11) unsigned NOT NULL DEFAULT '0',
  `type` smallint(6) unsigned NOT NULL DEFAULT '0',
  `supplier_id` int(11) unsigned DEFAULT NULL,
  `reference` tinytext COLLATE utf8_unicode_ci NOT NULL,
  `supp_reference` varchar(60) COLLATE utf8_unicode_ci NOT NULL DEFAULT '',
  `tran_date` date NOT NULL DEFAULT '0000-00-00',
  `due_date` date NOT NULL DEFAULT '0000-00-00',
  `ov_amount` double NOT NULL DEFAULT '0',
  `ov_discount` double NOT NULL DEFAULT '0',
  `ov_gst` double NOT NULL DEFAULT '0',
  `gst_wh` double NOT NULL,
  `rate` double NOT NULL DEFAULT '1',
  `alloc` double NOT NULL DEFAULT '0',
  `tax_included` tinyint(1) NOT NULL DEFAULT '0',
  `supply_disc` int(11) NOT NULL,
  `service_disc` int(11) NOT NULL,
  `fbr_disc` int(11) NOT NULL,
  `srb_disc` int(11) NOT NULL,
  `write_back` int(11) NOT NULL,
  `supply_tax_id` int(11) NOT NULL,
  `service_tax_id` int(11) NOT NULL,
  `fbr_tax_id` int(11) NOT NULL,
  `srb_tax_id` int(11) NOT NULL,
  `cheque` int(11) NOT NULL,
  `gross_rate` varchar(55) COLLATE utf8_unicode_ci NOT NULL,
  `total_` varchar(55) COLLATE utf8_unicode_ci NOT NULL,
  `cheque_date` date DEFAULT NULL,
  `text_1` varchar(50) COLLATE utf8_unicode_ci DEFAULT NULL,
  `text_2` varchar(50) COLLATE utf8_unicode_ci DEFAULT NULL,
  `text_3` varchar(50) COLLATE utf8_unicode_ci DEFAULT NULL,
  `text_4` varchar(50) COLLATE utf8_unicode_ci DEFAULT NULL,
  `text_5` varchar(50) COLLATE utf8_unicode_ci DEFAULT NULL,
  `opening` tinyint(1) DEFAULT NULL,
  PRIMARY KEY (`type`,`trans_no`),
  KEY `supplier_id` (`supplier_id`),
  KEY `tran_date` (`tran_date`)
) ENGINE=InnoDB DEFAULT CHARSET=utf8 COLLATE=utf8_unicode_ci;
/*!40101 SET character_set_client = @saved_cs_client */;

--
-- Dumping data for table `0_supp_trans`
--

LOCK TABLES `0_supp_trans` WRITE;
/*!40000 ALTER TABLE `0_supp_trans` DISABLE KEYS */;
INSERT INTO `0_supp_trans` VALUES (1,20,1,'PI001/10/2017','7953','2017-10-05','2018-01-03',36979,0,0,0,1,0,0,0,0,0,0,0,0,0,0,0,0,'','','0000-00-00','','','',NULL,NULL,NULL),(2,20,16,'PI002/10/2017','05-10-2017','2017-10-05','2018-01-05',0,0,0,0,1,0,0,0,0,0,0,0,0,0,0,0,0,'','','0000-00-00','','','',NULL,NULL,NULL),(3,20,17,'PI003/10/2017','05-10-17','2017-10-05','2018-01-03',22652,0,0,0,1,0,0,0,0,0,0,0,0,0,0,0,0,'','','0000-00-00','','','',NULL,NULL,NULL),(4,20,7,'PI004/10/2017','05-10-17','2017-10-05','2018-01-03',0,0,0,0,1,0,0,0,0,0,0,0,0,0,0,0,0,'','','0000-00-00','','','',NULL,NULL,NULL),(5,20,14,'PI005/10/2017','05-10-2017','2017-10-05','2018-01-05',0,0,0,0,1,0,0,0,0,0,0,0,0,0,0,0,0,'','','0000-00-00','','','',NULL,NULL,NULL),(6,20,3,'PI006/10/2017','05-10-2017','2017-10-05','2018-01-03',73218,0,0,0,1,50000,0,0,0,0,0,0,0,0,0,0,0,'','','0000-00-00','','','',NULL,NULL,NULL),(7,20,2,'PI007/10/2017','05-10-2017','2017-10-05','2018-01-03',33851,0,0,0,1,0,0,0,0,0,0,0,0,0,0,0,0,'','','0000-00-00','','','',NULL,NULL,NULL),(8,20,6,'PI008/10/2017','05-10-2017','2017-10-05','2018-01-03',95000,0,0,0,1,0,0,0,0,0,0,0,0,0,0,0,0,'','','0000-00-00','','','',NULL,NULL,NULL),(9,20,18,'PI009/10/2017','05-10-17','2017-10-05','2018-01-03',10800,0,0,0,1,0,0,0,0,0,0,0,0,0,0,0,0,'','','0000-00-00','','','',NULL,NULL,NULL),(10,20,8,'PI010/10/2017','5-10-17','2017-10-05','2018-01-03',43156,0,0,0,1,0,0,0,0,0,0,0,0,0,0,0,0,'','','0000-00-00','','','',NULL,NULL,NULL),(11,20,19,'PI011/10/2017','05-10-2017','2017-10-05','2018-01-03',855,0,0,0,1,0,0,0,0,0,0,0,0,0,0,0,0,'','','0000-00-00','','','',NULL,NULL,NULL),(12,20,15,'PI012/10/2017','05-10-2017','2017-10-05','2017-10-15',0,0,0,0,1,0,0,0,0,0,0,0,0,0,0,0,0,'','','0000-00-00','','','',NULL,NULL,NULL),(13,20,15,'PI013/10/2017','05-10-17','2017-10-06','2017-10-16',5190,0,0,0,1,5190,0,0,0,0,0,0,0,0,0,0,0,'','','0000-00-00','','','',NULL,NULL,NULL),(14,20,16,'PI014/10/2017','05-10-2017','2017-10-05','2018-01-03',157188,0,0,0,1,0,0,0,0,0,0,0,0,0,0,0,0,'','','0000-00-00','','','',NULL,NULL,NULL),(15,20,15,'PI015/10/2017','05-10-2017','2017-10-05','2017-10-15',20190,0,0,0,1,20190,0,0,0,0,0,0,0,0,0,0,0,'','','0000-00-00','','','',NULL,NULL,NULL),(16,20,14,'PI016/10/2017','988','2017-10-07','2018-01-05',39720,0,0,0,1,0,0,0,0,0,0,0,0,0,0,0,0,'','','0000-00-00','','','',NULL,NULL,NULL),(17,20,7,'PI017/10/2017','0005150','2017-10-07','2018-01-05',20944,0,0,0,1,0,0,0,0,0,0,0,0,0,0,0,0,'','','0000-00-00','','','',NULL,NULL,NULL),(18,20,15,'PI018/10/2017','1692','2017-10-07','2017-10-07',13185.4,0,0,0,1,13185.4,0,0,0,0,0,0,0,0,0,0,0,'','','0000-00-00','','','',NULL,NULL,NULL),(19,20,20,'PI019/10/2017','171008-50','2017-10-08','2017-10-08',78582.84,0,0,0,1,78582.84,0,0,0,0,0,0,0,0,0,0,0,'','','0000-00-00','','','',NULL,NULL,NULL),(20,20,2,'PI020/10/2017','101813','2017-10-08','2018-01-06',1100,0,0,0,1,0,0,0,0,0,0,0,0,0,0,0,0,'','','0000-00-00','','','',NULL,NULL,NULL),(21,20,2,'PI021/10/2017','101736','2017-10-07','2018-01-05',11160,0,0,0,1,0,0,0,0,0,0,0,0,0,0,0,0,'','','0000-00-00','','','',NULL,NULL,NULL),(22,20,18,'PI022/10/2017','35053','2017-10-06','2018-01-04',600,0,0,0,1,0,0,0,0,0,0,0,0,0,0,0,0,'','','0000-00-00','','','',NULL,NULL,NULL),(23,20,18,'PI023/10/2017','34901','2017-10-09','2018-01-07',1500,0,0,0,1,0,0,0,0,0,0,0,0,0,0,0,0,'','','0000-00-00','','','',NULL,NULL,NULL),(24,20,18,'PI024/10/2017','35066','2017-10-07','2018-01-05',1200,0,0,0,1,0,0,0,0,0,0,0,0,0,0,0,0,'','','0000-00-00','','','',NULL,NULL,NULL),(25,20,21,'PI025/10/2017','6101','2017-10-08','2017-10-18',3250,0,0,0,1,0,0,0,0,0,0,0,0,0,0,0,0,'','','0000-00-00','','','',NULL,NULL,NULL),(26,20,2,'PI026/10/2017','101867','2017-10-09','2018-01-07',6880,0,0,0,1,0,0,0,0,0,0,0,0,0,0,0,0,'','','0000-00-00','','','',NULL,NULL,NULL),(27,20,14,'PI027/10/2017','411','2017-10-06','2018-01-04',5600,0,0,0,1,0,0,0,0,0,0,0,0,0,0,0,0,'','','0000-00-00','','','',NULL,NULL,NULL),(28,20,14,'PI028/10/2017','405','2017-10-09','2018-01-07',280,0,0,0,1,0,0,0,0,0,0,0,0,0,0,0,0,'','','0000-00-00','','','',NULL,NULL,NULL),(29,20,17,'PI029/10/2017','A1','2017-10-07','2018-01-05',2520,0,0,0,1,0,0,0,0,0,0,0,0,0,0,0,0,'','','0000-00-00','','','',NULL,NULL,NULL),(30,20,17,'PI030/10/2017','A2','2017-10-07','2018-01-05',945,0,0,0,1,0,0,0,0,0,0,0,0,0,0,0,0,'','','0000-00-00','','','',NULL,NULL,NULL),(31,20,17,'PI031/10/2017','A3','2017-10-08','2018-01-06',250,0,0,0,1,0,0,0,0,0,0,0,0,0,0,0,0,'','','0000-00-00','','','',NULL,NULL,NULL),(32,20,17,'PI032/10/2017','A4','2017-10-08','2018-01-06',335,0,0,0,1,0,0,0,0,0,0,0,0,0,0,0,0,'','','0000-00-00','','','',NULL,NULL,NULL),(33,20,12,'PI033/10/2017','17015945','2017-10-06','2018-01-04',1225,0,0,0,1,1225,0,0,0,0,0,0,0,0,0,0,0,'','','0000-00-00','','','',NULL,NULL,NULL),(34,20,22,'PI034/10/2017','6L-000169869','2017-10-07','2018-01-05',0,0,0,0,1,0,0,0,0,0,0,0,0,0,0,0,0,'','','0000-00-00','','','',NULL,NULL,NULL),(35,20,23,'PI035/10/2017','1278435','2017-10-06','2017-10-06',3819.6,0,0,0,1,3819.6,0,0,0,0,0,0,0,0,0,0,0,'','','0000-00-00','','','',NULL,NULL,NULL),(36,20,15,'PI036/10/2017','819','2017-10-09','2017-10-19',3880,0,0,0,1,3880,0,0,0,0,0,0,0,0,0,0,0,'','','0000-00-00','','','',NULL,NULL,NULL),(37,20,22,'PI037/10/2017','6L-169869','2017-10-07','2018-01-05',17892.6,0,0,0,1,0,0,0,0,0,0,0,0,0,0,0,0,'','','0000-00-00','','','',NULL,NULL,NULL),(38,20,12,'PI038/10/2017','161906','2017-10-09','2018-01-07',414,0,0,0,1,414,0,0,0,0,0,0,0,0,0,0,0,'','','0000-00-00','','','',NULL,NULL,NULL),(39,20,12,'PI039/10/2017','5426','2017-10-09','2018-01-07',780,0,0,0,1,780,0,0,0,0,0,0,0,0,0,0,0,'','','0000-00-00','','','',NULL,NULL,NULL),(40,20,12,'PI040/10/2017','petty cash (14)','2017-10-07','2018-01-05',200,0,0,0,1,200,0,0,0,0,0,0,0,0,0,0,0,'','','0000-00-00','','','',NULL,NULL,NULL),(41,20,15,'PI041/10/2017','418','2017-10-10','2017-10-20',25035,0,0,0,1,25035,0,0,0,0,0,0,0,0,0,0,0,'','','0000-00-00','','','',NULL,NULL,NULL),(42,20,1,'PI042/10/2017','8247','2017-10-11','2018-01-09',0,0,0,0,1,0,0,0,0,0,0,0,0,0,0,0,0,'','','0000-00-00','','','',NULL,NULL,NULL),(43,20,1,'PI042/10/2017','8247','2017-10-11','2017-10-11',14592.6,0,0,0,1,14592.6,0,0,0,0,0,0,0,0,0,0,0,'','','0000-00-00','','','',NULL,NULL,NULL),(44,20,10,'PI043/10/2017','A5','2017-10-09','2018-01-07',0,0,0,0,1,0,0,0,0,0,0,0,0,0,0,0,0,'','','0000-00-00','','','',NULL,NULL,NULL),(45,20,17,'PI043/10/2017','A5','2017-10-09','2018-01-07',4020,0,0,0,1,0,0,0,0,0,0,0,0,0,0,0,0,'','','0000-00-00','','','',NULL,NULL,NULL),(46,20,17,'PI044/10/2017','A10','2017-10-10','2018-01-08',4224,0,0,0,1,0,0,0,0,0,0,0,0,0,0,0,0,'','','0000-00-00','','','',NULL,NULL,NULL),(47,20,4,'PI045/10/2017','050','2017-10-11','2018-01-09',66251.75,0,0,0,1,0,0,0,0,0,0,0,0,0,0,0,0,'','','0000-00-00','','','',NULL,NULL,NULL),(1,22,3,'SP001/10/2017','','2017-10-07','2017-10-07',-50000,0,0,0,1,50000,0,0,0,0,0,0,0,0,0,0,0,'','','2017-10-07','','','',NULL,NULL,NULL),(2,22,14,'SP002/10/2017','','2017-10-12','2017-10-12',-40000,0,0,0,1,0,0,0,0,0,0,0,0,0,0,0,0,'','','2017-10-12','','','',NULL,NULL,NULL),(3,22,20,'SP003/10/2017','','2017-10-08','2017-10-08',-78582.84,0,0,0,1,78582.84,0,0,0,0,0,0,0,0,0,0,0,'','','2017-10-08','','','',NULL,NULL,NULL),(4,22,15,'SP004/10/2017','','2017-10-07','2017-10-07',-38565.4,0,0,0,1,38565.4,0,0,0,0,0,0,0,0,0,0,0,'','','2017-10-29','','','',NULL,NULL,NULL),(5,22,12,'SP005/10/2017','','2017-10-06','2017-10-06',-1225,0,0,0,1,1225,0,0,0,0,0,0,0,0,0,0,0,'','','0000-00-00','','','',NULL,NULL,NULL),(6,22,17,'SP006/10/2017','','2017-10-09','2017-10-09',-9000,0,0,0,1,0,0,0,0,0,0,0,0,0,0,0,0,'','','2017-10-29','','','',NULL,NULL,NULL),(7,22,22,'SP007/10/2017','','2017-10-07','2017-10-07',-17892.6,0,0,0,1,0,0,0,0,0,0,0,0,0,0,0,0,'','','0000-00-00','','','',NULL,NULL,NULL),(8,22,23,'SP008/10/2017','','2017-10-06','2017-10-06',-3819.6,0,0,0,1,3819.6,0,0,0,0,0,0,0,0,0,0,0,'','','0000-00-00','','','',NULL,NULL,NULL),(9,22,15,'SP009/10/2017','','2017-10-09','2017-10-09',-3880,0,0,0,1,3880,0,0,0,0,0,0,0,0,0,0,0,'','','0000-00-00','','','',NULL,NULL,NULL),(10,22,12,'SP010/10/2017','','2017-10-09','2017-10-09',-414,0,0,0,1,414,0,0,0,0,0,0,0,0,0,0,0,'','','0000-00-00','','','',NULL,NULL,NULL),(11,22,12,'SP011/10/2017','','2017-10-09','2017-10-09',-780,0,0,0,1,780,0,0,0,0,0,0,0,0,0,0,0,'','','0000-00-00','','','',NULL,NULL,NULL),(12,22,12,'SP012/10/2017','','2017-10-07','2017-10-07',-200,0,0,0,1,200,0,0,0,0,0,0,0,0,0,0,0,'','','0000-00-00','','','',NULL,NULL,NULL),(13,22,15,'SP013/10/2017','','2017-10-10','2017-10-10',-25035,0,0,0,1,25035,0,0,0,0,0,0,0,0,0,0,0,'','','2017-10-10','','','',NULL,NULL,NULL),(14,22,1,'SP014/10/2017','','2017-10-11','2017-10-11',-14592.6,0,0,0,1,14592.6,0,0,0,0,0,0,0,0,0,0,0,'','','2017-10-31','','','',NULL,NULL,NULL),(4,41,1,'CPV004/10/2017','','2017-10-06','0000-00-00',-7300,0,0,0,1,0,0,0,0,0,0,0,0,0,0,0,0,'','','0000-00-00','','','',NULL,NULL,NULL),(11,41,1,'CPV011/10/2017','','2017-10-11','0000-00-00',-14593,0,0,0,1,0,0,0,0,0,0,0,0,0,0,0,0,'','','0000-00-00','','','',NULL,NULL,NULL),(13,41,4,'CPV013/10/2017','','2017-10-11','0000-00-00',-71140,0,0,0,1,0,0,0,0,0,0,0,0,0,0,0,0,'','','0000-00-00','','','',NULL,NULL,NULL);
/*!40000 ALTER TABLE `0_supp_trans` ENABLE KEYS */;
UNLOCK TABLES;

--
-- Table structure for table `0_suppliers`
--

DROP TABLE IF EXISTS `0_suppliers`;
/*!40101 SET @saved_cs_client     = @@character_set_client */;
/*!40101 SET character_set_client = utf8 */;
CREATE TABLE `0_suppliers` (
  `supplier_id` int(11) NOT NULL AUTO_INCREMENT,
  `supp_name` varchar(60) COLLATE utf8_unicode_ci NOT NULL DEFAULT '',
  `supp_ref` varchar(30) COLLATE utf8_unicode_ci NOT NULL DEFAULT '',
  `address` tinytext COLLATE utf8_unicode_ci NOT NULL,
  `supp_address` tinytext COLLATE utf8_unicode_ci NOT NULL,
  `gst_no` varchar(25) COLLATE utf8_unicode_ci NOT NULL DEFAULT '',
  `contact` varchar(60) COLLATE utf8_unicode_ci NOT NULL DEFAULT '',
  `supp_account_no` varchar(40) COLLATE utf8_unicode_ci NOT NULL DEFAULT '',
  `website` varchar(100) COLLATE utf8_unicode_ci NOT NULL DEFAULT '',
  `bank_account` varchar(60) COLLATE utf8_unicode_ci NOT NULL DEFAULT '',
  `curr_code` char(3) COLLATE utf8_unicode_ci DEFAULT NULL,
  `payment_terms` int(11) DEFAULT NULL,
  `tax_included` tinyint(1) NOT NULL DEFAULT '0',
  `dimension_id` int(11) DEFAULT '0',
  `dimension2_id` int(11) DEFAULT '0',
  `tax_group_id` int(11) DEFAULT NULL,
  `credit_limit` double NOT NULL DEFAULT '0',
  `purchase_account` varchar(15) COLLATE utf8_unicode_ci NOT NULL DEFAULT '',
  `payable_account` varchar(15) COLLATE utf8_unicode_ci NOT NULL DEFAULT '',
  `payment_discount_account` varchar(15) COLLATE utf8_unicode_ci NOT NULL DEFAULT '',
  `notes` tinytext COLLATE utf8_unicode_ci NOT NULL,
  `ntn_no` varchar(40) COLLATE utf8_unicode_ci NOT NULL,
  `inactive` tinyint(1) NOT NULL DEFAULT '0',
  PRIMARY KEY (`supplier_id`),
  KEY `supp_ref` (`supp_ref`)
) ENGINE=InnoDB DEFAULT CHARSET=utf8 COLLATE=utf8_unicode_ci;
/*!40101 SET character_set_client = @saved_cs_client */;

--
-- Dumping data for table `0_suppliers`
--

LOCK TABLES `0_suppliers` WRITE;
/*!40000 ALTER TABLE `0_suppliers` DISABLE KEYS */;
INSERT INTO `0_suppliers` VALUES (1,'K&amp;Ns Chickens ','K&amp;Ns Chickens ','','','','','','','','PKR',5,0,0,0,2,0,'','2011','5016','','0',0),(2,'H Super Mart ','H Super Mart ','','','','','','','','PKR',5,0,0,0,2,0,'','2011','5016','','0',0),(3,'Imtiyaz Super Store ','Imtiyaz Super Store ','','','','','','','','PKR',5,0,0,0,2,0,'','2011','5016','','0',0),(4,'Metro Cash &amp; Carry ','Metro Cash &amp; Carry ','','','','','','','','PKR',5,0,0,0,1,0,'','2011','5016','','0',0),(5,'Sohail Vegetables ','Sohail Vegetables ','','','','','','','','PKR',5,0,0,0,2,0,'','2011','5016','','0',1),(6,'Daily Veg 9 Maqsood butt ','Daily Veg 9 Maqsood butt ','','','','','','','','PKR',5,0,0,0,2,0,'','2011','5016','','0',0),(7,'SBS Sea Food','SBS Sea Food','','','','','','','','PKR',5,0,0,0,1,0,'','2011','5016','','0',0),(8,'BISMILLAH CHICKEN LOCAL','BISMILLAH CHICKEN LOCAL','','','','','','','','PKR',5,0,0,0,2,0,'','2011','5016','','0',0),(9,'Nova Publishing ','Nova Publishing ','','','','','','','','PKR',5,0,0,0,2,0,'','2011','5016','','0',0),(10,'Biotech Packages ','Biotech Packages ','','','','','','','','PKR',5,0,0,0,2,0,'','2011','5016','','0',0),(11,'Rizwan Bulk Cleaning Supplies ','Rizwan Bulk Cleaning Supplies ','','','','','','','','PKR',5,0,0,0,2,0,'','2011','5016','','0',0),(12,'Cash Purchase Locale ','Cash Purchase Locale ','','','','','','','','PKR',5,0,0,0,2,0,'','2011','5016','','0',0),(13,'Cash Purchase Imported ','Cash Purchase Imported ','','','','','','','','PKR',5,0,0,0,2,0,'','2011','5016','','0',0),(14,'RAZA DAIRY','RAZA DAIRY','','','','','','','','PKR',5,0,0,0,1,0,'','2011','5016','','0',0),(15,'LATIF STORE','LATIF STORE','','','','','','','','PKR',3,0,0,0,2,0,'','2011','5016','','0',0),(16,'MEAT SNAKES','MEAT SNAKES','','','','','','','','PKR',5,0,0,0,2,0,'','2011','5016','','0',0),(17,'SOHAIL FRESH VEGETABLE','SOHAIL FRESH VEGETABLE','','','','','','','','PKR',5,0,0,0,2,0,'','2011','5016','','0',0),(18,'ICE DICE','ICE DICE','','BASEMENT SOTRE ALI TRADE CENTRE','','','','','','PKR',5,0,0,0,2,0,'','2011','5016','','0',0),(19,'LAUNDRY NADEEM','LAUNDRY NADEEM','','','','','','','','PKR',5,0,0,0,2,0,'','2011','5016','','0',0),(20,'CHANDA STORE ','CHANDA STORE ','','','','','','','','PKR',4,0,0,0,2,0,'','2011','5016','','0',0),(21,'HAJI GHULAM SARWAR &amp; SON','HAJI GHULAM SARWAR &amp; SON','','','','','','','','PKR',3,0,0,0,2,0,'','2011','5016','','0',0),(22,'COKE UNIFIED DISTRIBUTE ','COKE UNIFIED DISTRIBUTE ','','','','','','','','PKR',5,0,0,0,2,0,'','2011','5016','','0',0),(23,'PEPSI RIAZ BOTTLERS ','PEPSI RIAZ BOTTLERS ','','','','','','','','PKR',4,0,0,0,2,0,'','2011','5016','','0',0);
/*!40000 ALTER TABLE `0_suppliers` ENABLE KEYS */;
UNLOCK TABLES;

--
-- Table structure for table `0_sys_pay_pref_new`
--

DROP TABLE IF EXISTS `0_sys_pay_pref_new`;
/*!40101 SET @saved_cs_client     = @@character_set_client */;
/*!40101 SET character_set_client = utf8 */;
CREATE TABLE `0_sys_pay_pref_new` (
  `name` varchar(35) NOT NULL,
  `account` tinytext NOT NULL,
  `text_name` varchar(60) NOT NULL,
  `default_value` varchar(50) NOT NULL
) ENGINE=InnoDB DEFAULT CHARSET=latin1;
/*!40101 SET character_set_client = @saved_cs_client */;

--
-- Dumping data for table `0_sys_pay_pref_new`
--

LOCK TABLES `0_sys_pay_pref_new` WRITE;
/*!40000 ALTER TABLE `0_sys_pay_pref_new` DISABLE KEYS */;
INSERT INTO `0_sys_pay_pref_new` VALUES ('Landing_Amt','1021','Landing Amount','1'),('INS_Amt','1021','INS Amount','1'),('F_E_D_Amt','1021','FED Amount','8'),('Duty_Amt','1021','Duty Amount','5'),('S_T_Amt','1021','Sales Tax Amount','17'),('I_Tax_Amt','1021','Income tax Amount','5.5'),('Add_S_T_Amt','1021','Additional Tax',''),('Other_Expense','1021','Other Expense',''),('add_income_tax','1060',' Advance Income Tax ','');
/*!40000 ALTER TABLE `0_sys_pay_pref_new` ENABLE KEYS */;
UNLOCK TABLES;

--
-- Table structure for table `0_sys_prefs`
--

DROP TABLE IF EXISTS `0_sys_prefs`;
/*!40101 SET @saved_cs_client     = @@character_set_client */;
/*!40101 SET character_set_client = utf8 */;
CREATE TABLE `0_sys_prefs` (
  `name` varchar(35) COLLATE utf8_unicode_ci NOT NULL DEFAULT '',
  `category` varchar(30) COLLATE utf8_unicode_ci DEFAULT NULL,
  `type` varchar(20) COLLATE utf8_unicode_ci NOT NULL DEFAULT '',
  `length` smallint(6) DEFAULT NULL,
  `value` text COLLATE utf8_unicode_ci NOT NULL,
  PRIMARY KEY (`name`),
  KEY `category` (`category`)
) ENGINE=InnoDB DEFAULT CHARSET=utf8 COLLATE=utf8_unicode_ci;
/*!40101 SET character_set_client = @saved_cs_client */;

--
-- Dumping data for table `0_sys_prefs`
--

LOCK TABLES `0_sys_prefs` WRITE;
/*!40000 ALTER TABLE `0_sys_prefs` DISABLE KEYS */;
INSERT INTO `0_sys_prefs` VALUES ('accounts_alpha','glsetup.general','tinyint',1,'0'),('accumulate_shipping','glsetup.customer','tinyint',1,'0'),('add_pct','setup.company','int',5,'0'),('allow_negative_prices','glsetup.inventory','tinyint',1,'1'),('allow_negative_stock','glsetup.inventory','tinyint',1,'0'),('alt_uom','gl_setup.general','tinyint',1,''),('alternative_tax_include_on_docs','setup.company','tinyint',1,''),('auto_curr_reval','setup.company','smallint',6,''),('bank_account','setup.company','varchar',40,''),('bank_charge_act','glsetup.general','varchar',15,'5036'),('bank_details','setup.company','tinytext',0,''),('base_sales','setup.company','int',11,'1'),('bcc_email','setup.company','varchar',100,''),('company_logo_report','setup.company','tinyint',1,'0'),('coy_logo','setup.company','varchar',100,'Untitled-2.jpg'),('coy_name','setup.company','varchar',60,'Antique Cafe Pvt. Ltd,'),('coy_no','setup.company','varchar',25,''),('creditors_act','glsetup.purchase','varchar',15,'2011'),('curr_default','setup.company','char',3,'PKR'),('date','setup.company','int',11,''),('debtors_act','glsetup.sales','varchar',15,'1013'),('default_adj_act','glsetup.items','varchar',15,'5014'),('default_cogs_act','glsetup.items','varchar',15,'5011'),('default_credit_limit','glsetup.customer','int',11,'0'),('default_delivery_required','glsetup.sales','smallint',6,'1'),('default_dim_required','glsetup.dims','int',11,'20'),('default_inv_sales_act','glsetup.items','varchar',15,'4011'),('default_inventory_act','glsetup.items','varchar',15,'1021'),('default_loss_on_asset_disposal_act','glsetup.items','varchar',15,'5014'),('default_prompt_payment_act','glsetup.sales','varchar',15,'4025'),('default_quote_valid_days','glsetup.sales','smallint',6,'30'),('default_receival_required','glsetup.purchase','smallint',6,'10'),('default_sales_act','glsetup.sales','varchar',15,''),('default_sales_discount_act','glsetup.sales','varchar',15,'4025'),('default_wip_act','glsetup.items','varchar',15,'1023'),('default_workorder_required','glsetup.manuf','int',11,'20'),('deferred_income_act','glsetup.sales','varchar',15,'4022'),('depreciation_period','glsetup.company','tinyint',1,'1'),('discount_algorithm','glsetup.sales','INT',11,'7'),('discount1','glsetup.sales','varchar',15,'4025'),('discount2','glsetup.sales','varchar',15,'4025'),('domicile','setup.company','varchar',55,''),('email','setup.company','varchar',100,''),('exchange_diff_act','glsetup.general','varchar',15,'4023'),('f_year','setup.company','int',11,'3'),('fax','setup.company','varchar',30,''),('freight_act','glsetup.customer','varchar',15,'4021'),('gl_closing_date','setup.closing_date','date',8,'2017-07-01'),('grn_clearing_act','glsetup.purchase','varchar',15,''),('gst_no','setup.company','varchar',25,''),('hide_prices_grn','glsetup.purchase','tinyint',1,''),('legal_text','glsetup.customer','tinytext',0,''),('loc_notification','glsetup.inventory','tinyint',1,''),('login_tout','setup.company','smallint',6,'2000'),('logo_h','setup.company','varchar',30,'100'),('logo_w','setup.company','varchar',30,'100'),('no_customer_list','setup.company','tinyint',1,'0'),('no_item_list','setup.company','tinyint',1,'0'),('no_supplier_list','setup.company','tinyint',1,'0'),('no_zero_lines_amount','glsetup.sales','tinyint',1,'1'),('past_due_days','glsetup.general','int',11,'30'),('phone','setup.company','varchar',30,''),('po_over_charge','glsetup.purchase','int',11,'10'),('po_over_receive','glsetup.purchase','int',11,'10'),('postal_address','setup.company','tinytext',0,''),('print_invoice_no','glsetup.sales','tinyint',1,'0'),('print_item_images_on_quote','glsetup.inventory','tinyint',1,''),('profit_loss_year_act','glsetup.general','varchar',15,'5030'),('pyt_discount_act','glsetup.purchase','varchar',15,'5016'),('retained_earnings_act','glsetup.general','varchar',15,'3021'),('round_to','setup.company','int',5,'1'),('shortname_name_in_list','setup.company','tinyint',1,'0'),('show_doc_ref','glsetup.purchase','tinyint',1,''),('show_po_item_codes','glsetup.purchase','tinyint',1,''),('show_prices_dn','glsetup.purchase','tinyint',1,''),('suppress_tax_rates','setup.company','tinyint',1,''),('tax_algorithm','glsetup.customer','tinyint',1,'1'),('tax_last','setup.company','int',11,'1'),('tax_prd','setup.company','int',11,'1'),('time_zone','setup.company','tinyint',1,'0'),('use_dimension','setup.company','tinyint',1,'0'),('use_fixed_assets','setup.company','tinyint',1,'1'),('use_manufacturing','setup.company','tinyint',1,'0'),('version_id','system','varchar',11,'2.4.1');
/*!40000 ALTER TABLE `0_sys_prefs` ENABLE KEYS */;
UNLOCK TABLES;

--
-- Table structure for table `0_sys_prefs_new`
--

DROP TABLE IF EXISTS `0_sys_prefs_new`;
/*!40101 SET @saved_cs_client     = @@character_set_client */;
/*!40101 SET character_set_client = utf8 */;
CREATE TABLE `0_sys_prefs_new` (
  `name` varchar(50) CHARACTER SET utf8mb4 COLLATE utf8mb4_unicode_ci NOT NULL DEFAULT '',
  `value` text CHARACTER SET utf8mb4 COLLATE utf8mb4_unicode_ci NOT NULL
) ENGINE=InnoDB DEFAULT CHARSET=latin1;
/*!40101 SET character_set_client = @saved_cs_client */;

--
-- Dumping data for table `0_sys_prefs_new`
--

LOCK TABLES `0_sys_prefs_new` WRITE;
/*!40000 ALTER TABLE `0_sys_prefs_new` DISABLE KEYS */;
INSERT INTO `0_sys_prefs_new` VALUES ('sales_quotation',''),('sale_order_entry',''),('delivery_against',''),('customer_credit_note',''),('invoice_against','1'),('direct_invoice','1'),('customer_payment','1'),('allocate',''),('sales_quotation_inquiry','1'),('sale_order_inquiry','1'),('customer_inquiry','1'),('customer_allocate_inquiry','1'),('sales_reports','1'),('manage_customer','1'),('customer_branches','1'),('sales_group','1'),('sales_type','1'),('sales_persons','1'),('sales_areas','1'),('wht_types','1'),('purchase_order','1'),('opom','1'),('direct_supplier_invoice','1'),('payments_suppliers','1'),('supplier_invoice','1'),('supplier_credit','1'),('allocates','1'),('purchase_order_inquiry','1'),('supplier_transaction_inquiry','1'),('allocate_inquiry','1'),('suppliers','1'),('supplier_reports','1'),('inventry_location','1'),('inventory_adjustments','1'),('inventory_item_movemnets','1'),('inventory_item_status','1'),('inventory_reports','1'),('items','1'),('foreign_item_codes',''),('sales_kits',''),('item_categories','1'),('inventory_locations','1'),('unit_measure','1'),('recorder_levels','1'),('import_csv',''),('sales_pricing','1'),('purchase_pricing','1'),('standard_cost','1'),('bank_payments_voucher','1'),('bank_deposit_voucher','1'),('cash_payments_voucher','1'),('cash_receipt_voucher','1'),('bank_account_transfer','1'),('reconcile_account','1'),('gl','1'),('bank_account_inquiry','1'),('tax_inquiry','1'),('trial_balance','1'),('banking_reports','1'),('general_ledger','1'),('bank_account','1'),('quick_entries','1'),('account_tag','1'),('gl_account','1'),('gl_account_group','1'),('closing1',''),('journal_inquiry','1'),('company_setup','1'),('user_account_setup','1'),('access_setup','1'),('user_location','1'),('display_setup','1'),('transaction_ref','1'),('taxes','1'),('tax_group','1'),('item_tax_type','1'),('system_gl','1'),('fiscal_years','1'),('print_profile','1'),('payment_terms','1'),('shipping_company','1'),('point_sale','1'),('void_transaction','1'),('print_transaction','1'),('backup','1'),('drill_balance','1'),('pf_drill','1'),('delivery_against_text','Delivery Against Sales Orders'),('invoice_against_text','Invoice Against Sales Delivery'),('direct_invoice_text','Direct Invoice'),('customer_payment_text','Customer Payments'),('customer_credit_note_text','Customer Credit Note'),('allocate_text','Allocate Customer Payments Or Credit Notes'),('sales_quotation_inquiry_text','Sale Quotation Inquiry'),('sale_order_inquiry_text','Sale Order Inquiry'),('customer_inquiry_text','Customer Transaction Inquiry'),('customer_allocate_inquiry_text','Customer Allocate Inquiry'),('sales_reports_text','Customer And Sales Reports'),('manage_customer_text','Add And Manage Customer'),('customer_branches_text','Customer Branches'),('sales_group_text','Sales Groups'),('sales_type_text','Sales Type'),('sales_persons_text','Sales Persons'),('sales_areas_text','Sales Areas'),('wht_types_text','WHT Types'),('purchase_order_text','Purchase Order Entry'),('opom_text','Outstanding Purchase Orders Maintenance'),('direct_supplier_invoice_text','Direct Supplier Invoice'),('payments_suppliers_text','Payments To Suppliers'),('supplier_invoice_text','Supplier Invoices'),('supplier_credit_text','Supplier Credit Notes'),('allocates_text','Allocate Supplier Payments Or Credit Notes'),('purchase_order_inquiry_text','Purchase Order Inquiry'),('supplier_transaction_inquiry_text','Supplier Transaction Inquiry'),('allocate_inquiry_text','Supplier Allocation Inquiry'),('supplier_reports_text','Supplier And Purchasing Reports'),('suppliers_text','Suppliers'),('inventry_location_text','Inventory Location Transfer'),('inventory_adjustments_text','Inventory Adjustments'),('inventory_item_movemnets_text','Inventory Item Movements'),('inventory_item_status_text','Inventory Item Status'),('inventory_reports_text','Inventory Reports'),('items_text','Items'),('foreign_item_codes_text','Foreign Item Codes'),('sales_kits_text','Sales Kits'),('item_categories_text','Item Categories'),('inventory_locations_text','Inventory Locations'),('unit_measure_text','Units Of Measure'),('recorder_levels_text','Recorder levels'),('import_csv_text','Import CSV Items'),('sales_pricing_text','Sales Pricing'),('purchase_pricing_text','Purchasing Pricing'),('standard_cost_text','Standard Costs'),('bank_payments_voucher_text','Bank Payments Voucher'),('bank_deposit_voucher_text','Bank Deposits Voucher'),('cash_payments_voucher_text','Cash Payment Voucher'),('cash_receipt_voucher_text','Cash Receipt Voucher'),('bank_account_transfer_text','Bank Account Transfer'),('journal_entry_text','Journal Entry'),('reconcile_account_text','Reconcile Bank Account'),('journal_inquiry_text','Journal Inquiry'),('gl_text','GL Inquiry'),('bank_account_inquiry_text','Bank Account Inquiry'),('tax_inquiry_text','Tax Inquiry'),('trial_balance_text','Trial Balance'),('pf_drill_text','Profit and Loss Drilldown'),('drill_balance_text','Balance Sheet drilldown'),('banking_reports_text','Banking Reports'),('general_ledger_text','General Ledger Reports'),('bank_account_text','Bank Account'),('quick_entries_text','Quick Entries'),('account_tag_text','Account Tags'),('gl_account_text','GL Accounts'),('gl_account_group_text','GL Account Groups'),('closing_text1',''),('company_setup_text','Company Setup'),('access_setup_text','Access Setup'),('user_location_text','User Locations Access'),('display_setup_text','Display Setup'),('transaction_ref_text','Transaction References'),('taxes_text','Taxes'),('tax_group_text','Tax Group'),('item_tax_type_text','Item Tax Type'),('system_gl_text','System and General GL Setup'),('fiscal_years_text','Fiscal Years'),('print_profile_text','Print Profiles'),('payment_terms_text','Payment Terms'),('shipping_company_text','Shipping Company'),('point_sale_text','Points Of Sale'),('void_transaction_text','Void a Transaction'),('print_transaction_text','View Or Print Transactions'),('backup_text','Backup And Restore'),('sales_quotation_text','Sale Quotation Entry'),('sales_quotation',''),('revaluation','1'),('closing','1'),('exchange_rates','1'),('currencies','1'),('revenue_cost','1'),('reconcile_account','1'),('gl_account_classes','1'),('revaluation_text','Revaluation'),('closing_text','Closing GL Transactions'),('exchange_rates_text','Exchange Rates'),('currencies_text','Currencies'),('revenue_cost_text','Revenue Cost'),('reconcile_account_text','Reconcile Bank Account'),('gl_account_classes_text','GL Account CLasses'),('sale_order_entry_text','Sale Order Entry'),('journal_entry','1'),('user_account_setup_text','User Account Setup'),('invoice_prepaid_order_text','Invoice Prepaid Orders'),('invoice_prepaid_order',''),('sales_quotation',''),('sale_order_entry',''),('delivery_against',''),('customer_credit_note',''),('invoice_against','1'),('direct_invoice','1'),('customer_payment','1'),('allocate',''),('sales_quotation_inquiry','1'),('sale_order_inquiry','1'),('customer_inquiry','1'),('customer_allocate_inquiry','1'),('sales_reports','1'),('manage_customer','1'),('customer_branches','1'),('sales_group','1'),('sales_type','1'),('sales_persons','1'),('sales_areas','1'),('wht_types','1'),('purchase_order','1'),('opom','1'),('direct_supplier_invoice','1'),('payments_suppliers','1'),('supplier_invoice','1'),('supplier_credit','1'),('allocates','1'),('purchase_order_inquiry','1'),('supplier_transaction_inquiry','1'),('allocate_inquiry','1'),('suppliers','1'),('supplier_reports','1'),('inventry_location','1'),('inventory_adjustments','1'),('inventory_item_movemnets','1'),('inventory_item_status','1'),('inventory_reports','1'),('items','1'),('foreign_item_codes',''),('sales_kits',''),('item_categories','1'),('inventory_locations','1'),('unit_measure','1'),('recorder_levels','1'),('import_csv',''),('sales_pricing','1'),('purchase_pricing','1'),('standard_cost','1'),('bank_payments_voucher','1'),('bank_deposit_voucher','1'),('cash_payments_voucher','1'),('cash_receipt_voucher','1'),('bank_account_transfer','1'),('reconcile_account','1'),('gl','1'),('bank_account_inquiry','1'),('tax_inquiry','1'),('trial_balance','1'),('banking_reports','1'),('general_ledger','1'),('bank_account','1'),('quick_entries','1'),('account_tag','1'),('gl_account','1'),('gl_account_group','1'),('closing1',''),('journal_inquiry','1'),('company_setup','1'),('user_account_setup','1'),('access_setup','1'),('user_location','1'),('display_setup','1'),('transaction_ref','1'),('taxes','1'),('tax_group','1'),('item_tax_type','1'),('system_gl','1'),('fiscal_years','1'),('print_profile','1'),('payment_terms','1'),('shipping_company','1'),('point_sale','1'),('void_transaction','1'),('print_transaction','1'),('backup','1'),('drill_balance','1'),('pf_drill','1'),('delivery_against_text','Delivery Against Sales Orders'),('invoice_against_text','Invoice Against Sales Delivery'),('direct_invoice_text','Direct Invoice'),('customer_payment_text','Customer Payments'),('customer_credit_note_text','Customer Credit Note'),('allocate_text','Allocate Customer Payments Or Credit Notes'),('sales_quotation_inquiry_text','Sale Quotation Inquiry'),('sale_order_inquiry_text','Sale Order Inquiry'),('customer_inquiry_text','Customer Transaction Inquiry'),('customer_allocate_inquiry_text','Customer Allocate Inquiry'),('sales_reports_text','Customer And Sales Reports'),('manage_customer_text','Add And Manage Customer'),('customer_branches_text','Customer Branches'),('sales_group_text','Sales Groups'),('sales_type_text','Sales Type'),('sales_persons_text','Sales Persons'),('sales_areas_text','Sales Areas'),('wht_types_text','WHT Types'),('purchase_order_text','Purchase Order Entry'),('opom_text','Outstanding Purchase Orders Maintenance'),('direct_supplier_invoice_text','Direct Supplier Invoice'),('payments_suppliers_text','Payments To Suppliers'),('supplier_invoice_text','Supplier Invoices'),('supplier_credit_text','Supplier Credit Notes'),('allocates_text','Allocate Supplier Payments Or Credit Notes'),('purchase_order_inquiry_text','Purchase Order Inquiry'),('supplier_transaction_inquiry_text','Supplier Transaction Inquiry'),('allocate_inquiry_text','Supplier Allocation Inquiry'),('supplier_reports_text','Supplier And Purchasing Reports'),('suppliers_text','Suppliers'),('inventry_location_text','Inventory Location Transfer'),('inventory_adjustments_text','Inventory Adjustments'),('inventory_item_movemnets_text','Inventory Item Movements'),('inventory_item_status_text','Inventory Item Status'),('inventory_reports_text','Inventory Reports'),('items_text','Items'),('foreign_item_codes_text','Foreign Item Codes'),('sales_kits_text','Sales Kits'),('item_categories_text','Item Categories'),('inventory_locations_text','Inventory Locations'),('unit_measure_text','Units Of Measure'),('recorder_levels_text','Recorder levels'),('import_csv_text','Import CSV Items'),('sales_pricing_text','Sales Pricing'),('purchase_pricing_text','Purchasing Pricing'),('standard_cost_text','Standard Costs'),('bank_payments_voucher_text','Bank Payments Voucher'),('bank_deposit_voucher_text','Bank Deposits Voucher'),('cash_payments_voucher_text','Cash Payment Voucher'),('cash_receipt_voucher_text','Cash Receipt Voucher'),('bank_account_transfer_text','Bank Account Transfer'),('journal_entry_text','Journal Entry'),('reconcile_account_text','Reconcile Bank Account'),('journal_inquiry_text','Journal Inquiry'),('gl_text','GL Inquiry'),('bank_account_inquiry_text','Bank Account Inquiry'),('tax_inquiry_text','Tax Inquiry'),('trial_balance_text','Trial Balance'),('pf_drill_text','Profit and Loss Drilldown'),('drill_balance_text','Balance Sheet drilldown'),('banking_reports_text','Banking Reports'),('general_ledger_text','General Ledger Reports'),('bank_account_text','Bank Account'),('quick_entries_text','Quick Entries'),('account_tag_text','Account Tags'),('gl_account_text','GL Accounts'),('gl_account_group_text','GL Account Groups'),('closing_text1',''),('company_setup_text','Company Setup'),('access_setup_text','Access Setup'),('user_location_text','User Locations Access'),('display_setup_text','Display Setup'),('transaction_ref_text','Transaction References'),('taxes_text','Taxes'),('tax_group_text','Tax Group'),('item_tax_type_text','Item Tax Type'),('system_gl_text','System and General GL Setup'),('fiscal_years_text','Fiscal Years'),('print_profile_text','Print Profiles'),('payment_terms_text','Payment Terms'),('shipping_company_text','Shipping Company'),('point_sale_text','Points Of Sale'),('void_transaction_text','Void a Transaction'),('print_transaction_text','View Or Print Transactions'),('backup_text','Backup And Restore'),('sales_quotation_text','Sale Quotation Entry'),('sales_quotation',''),('revaluation','1'),('closing','1'),('exchange_rates','1'),('currencies','1'),('revenue_cost','1'),('reconcile_account','1'),('gl_account_classes','1'),('revaluation_text','Revaluation'),('closing_text','Closing GL Transactions'),('exchange_rates_text','Exchange Rates'),('currencies_text','Currencies'),('revenue_cost_text','Revenue Cost'),('reconcile_account_text','Reconcile Bank Account'),('gl_account_classes_text','GL Account CLasses'),('sale_order_entry_text','Sale Order Entry'),('journal_entry','1'),('user_account_setup_text','User Account Setup'),('complete_voucher_text','Voucher Inquiry'),('complete_voucher','1'),('invoice_prepaid_order',''),('invoice_prepaid_order_text','Invoice Prepaid Orders');
/*!40000 ALTER TABLE `0_sys_prefs_new` ENABLE KEYS */;
UNLOCK TABLES;

--
-- Table structure for table `0_sys_types`
--

DROP TABLE IF EXISTS `0_sys_types`;
/*!40101 SET @saved_cs_client     = @@character_set_client */;
/*!40101 SET character_set_client = utf8 */;
CREATE TABLE `0_sys_types` (
  `type_id` smallint(6) NOT NULL DEFAULT '0',
  `type_no` int(11) NOT NULL DEFAULT '1',
  `next_reference` varchar(100) COLLATE utf8_unicode_ci NOT NULL DEFAULT '',
  PRIMARY KEY (`type_id`)
) ENGINE=InnoDB DEFAULT CHARSET=utf8 COLLATE=utf8_unicode_ci;
/*!40101 SET character_set_client = @saved_cs_client */;

--
-- Dumping data for table `0_sys_types`
--

LOCK TABLES `0_sys_types` WRITE;
/*!40000 ALTER TABLE `0_sys_types` DISABLE KEYS */;
INSERT INTO `0_sys_types` VALUES (0,17,'JV0001'),(1,7,'BPV0001'),(2,4,'BRV0001'),(4,3,'FTV0001'),(10,16,'SI0001'),(11,2,'CCN001'),(12,6,'CRV0001'),(13,1,'DN001'),(16,2,'LT001'),(17,2,'IA01'),(18,1,'PO0001'),(20,6,'SI1511'),(21,1,'SCN001'),(22,3,'SP001'),(25,1,'GRN001'),(26,1,'WO001'),(28,1,'WO001'),(29,1,'WOP001'),(30,0,'SO001'),(32,0,'SQ001'),(35,1,'CU001'),(40,1,'D01'),(41,1,'CPV001'),(42,1,'CRV001');
/*!40000 ALTER TABLE `0_sys_types` ENABLE KEYS */;
UNLOCK TABLES;

--
-- Table structure for table `0_tag_associations`
--

DROP TABLE IF EXISTS `0_tag_associations`;
/*!40101 SET @saved_cs_client     = @@character_set_client */;
/*!40101 SET character_set_client = utf8 */;
CREATE TABLE `0_tag_associations` (
  `record_id` varchar(15) COLLATE utf8_unicode_ci NOT NULL,
  `tag_id` int(11) NOT NULL,
  UNIQUE KEY `record_id` (`record_id`,`tag_id`)
) ENGINE=InnoDB DEFAULT CHARSET=utf8 COLLATE=utf8_unicode_ci;
/*!40101 SET character_set_client = @saved_cs_client */;

--
-- Dumping data for table `0_tag_associations`
--

LOCK TABLES `0_tag_associations` WRITE;
/*!40000 ALTER TABLE `0_tag_associations` DISABLE KEYS */;
/*!40000 ALTER TABLE `0_tag_associations` ENABLE KEYS */;
UNLOCK TABLES;

--
-- Table structure for table `0_tags`
--

DROP TABLE IF EXISTS `0_tags`;
/*!40101 SET @saved_cs_client     = @@character_set_client */;
/*!40101 SET character_set_client = utf8 */;
CREATE TABLE `0_tags` (
  `id` int(11) NOT NULL AUTO_INCREMENT,
  `type` smallint(6) NOT NULL,
  `name` varchar(30) COLLATE utf8_unicode_ci NOT NULL,
  `description` varchar(60) COLLATE utf8_unicode_ci DEFAULT NULL,
  `inactive` tinyint(1) NOT NULL DEFAULT '0',
  PRIMARY KEY (`id`),
  UNIQUE KEY `type` (`type`,`name`)
) ENGINE=InnoDB DEFAULT CHARSET=utf8 COLLATE=utf8_unicode_ci;
/*!40101 SET character_set_client = @saved_cs_client */;

--
-- Dumping data for table `0_tags`
--

LOCK TABLES `0_tags` WRITE;
/*!40000 ALTER TABLE `0_tags` DISABLE KEYS */;
/*!40000 ALTER TABLE `0_tags` ENABLE KEYS */;
UNLOCK TABLES;

--
-- Table structure for table `0_tax_group_items`
--

DROP TABLE IF EXISTS `0_tax_group_items`;
/*!40101 SET @saved_cs_client     = @@character_set_client */;
/*!40101 SET character_set_client = utf8 */;
CREATE TABLE `0_tax_group_items` (
  `tax_group_id` int(11) NOT NULL DEFAULT '0',
  `tax_type_id` int(11) NOT NULL DEFAULT '0',
  `tax_shipping` tinyint(1) NOT NULL DEFAULT '0',
  PRIMARY KEY (`tax_group_id`,`tax_type_id`)
) ENGINE=InnoDB DEFAULT CHARSET=utf8 COLLATE=utf8_unicode_ci;
/*!40101 SET character_set_client = @saved_cs_client */;

--
-- Dumping data for table `0_tax_group_items`
--

LOCK TABLES `0_tax_group_items` WRITE;
/*!40000 ALTER TABLE `0_tax_group_items` DISABLE KEYS */;
INSERT INTO `0_tax_group_items` VALUES (1,1,1);
/*!40000 ALTER TABLE `0_tax_group_items` ENABLE KEYS */;
UNLOCK TABLES;

--
-- Table structure for table `0_tax_groups`
--

DROP TABLE IF EXISTS `0_tax_groups`;
/*!40101 SET @saved_cs_client     = @@character_set_client */;
/*!40101 SET character_set_client = utf8 */;
CREATE TABLE `0_tax_groups` (
  `id` int(11) NOT NULL AUTO_INCREMENT,
  `name` varchar(60) COLLATE utf8_unicode_ci NOT NULL DEFAULT '',
  `inactive` tinyint(1) NOT NULL DEFAULT '0',
  PRIMARY KEY (`id`),
  UNIQUE KEY `name` (`name`)
) ENGINE=InnoDB DEFAULT CHARSET=utf8 COLLATE=utf8_unicode_ci;
/*!40101 SET character_set_client = @saved_cs_client */;

--
-- Dumping data for table `0_tax_groups`
--

LOCK TABLES `0_tax_groups` WRITE;
/*!40000 ALTER TABLE `0_tax_groups` DISABLE KEYS */;
INSERT INTO `0_tax_groups` VALUES (1,'Tax',0),(2,'Tax Exempt',0);
/*!40000 ALTER TABLE `0_tax_groups` ENABLE KEYS */;
UNLOCK TABLES;

--
-- Table structure for table `0_tax_types`
--

DROP TABLE IF EXISTS `0_tax_types`;
/*!40101 SET @saved_cs_client     = @@character_set_client */;
/*!40101 SET character_set_client = utf8 */;
CREATE TABLE `0_tax_types` (
  `id` int(11) NOT NULL AUTO_INCREMENT,
  `rate` double NOT NULL DEFAULT '0',
  `sales_gl_code` varchar(15) COLLATE utf8_unicode_ci NOT NULL DEFAULT '',
  `purchasing_gl_code` varchar(15) COLLATE utf8_unicode_ci NOT NULL DEFAULT '',
  `name` varchar(60) COLLATE utf8_unicode_ci NOT NULL DEFAULT '',
  `inactive` tinyint(1) NOT NULL DEFAULT '0',
  PRIMARY KEY (`id`)
) ENGINE=InnoDB DEFAULT CHARSET=utf8 COLLATE=utf8_unicode_ci;
/*!40101 SET character_set_client = @saved_cs_client */;

--
-- Dumping data for table `0_tax_types`
--

LOCK TABLES `0_tax_types` WRITE;
/*!40000 ALTER TABLE `0_tax_types` DISABLE KEYS */;
INSERT INTO `0_tax_types` VALUES (1,0,'2013','2014','Tax',0);
/*!40000 ALTER TABLE `0_tax_types` ENABLE KEYS */;
UNLOCK TABLES;

--
-- Table structure for table `0_trans_tax_details`
--

DROP TABLE IF EXISTS `0_trans_tax_details`;
/*!40101 SET @saved_cs_client     = @@character_set_client */;
/*!40101 SET character_set_client = utf8 */;
CREATE TABLE `0_trans_tax_details` (
  `id` int(11) NOT NULL AUTO_INCREMENT,
  `trans_type` smallint(6) DEFAULT NULL,
  `trans_no` int(11) DEFAULT NULL,
  `tran_date` date NOT NULL,
  `tax_type_id` int(11) NOT NULL DEFAULT '0',
  `rate` double NOT NULL DEFAULT '0',
  `ex_rate` double NOT NULL DEFAULT '1',
  `included_in_price` tinyint(1) NOT NULL DEFAULT '0',
  `net_amount` double NOT NULL DEFAULT '0',
  `amount` double NOT NULL DEFAULT '0',
  `memo` tinytext COLLATE utf8_unicode_ci,
  `reg_type` tinyint(1) DEFAULT NULL,
  PRIMARY KEY (`id`),
  KEY `Type_and_Number` (`trans_type`,`trans_no`),
  KEY `tran_date` (`tran_date`)
) ENGINE=InnoDB DEFAULT CHARSET=utf8 COLLATE=utf8_unicode_ci;
/*!40101 SET character_set_client = @saved_cs_client */;

--
-- Dumping data for table `0_trans_tax_details`
--

LOCK TABLES `0_trans_tax_details` WRITE;
/*!40000 ALTER TABLE `0_trans_tax_details` DISABLE KEYS */;
INSERT INTO `0_trans_tax_details` VALUES (1,20,1,'2017-10-05',0,0,1,0,36979,0,'7953',1),(2,20,3,'2017-10-05',0,0,1,0,22652,0,'05-10-17',1),(3,20,4,'2017-10-05',1,17,1,0,0,0,'05-10-17',1),(4,20,5,'2017-10-05',1,17,1,0,0,0,'05-10-2017',1),(5,20,6,'2017-10-05',0,0,1,0,73218,0,'05-10-2017',1),(6,20,7,'2017-10-05',0,0,1,0,33851,0,'05-10-2017',1),(7,20,8,'2017-10-05',0,0,1,0,95000,0,'05-10-2017',1),(8,20,9,'2017-10-05',0,0,1,0,10800,0,'05-10-17',1),(9,20,10,'2017-10-05',0,0,1,0,43156,0,'5-10-17',1),(10,20,11,'2017-10-05',0,0,1,0,855,0,'05-10-2017',1),(11,20,12,'2017-10-05',1,17,1,0,0,0,'05-10-2017',1),(12,20,13,'2017-10-06',1,17,1,0,5190,0,'05-10-17',1),(13,20,14,'2017-10-05',0,0,1,0,157188,0,'05-10-2017',1),(14,20,15,'2017-10-05',0,0,1,0,20190,0,'05-10-2017',1),(15,20,16,'2017-10-07',1,0,1,0,39720,0,'988',1),(16,20,17,'2017-10-07',1,0,1,0,20944,0,'0005150',1),(17,20,18,'2017-10-07',0,0,1,0,13185.4,0,'1692',1),(18,13,1,'2017-10-08',0,0,1,1,85156.86,0,'auto',NULL),(19,10,1,'2017-10-08',0,0,1,1,85156.86,0,'SI001/10/2017',0),(20,13,2,'2017-10-09',1,0,1,1,19565.78,0,'auto',NULL),(21,10,2,'2017-10-09',1,0,1,1,19565.78,0,'SI002/10/2017',0),(22,13,3,'2017-10-09',1,0,1,1,444875,0,'auto',NULL),(23,10,3,'2017-10-09',1,0,1,1,444875,0,'SI003/10/2017',0),(24,20,19,'2017-10-08',0,0,1,0,78582.84,0,'171008-50',1),(25,13,4,'2017-10-09',0,0,1,1,1890,0,'auto',NULL),(26,10,4,'2017-10-09',0,0,1,1,1890,0,'SI004/10/2017',0),(27,20,20,'2017-10-08',0,0,1,0,1100,0,'101813',1),(28,20,21,'2017-10-07',0,0,1,0,11160,0,'101736',1),(29,20,22,'2017-10-06',0,0,1,0,600,0,'35053',1),(30,20,23,'2017-10-09',0,0,1,0,1500,0,'34901',1),(31,20,24,'2017-10-07',0,0,1,0,1200,0,'35066',1),(32,20,25,'2017-10-08',0,0,1,0,3250,0,'6101',1),(33,20,26,'2017-10-09',0,0,1,0,6880,0,'101867',1),(34,20,27,'2017-10-06',1,0,1,0,5600,0,'411',1),(35,20,28,'2017-10-09',1,0,1,0,280,0,'405',1),(36,20,29,'2017-10-07',0,0,1,0,2520,0,'A1',1),(37,20,30,'2017-10-07',0,0,1,0,945,0,'A2',1),(38,20,31,'2017-10-08',0,0,1,0,250,0,'A3',1),(39,20,32,'2017-10-08',0,0,1,0,335,0,'A4',1),(40,20,33,'2017-10-06',0,0,1,0,1225,0,'17015945',1),(41,20,34,'2017-10-07',0,0,1,0,0,0,'6L-000169869',1),(42,20,35,'2017-10-06',0,0,1,0,3819.6,0,'1278435',1),(43,20,36,'2017-10-09',0,0,1,0,3880,0,'819',1),(44,20,37,'2017-10-07',0,0,1,0,17892.6,0,'6L-169869',1),(45,13,5,'2017-10-09',0,0,1,1,22990.31,0,'auto',NULL),(46,10,5,'2017-10-09',0,0,1,1,22990.31,0,'SI005/10/2017',0),(47,13,6,'2017-10-08',0,0,1,1,19877.84,0,'auto',NULL),(48,10,6,'2017-10-08',0,0,1,1,19877.84,0,'SI006/10/2017',0),(49,13,7,'2017-10-09',0,0,1,1,25349.41,0,'auto',NULL),(50,10,7,'2017-10-09',0,0,1,1,25349.41,0,'SI007/10/2017',0),(51,13,8,'2017-10-08',1,0,1,1,3353.32,0,'auto',NULL),(52,10,8,'2017-10-08',1,0,1,1,3353.32,0,'SI008/10/2017',0),(53,13,9,'2017-10-09',1,0,1,1,3579.74,0,'auto',NULL),(54,10,9,'2017-10-09',1,0,1,1,3579.74,0,'SI009/10/2017',0),(55,13,10,'2017-10-09',1,0,1,1,4635.99,0,'auto',NULL),(56,10,10,'2017-10-09',1,0,1,1,4635.99,0,'SI010/10/2017',0),(57,20,38,'2017-10-09',0,0,1,0,414,0,'161906',1),(58,20,39,'2017-10-09',0,0,1,0,780,0,'5426',1),(59,20,40,'2017-10-07',0,0,1,0,200,0,'petty cash (14)',1),(60,13,11,'2017-10-05',0,0,1,1,5808,0,'auto',NULL),(61,10,11,'2017-10-05',0,0,1,1,5808,0,'SI011/10/2017',0),(62,20,41,'2017-10-10',0,0,1,0,25035,0,'418',1),(63,20,42,'2017-10-11',0,0,1,0,0,0,'8247',1),(64,20,43,'2017-10-11',0,0,1,0,14592.6,0,'8247',1),(65,20,44,'2017-10-09',0,0,1,0,0,0,'A5',1),(66,20,45,'2017-10-09',0,0,1,0,4020,0,'A5',1),(67,13,12,'2017-10-09',0,0,1,1,16371.46,0,'auto',NULL),(68,10,12,'2017-10-09',0,0,1,1,16371.46,0,'SI012/10/2017',0),(69,20,46,'2017-10-10',0,0,1,0,4224,0,'A10',1),(70,13,13,'2017-10-11',1,0,1,1,10596.32,0,'auto',NULL),(71,10,13,'2017-10-11',1,0,1,1,10596.32,0,'SI013/10/2017',0),(72,13,14,'2017-10-09',0,0,1,1,164,0,'auto',NULL),(73,10,14,'2017-10-09',0,0,1,1,164,0,'SI014/10/2017',0),(74,13,15,'2017-10-09',1,0,1,1,787.5,0,'auto',NULL),(75,10,15,'2017-10-09',1,0,1,1,787.5,0,'SI015/10/2017',0),(76,20,47,'2017-10-11',1,0,1,0,66251.75,0,'050',1);
/*!40000 ALTER TABLE `0_trans_tax_details` ENABLE KEYS */;
UNLOCK TABLES;

--
-- Table structure for table `0_user_locations`
--

DROP TABLE IF EXISTS `0_user_locations`;
/*!40101 SET @saved_cs_client     = @@character_set_client */;
/*!40101 SET character_set_client = utf8 */;
CREATE TABLE `0_user_locations` (
  `id` smallint(6) NOT NULL AUTO_INCREMENT,
  `loc_code` varchar(60) COLLATE utf8_unicode_ci NOT NULL DEFAULT '',
  `user_id` int(11) NOT NULL DEFAULT '1',
  `inactive` tinyint(1) NOT NULL DEFAULT '0',
  PRIMARY KEY (`id`)
) ENGINE=MyISAM AUTO_INCREMENT=17 DEFAULT CHARSET=utf8 COLLATE=utf8_unicode_ci;
/*!40101 SET character_set_client = @saved_cs_client */;

--
-- Dumping data for table `0_user_locations`
--

LOCK TABLES `0_user_locations` WRITE;
/*!40000 ALTER TABLE `0_user_locations` DISABLE KEYS */;
INSERT INTO `0_user_locations` VALUES (2,'DEF',20,0),(3,'21',3,0),(4,'DEF',22,0),(7,'DEF',26,0),(8,'21',0,0),(10,'001',21,0),(11,'001',12,0),(13,'002',21,0),(15,'001',27,0);
/*!40000 ALTER TABLE `0_user_locations` ENABLE KEYS */;
UNLOCK TABLES;

--
-- Table structure for table `0_useronline`
--

DROP TABLE IF EXISTS `0_useronline`;
/*!40101 SET @saved_cs_client     = @@character_set_client */;
/*!40101 SET character_set_client = utf8 */;
CREATE TABLE `0_useronline` (
  `id` int(11) NOT NULL AUTO_INCREMENT,
  `timestamp` int(15) NOT NULL DEFAULT '0',
  `ip` varchar(40) COLLATE utf8_unicode_ci NOT NULL DEFAULT '',
  `file` varchar(100) COLLATE utf8_unicode_ci NOT NULL DEFAULT '',
  PRIMARY KEY (`id`),
  KEY `timestamp` (`timestamp`),
  KEY `ip` (`ip`)
) ENGINE=InnoDB DEFAULT CHARSET=utf8 COLLATE=utf8_unicode_ci;
/*!40101 SET character_set_client = @saved_cs_client */;

--
-- Dumping data for table `0_useronline`
--

LOCK TABLES `0_useronline` WRITE;
/*!40000 ALTER TABLE `0_useronline` DISABLE KEYS */;
INSERT INTO `0_useronline` VALUES (9176,1507730045,'202.142.190.4','/index.php'),(9177,1507730122,'202.142.190.4','/index.php'),(9178,1507730126,'202.142.190.4','/index.php'),(9179,1507730139,'202.142.190.4','/purchasing/po_entry_items.php'),(9180,1507730162,'202.142.190.4','/index.php');
/*!40000 ALTER TABLE `0_useronline` ENABLE KEYS */;
UNLOCK TABLES;

--
-- Table structure for table `0_users`
--

DROP TABLE IF EXISTS `0_users`;
/*!40101 SET @saved_cs_client     = @@character_set_client */;
/*!40101 SET character_set_client = utf8 */;
CREATE TABLE `0_users` (
  `id` smallint(6) NOT NULL AUTO_INCREMENT,
  `user_id` varchar(60) COLLATE utf8_unicode_ci NOT NULL DEFAULT '',
  `password` varchar(100) COLLATE utf8_unicode_ci NOT NULL DEFAULT '',
  `real_name` varchar(100) COLLATE utf8_unicode_ci NOT NULL DEFAULT '',
  `role_id` int(11) NOT NULL DEFAULT '1',
  `phone` varchar(30) COLLATE utf8_unicode_ci NOT NULL DEFAULT '',
  `email` varchar(100) COLLATE utf8_unicode_ci DEFAULT NULL,
  `language` varchar(20) COLLATE utf8_unicode_ci DEFAULT NULL,
  `date_format` tinyint(1) NOT NULL DEFAULT '0',
  `date_sep` tinyint(1) NOT NULL DEFAULT '0',
  `tho_sep` tinyint(1) NOT NULL DEFAULT '0',
  `dec_sep` tinyint(1) NOT NULL DEFAULT '0',
  `theme` varchar(20) COLLATE utf8_unicode_ci NOT NULL DEFAULT 'default',
  `page_size` varchar(20) COLLATE utf8_unicode_ci NOT NULL DEFAULT 'A4',
  `prices_dec` smallint(6) NOT NULL DEFAULT '2',
  `qty_dec` smallint(6) NOT NULL DEFAULT '2',
  `rates_dec` smallint(6) NOT NULL DEFAULT '4',
  `percent_dec` smallint(6) NOT NULL DEFAULT '1',
  `show_gl` tinyint(1) NOT NULL DEFAULT '1',
  `show_codes` tinyint(1) NOT NULL DEFAULT '0',
  `show_hints` tinyint(1) NOT NULL DEFAULT '0',
  `last_visit_date` datetime DEFAULT NULL,
  `query_size` tinyint(1) unsigned NOT NULL DEFAULT '10',
  `graphic_links` tinyint(1) DEFAULT '1',
  `pos` smallint(6) DEFAULT '1',
  `print_profile` varchar(30) COLLATE utf8_unicode_ci NOT NULL DEFAULT '',
  `rep_popup` tinyint(1) DEFAULT '1',
  `sticky_doc_date` tinyint(1) DEFAULT '0',
  `startup_tab` varchar(20) COLLATE utf8_unicode_ci NOT NULL DEFAULT '',
  `transaction_days` smallint(6) NOT NULL DEFAULT '30',
  `save_report_selections` smallint(6) NOT NULL DEFAULT '0',
  `use_date_picker` tinyint(1) NOT NULL DEFAULT '1',
  `def_print_destination` tinyint(1) NOT NULL DEFAULT '0',
  `def_print_orientation` tinyint(1) NOT NULL DEFAULT '0',
  `inactive` tinyint(1) NOT NULL DEFAULT '0',
  PRIMARY KEY (`id`),
  UNIQUE KEY `user_id` (`user_id`)
) ENGINE=InnoDB DEFAULT CHARSET=utf8 COLLATE=utf8_unicode_ci;
/*!40101 SET character_set_client = @saved_cs_client */;

--
-- Dumping data for table `0_users`
--

LOCK TABLES `0_users` WRITE;
/*!40000 ALTER TABLE `0_users` DISABLE KEYS */;
INSERT INTO `0_users` VALUES (12,'admin','e6a932cc8ec3516c62a37100f2ca9beb','Admin',2,'',NULL,'C',1,2,0,0,'premium','A4',2,2,4,1,1,1,1,'2017-10-09 20:41:04',10,1,1,'',1,0,'dashboard',30,0,1,0,0,0),(21,'haroon','527daa062ef9fefd7c093c288cbae278','Haroon Elahi',2,'',NULL,'C',1,2,0,0,'premium','A4',2,2,4,1,1,1,1,'2017-10-11 12:17:48',10,1,1,'',1,0,'dashboard',30,0,1,0,0,0),(24,'mehwish','792ef3891ffee9f53a9adb92aa2d2d9d','',9,'',NULL,'C',1,2,0,0,'premium','A4',2,2,4,1,1,1,1,NULL,10,1,1,'',1,0,'dashboard',30,0,1,0,0,0),(25,'sabbih ','e3e37bcd0ba6a5285afc13234114db58','',2,'',NULL,'C',1,2,0,0,'premium','A4',2,2,4,1,1,1,1,'2017-10-05 11:11:27',10,1,1,'',1,0,'dashboard',30,0,1,0,0,0),(27,'shoaib','3fb76cf4ddbaa83eb377ffdb18749d79','',2,'03457502291','','C',1,2,0,0,'premium','A4',2,2,4,1,1,1,1,'2017-10-11 18:28:47',10,1,1,'',1,0,'dashboard',30,0,1,0,0,0);
/*!40000 ALTER TABLE `0_users` ENABLE KEYS */;
UNLOCK TABLES;

--
-- Table structure for table `0_voided`
--

DROP TABLE IF EXISTS `0_voided`;
/*!40101 SET @saved_cs_client     = @@character_set_client */;
/*!40101 SET character_set_client = utf8 */;
CREATE TABLE `0_voided` (
  `type` int(11) NOT NULL DEFAULT '0',
  `id` int(11) NOT NULL DEFAULT '0',
  `date_` date NOT NULL DEFAULT '0000-00-00',
  `memo_` tinytext COLLATE utf8_unicode_ci NOT NULL,
  UNIQUE KEY `id` (`type`,`id`)
) ENGINE=InnoDB DEFAULT CHARSET=utf8 COLLATE=utf8_unicode_ci;
/*!40101 SET character_set_client = @saved_cs_client */;

--
-- Dumping data for table `0_voided`
--

LOCK TABLES `0_voided` WRITE;
/*!40000 ALTER TABLE `0_voided` DISABLE KEYS */;
INSERT INTO `0_voided` VALUES (0,1,'2017-10-07',''),(20,2,'2017-10-07',''),(20,4,'2017-10-07',''),(20,5,'2017-10-07',''),(20,12,'2017-10-07',''),(20,34,'2017-10-09',''),(20,42,'2017-10-11',''),(20,44,'2017-10-11',''),(25,34,'2017-10-09','');
/*!40000 ALTER TABLE `0_voided` ENABLE KEYS */;
UNLOCK TABLES;

--
-- Table structure for table `0_widgets`
--

DROP TABLE IF EXISTS `0_widgets`;
/*!40101 SET @saved_cs_client     = @@character_set_client */;
/*!40101 SET character_set_client = utf8 */;
CREATE TABLE `0_widgets` (
  `id` int(11) NOT NULL AUTO_INCREMENT,
  `user_id` smallint(6) NOT NULL,
  `column_id` int(11) NOT NULL,
  `sort_no` int(11) NOT NULL,
  `collapsed` tinyint(4) NOT NULL,
  `url` varchar(100) COLLATE utf8_bin NOT NULL,
  `title` varchar(100) COLLATE utf8_bin NOT NULL,
  `source` varchar(50) COLLATE utf8_bin NOT NULL,
  `width` varchar(50) COLLATE utf8_bin NOT NULL,
  `height` varchar(50) COLLATE utf8_bin NOT NULL,
  `is_system` tinyint(1) NOT NULL DEFAULT '0',
  `created_by` varchar(150) COLLATE utf8_bin NOT NULL,
  `dt_created` datetime NOT NULL,
  `updated_by` varchar(150) COLLATE utf8_bin DEFAULT NULL,
  `dt_updated` datetime DEFAULT NULL,
  PRIMARY KEY (`id`)
) ENGINE=InnoDB DEFAULT CHARSET=utf8 COLLATE=utf8_bin;
/*!40101 SET character_set_client = @saved_cs_client */;

--
-- Dumping data for table `0_widgets`
--

LOCK TABLES `0_widgets` WRITE;
/*!40000 ALTER TABLE `0_widgets` DISABLE KEYS */;
INSERT INTO `0_widgets` VALUES (8,3,1,0,0,'gl-in-fiscal-year.php','Profit and Loss','glfiscalyear','100%','370px',1,'3','2012-10-12 11:07:37',NULL,NULL),(9,3,2,0,0,'top-10-customer-in-fiscal-year.php','Top 10 customers in fiscal year','top10customerinfiscalyear','100%','630px',1,'3','2012-10-12 11:07:44',NULL,NULL),(10,2,1,0,0,'gl-in-fiscal-year.php','Profit and Loss','glfiscalyear','100%','370px',1,'2','2012-10-12 11:10:47',NULL,NULL),(11,2,1,1,0,'top-10-customer-in-fiscal-year.php','Top 10 customers in fiscal year','top10customerinfiscalyear','100%','630px',1,'2','2012-10-12 11:10:54',NULL,NULL),(12,2,1,2,0,'top-10-overdue-purchase-invoices.php','Top 10 Overdue Purchase Invoices','top10overduepurchaseinvoice','100%','300px',1,'2','2012-10-12 11:11:00',NULL,NULL),(13,2,1,3,0,'top-10-overdue-sales-invoices.php','Top 10 Overdue Sales Invoices','top10overduesalesinvoice','100%','300px',1,'2','2012-10-12 11:11:12',NULL,NULL),(14,2,2,1,0,'top-10-recent-sales-invoices.php','Top 10 Recent Sales Invoices','top10recentsalesinvoice','100%','300px',1,'2','2012-10-12 11:11:17',NULL,NULL),(15,2,2,3,0,'top-10-recent-sales-order.php','Top 10 Recent Sales Order','top10recentsalesorder','100%','300px',1,'2','2012-10-12 11:11:31',NULL,NULL),(17,2,2,0,0,'top-10-stock-in-fiscal-year.php','Top 10 Sold Items in fiscal year','top10iteminfiscalyear','100%','630px',1,'2','2012-10-12 11:11:37',NULL,NULL),(18,2,2,2,0,'top-10-supplier-in-fiscal-year.php','Top 10 suppliers in fiscal year','top10supplierinfiscalyear','100%','630px',1,'2','2012-10-12 11:11:45',NULL,NULL),(19,3,1,1,0,'top-10-overdue-purchase-invoices.php','Top 10 Overdue Purchase Invoices','top10overduepurchaseinvoice','100%','300px',1,'3','2012-10-12 11:15:30',NULL,NULL),(21,3,2,1,0,'top-10-overdue-sales-invoices.php','Top 10 Overdue Sales Invoices','top10overduesalesinvoice','100%','300px',1,'3','2012-10-12 11:15:48',NULL,NULL),(22,3,1,2,0,'top-10-recent-sales-invoices.php','Top 10 Recent Sales Invoices','top10recentsalesinvoice','100%','300px',1,'3','2012-10-12 11:15:56',NULL,NULL),(23,3,1,3,0,'top-10-recent-sales-order.php','Top 10 Recent Sales Order','top10recentsalesorder','100%','300px',1,'3','2012-10-12 11:16:03',NULL,NULL),(24,3,2,3,0,'top-10-stock-in-fiscal-year.php','Top 10 Sold Items in fiscal year','top10iteminfiscalyear','100%','630px',1,'3','2012-10-12 11:16:08',NULL,NULL),(25,3,2,2,0,'top-10-supplier-in-fiscal-year.php','Top 10 suppliers in fiscal year','top10supplierinfiscalyear','100%','630px',1,'3','2012-10-12 11:16:17',NULL,NULL);
/*!40000 ALTER TABLE `0_widgets` ENABLE KEYS */;
UNLOCK TABLES;

--
-- Table structure for table `0_widgets_template`
--

DROP TABLE IF EXISTS `0_widgets_template`;
/*!40101 SET @saved_cs_client     = @@character_set_client */;
/*!40101 SET character_set_client = utf8 */;
CREATE TABLE `0_widgets_template` (
  `id` int(11) NOT NULL AUTO_INCREMENT,
  `column_id` int(11) NOT NULL,
  `sort_no` int(11) NOT NULL,
  `collapsed` tinyint(4) NOT NULL,
  `url` varchar(100) NOT NULL,
  `title` varchar(100) NOT NULL,
  `source` varchar(50) NOT NULL,
  `width` varchar(50) NOT NULL,
  `height` varchar(50) NOT NULL,
  `is_system` tinyint(1) NOT NULL DEFAULT '0',
  `created_by` varchar(150) NOT NULL,
  `dt_created` datetime NOT NULL,
  `updated_by` varchar(150) DEFAULT NULL,
  `dt_updated` datetime DEFAULT NULL,
  PRIMARY KEY (`id`)
) ENGINE=InnoDB DEFAULT CHARSET=utf8;
/*!40101 SET character_set_client = @saved_cs_client */;

--
-- Dumping data for table `0_widgets_template`
--

LOCK TABLES `0_widgets_template` WRITE;
/*!40000 ALTER TABLE `0_widgets_template` DISABLE KEYS */;
INSERT INTO `0_widgets_template` VALUES (1,2,0,0,'top-10-customer-in-fiscal-year.php','Top 10 customers in fiscal year','top10customerinfiscalyear','100%','630px',1,'system','2012-10-12 11:06:46','system','2012-10-12 11:06:46'),(2,2,0,0,'top-10-supplier-in-fiscal-year.php','Top 10 suppliers in fiscal year','top10supplierinfiscalyear','100%','630px',1,'system','2012-10-12 11:06:46','system','2012-10-12 11:06:46'),(3,2,0,0,'top-10-stock-in-fiscal-year.php','Top 10 Sold Items in fiscal year','top10iteminfiscalyear','100%','630px',1,'system','2012-10-12 11:06:46','system','2012-10-12 11:06:46'),(4,2,0,0,'top-10-dimension-in-fiscal-year.php','Top 10 Dimensions in fiscal year','top10dimensionfiscalyear','100%','370px',1,'system','2012-10-12 11:06:46','system','2012-10-12 11:06:46'),(5,2,0,0,'top-10-overdue-sales-invoices.php','Top 10 Overdue Sales Invoices','top10overduesalesinvoice','100%','300px',1,'system','2012-10-12 11:06:46','system','2012-10-12 11:06:46'),(6,2,0,0,'top-10-overdue-purchase-invoices.php','Top 10 Overdue Purchase Invoices','top10overduepurchaseinvoice','100%','300px',1,'system','2012-10-12 11:06:46','system','2012-10-12 11:06:46'),(7,2,0,0,'gl-in-fiscal-year.php','Profit and Loss','glfiscalyear','100%','370px',1,'system','2012-10-12 11:06:46','system','2012-10-12 11:06:46'),(8,2,0,0,'top-10-recent-sales-order.php','Top 10 Recent Sales Order','top10recentsalesorder','100%','300px',1,'system','2012-10-12 11:06:46','system','2012-10-12 11:06:46'),(9,2,0,0,'top-10-recent-sales-invoices.php','Top 10 Recent Sales Invoices','top10recentsalesinvoice','100%','300px',1,'system','2012-10-12 11:06:46','system','2012-10-12 11:06:46');
/*!40000 ALTER TABLE `0_widgets_template` ENABLE KEYS */;
UNLOCK TABLES;

--
-- Table structure for table `0_wo_costing`
--

DROP TABLE IF EXISTS `0_wo_costing`;
/*!40101 SET @saved_cs_client     = @@character_set_client */;
/*!40101 SET character_set_client = utf8 */;
CREATE TABLE `0_wo_costing` (
  `id` int(11) NOT NULL AUTO_INCREMENT,
  `workorder_id` int(11) NOT NULL DEFAULT '0',
  `cost_type` tinyint(1) NOT NULL DEFAULT '0',
  `trans_type` int(11) NOT NULL DEFAULT '0',
  `trans_no` int(11) NOT NULL DEFAULT '0',
  `factor` double NOT NULL DEFAULT '1',
  PRIMARY KEY (`id`)
) ENGINE=InnoDB DEFAULT CHARSET=utf8 COLLATE=utf8_unicode_ci;
/*!40101 SET character_set_client = @saved_cs_client */;

--
-- Dumping data for table `0_wo_costing`
--

LOCK TABLES `0_wo_costing` WRITE;
/*!40000 ALTER TABLE `0_wo_costing` DISABLE KEYS */;
/*!40000 ALTER TABLE `0_wo_costing` ENABLE KEYS */;
UNLOCK TABLES;

--
-- Table structure for table `0_wo_issue_items`
--

DROP TABLE IF EXISTS `0_wo_issue_items`;
/*!40101 SET @saved_cs_client     = @@character_set_client */;
/*!40101 SET character_set_client = utf8 */;
CREATE TABLE `0_wo_issue_items` (
  `id` int(11) NOT NULL AUTO_INCREMENT,
  `stock_id` varchar(40) COLLATE utf8_unicode_ci DEFAULT NULL,
  `issue_id` int(11) DEFAULT NULL,
  `qty_issued` double DEFAULT NULL,
  `unit_cost` double NOT NULL DEFAULT '0',
  PRIMARY KEY (`id`)
) ENGINE=InnoDB DEFAULT CHARSET=utf8 COLLATE=utf8_unicode_ci;
/*!40101 SET character_set_client = @saved_cs_client */;

--
-- Dumping data for table `0_wo_issue_items`
--

LOCK TABLES `0_wo_issue_items` WRITE;
/*!40000 ALTER TABLE `0_wo_issue_items` DISABLE KEYS */;
/*!40000 ALTER TABLE `0_wo_issue_items` ENABLE KEYS */;
UNLOCK TABLES;

--
-- Table structure for table `0_wo_issues`
--

DROP TABLE IF EXISTS `0_wo_issues`;
/*!40101 SET @saved_cs_client     = @@character_set_client */;
/*!40101 SET character_set_client = utf8 */;
CREATE TABLE `0_wo_issues` (
  `issue_no` int(11) NOT NULL AUTO_INCREMENT,
  `workorder_id` int(11) NOT NULL DEFAULT '0',
  `reference` varchar(100) COLLATE utf8_unicode_ci DEFAULT NULL,
  `issue_date` date DEFAULT NULL,
  `loc_code` varchar(5) COLLATE utf8_unicode_ci DEFAULT NULL,
  `workcentre_id` int(11) DEFAULT NULL,
  PRIMARY KEY (`issue_no`),
  KEY `workorder_id` (`workorder_id`)
) ENGINE=InnoDB DEFAULT CHARSET=utf8 COLLATE=utf8_unicode_ci;
/*!40101 SET character_set_client = @saved_cs_client */;

--
-- Dumping data for table `0_wo_issues`
--

LOCK TABLES `0_wo_issues` WRITE;
/*!40000 ALTER TABLE `0_wo_issues` DISABLE KEYS */;
/*!40000 ALTER TABLE `0_wo_issues` ENABLE KEYS */;
UNLOCK TABLES;

--
-- Table structure for table `0_wo_manufacture`
--

DROP TABLE IF EXISTS `0_wo_manufacture`;
/*!40101 SET @saved_cs_client     = @@character_set_client */;
/*!40101 SET character_set_client = utf8 */;
CREATE TABLE `0_wo_manufacture` (
  `id` int(11) NOT NULL AUTO_INCREMENT,
  `reference` varchar(100) COLLATE utf8_unicode_ci DEFAULT NULL,
  `workorder_id` int(11) NOT NULL DEFAULT '0',
  `quantity` double NOT NULL DEFAULT '0',
  `date_` date NOT NULL DEFAULT '0000-00-00',
  PRIMARY KEY (`id`),
  KEY `workorder_id` (`workorder_id`)
) ENGINE=InnoDB DEFAULT CHARSET=utf8 COLLATE=utf8_unicode_ci;
/*!40101 SET character_set_client = @saved_cs_client */;

--
-- Dumping data for table `0_wo_manufacture`
--

LOCK TABLES `0_wo_manufacture` WRITE;
/*!40000 ALTER TABLE `0_wo_manufacture` DISABLE KEYS */;
/*!40000 ALTER TABLE `0_wo_manufacture` ENABLE KEYS */;
UNLOCK TABLES;

--
-- Table structure for table `0_wo_requirements`
--

DROP TABLE IF EXISTS `0_wo_requirements`;
/*!40101 SET @saved_cs_client     = @@character_set_client */;
/*!40101 SET character_set_client = utf8 */;
CREATE TABLE `0_wo_requirements` (
  `id` int(11) NOT NULL AUTO_INCREMENT,
  `workorder_id` int(11) NOT NULL DEFAULT '0',
  `stock_id` char(20) COLLATE utf8_unicode_ci NOT NULL DEFAULT '',
  `workcentre` int(11) NOT NULL DEFAULT '0',
  `units_req` double NOT NULL DEFAULT '1',
  `unit_cost` double NOT NULL DEFAULT '0',
  `loc_code` char(5) COLLATE utf8_unicode_ci NOT NULL DEFAULT '',
  `units_issued` double NOT NULL DEFAULT '0',
  PRIMARY KEY (`id`),
  KEY `workorder_id` (`workorder_id`)
) ENGINE=InnoDB DEFAULT CHARSET=utf8 COLLATE=utf8_unicode_ci;
/*!40101 SET character_set_client = @saved_cs_client */;

--
-- Dumping data for table `0_wo_requirements`
--

LOCK TABLES `0_wo_requirements` WRITE;
/*!40000 ALTER TABLE `0_wo_requirements` DISABLE KEYS */;
/*!40000 ALTER TABLE `0_wo_requirements` ENABLE KEYS */;
UNLOCK TABLES;

--
-- Table structure for table `0_workcentres`
--

DROP TABLE IF EXISTS `0_workcentres`;
/*!40101 SET @saved_cs_client     = @@character_set_client */;
/*!40101 SET character_set_client = utf8 */;
CREATE TABLE `0_workcentres` (
  `id` int(11) NOT NULL AUTO_INCREMENT,
  `name` char(40) COLLATE utf8_unicode_ci NOT NULL DEFAULT '',
  `description` char(50) COLLATE utf8_unicode_ci NOT NULL DEFAULT '',
  `inactive` tinyint(1) NOT NULL DEFAULT '0',
  PRIMARY KEY (`id`),
  UNIQUE KEY `name` (`name`)
) ENGINE=InnoDB DEFAULT CHARSET=utf8 COLLATE=utf8_unicode_ci;
/*!40101 SET character_set_client = @saved_cs_client */;

--
-- Dumping data for table `0_workcentres`
--

LOCK TABLES `0_workcentres` WRITE;
/*!40000 ALTER TABLE `0_workcentres` DISABLE KEYS */;
INSERT INTO `0_workcentres` VALUES (1,'Work Centre','',0);
/*!40000 ALTER TABLE `0_workcentres` ENABLE KEYS */;
UNLOCK TABLES;

--
-- Table structure for table `0_workorders`
--

DROP TABLE IF EXISTS `0_workorders`;
/*!40101 SET @saved_cs_client     = @@character_set_client */;
/*!40101 SET character_set_client = utf8 */;
CREATE TABLE `0_workorders` (
  `id` int(11) NOT NULL AUTO_INCREMENT,
  `wo_ref` varchar(60) COLLATE utf8_unicode_ci NOT NULL DEFAULT '',
  `loc_code` varchar(5) COLLATE utf8_unicode_ci NOT NULL DEFAULT '',
  `units_reqd` double NOT NULL DEFAULT '1',
  `stock_id` varchar(20) COLLATE utf8_unicode_ci NOT NULL DEFAULT '',
  `date_` date NOT NULL DEFAULT '0000-00-00',
  `type` tinyint(4) NOT NULL DEFAULT '0',
  `required_by` date NOT NULL DEFAULT '0000-00-00',
  `released_date` date NOT NULL DEFAULT '0000-00-00',
  `units_issued` double NOT NULL DEFAULT '0',
  `closed` tinyint(1) NOT NULL DEFAULT '0',
  `released` tinyint(1) NOT NULL DEFAULT '0',
  `additional_costs` double NOT NULL DEFAULT '0',
  PRIMARY KEY (`id`),
  UNIQUE KEY `wo_ref` (`wo_ref`)
) ENGINE=InnoDB DEFAULT CHARSET=utf8 COLLATE=utf8_unicode_ci;
/*!40101 SET character_set_client = @saved_cs_client */;

--
-- Dumping data for table `0_workorders`
--

LOCK TABLES `0_workorders` WRITE;
/*!40000 ALTER TABLE `0_workorders` DISABLE KEYS */;
/*!40000 ALTER TABLE `0_workorders` ENABLE KEYS */;
UNLOCK TABLES;

--
-- Table structure for table `0_wth_tax_types`
--

DROP TABLE IF EXISTS `0_wth_tax_types`;
/*!40101 SET @saved_cs_client     = @@character_set_client */;
/*!40101 SET character_set_client = utf8 */;
CREATE TABLE `0_wth_tax_types` (
  `id` smallint(6) unsigned NOT NULL AUTO_INCREMENT,
  `description` varchar(60) COLLATE utf8_unicode_ci NOT NULL DEFAULT '',
  `tax_percent` double NOT NULL DEFAULT '0',
  `code` varchar(15) COLLATE utf8_unicode_ci NOT NULL,
  `co_account` varchar(15) COLLATE utf8_unicode_ci NOT NULL,
  `level_id` int(11) NOT NULL DEFAULT '0',
  `wth_tax_category` int(11) NOT NULL,
  `co_account_supplier` varchar(50) COLLATE utf8_unicode_ci DEFAULT NULL,
  PRIMARY KEY (`id`),
  UNIQUE KEY `description` (`description`,`level_id`)
) ENGINE=MyISAM AUTO_INCREMENT=18 DEFAULT CHARSET=utf8 COLLATE=utf8_unicode_ci;
/*!40101 SET character_set_client = @saved_cs_client */;

--
-- Dumping data for table `0_wth_tax_types`
--

LOCK TABLES `0_wth_tax_types` WRITE;
/*!40000 ALTER TABLE `0_wth_tax_types` DISABLE KEYS */;
INSERT INTO `0_wth_tax_types` VALUES (1,'WHT Service',0,'wht_service','1208',0,0,NULL),(2,'WHT Supply of goods',0,'wht_supply','1210',0,0,NULL),(3,'WHT SRB Sales Tax',0,'wht_srb','1209',0,0,NULL),(4,'WHT Sales Tax FBR',0,'wht_fbr','1207',0,0,NULL),(6,'Filer Company',4,'','1210',2,3,NULL),(7,'Nonfiler Company',6,'','1210',2,1,NULL),(8,'Filer Other',4.5,'','1210',2,1,NULL),(9,'Nonfile Other',6.5,'','1210',2,1,NULL),(10,'Filer Company',8,'','1208',1,2,NULL),(11,'Nonfiler Company',12,'','1208',1,2,NULL),(12,'Filer Other',10,'','1208',1,2,NULL),(13,'Nonfiler Other',15,'','1208',1,2,NULL),(14,'SRB 1',14,'','1209',3,4,NULL),(15,'SRB 2',20,'','1209',3,4,NULL),(16,'FBR 1',1,'','1206',4,3,NULL),(17,'FBR 2',20,'','1206',4,3,NULL);
/*!40000 ALTER TABLE `0_wth_tax_types` ENABLE KEYS */;
UNLOCK TABLES;
/*!40103 SET TIME_ZONE=@OLD_TIME_ZONE */;

/*!40101 SET SQL_MODE=@OLD_SQL_MODE */;
/*!40014 SET FOREIGN_KEY_CHECKS=@OLD_FOREIGN_KEY_CHECKS */;
/*!40014 SET UNIQUE_CHECKS=@OLD_UNIQUE_CHECKS */;
/*!40101 SET CHARACTER_SET_CLIENT=@OLD_CHARACTER_SET_CLIENT */;
/*!40101 SET CHARACTER_SET_RESULTS=@OLD_CHARACTER_SET_RESULTS */;
/*!40101 SET COLLATION_CONNECTION=@OLD_COLLATION_CONNECTION */;
/*!40111 SET SQL_NOTES=@OLD_SQL_NOTES */;

-- Dump completed on 2017-10-13  8:30:41
